sample,datetime,wtemp_a_1,wtrhgt__2,wtrhgt__3
1,4/25/22 12:09,0.1,-56,-56
2,4/25/22 12:19,0.5,41,10
3,4/25/22 12:29,1.1,40,40
4,4/25/22 12:39,1.1,42,40
5,4/25/22 12:49,0.8,13,24
6,4/25/22 12:59,1,13,13
7,4/25/22 13:09,1,11,11
8,4/25/22 13:19,1,13,13
9,4/25/22 13:29,0.9,9,10
10,4/25/22 13:39,0.9,8,8
11,4/25/22 13:49,1,9,8
12,4/25/22 13:59,1,7,8
13,4/25/22 14:09,1,8,8
14,4/25/22 14:19,1,8,8
15,4/25/22 14:29,1,8,8
16,4/25/22 14:39,1,9,9
17,4/25/22 14:49,1,9,9
18,4/25/22 14:59,1,9,8
19,4/25/22 15:09,1,9,9
20,4/25/22 15:19,1,8,9
21,4/25/22 15:29,1,7,8
22,4/25/22 15:39,1,9,9
23,4/25/22 15:49,1,10,9
24,4/25/22 15:59,1,8,9
25,4/25/22 16:09,1,9,9
26,4/25/22 16:19,1,9,9
27,4/25/22 16:29,1,10,9
28,4/25/22 16:39,1,9,9
29,4/25/22 16:49,1.1,10,10
30,4/25/22 16:59,1.1,10,9
31,4/25/22 17:09,1.1,8,9
32,4/25/22 17:19,1.1,9,8
33,4/25/22 17:29,1.1,10,9
34,4/25/22 17:39,1.1,8,9
35,4/25/22 17:49,1.1,9,9
36,4/25/22 17:59,1.1,8,9
37,4/25/22 18:09,1.1,9,9
38,4/25/22 18:19,1.1,9,9
39,4/25/22 18:29,1,9,9
40,4/25/22 18:39,1,9,9
41,4/25/22 18:49,1,9,9
42,4/25/22 18:59,1,9,9
43,4/25/22 19:09,0.9,9,9
44,4/25/22 19:19,0.9,9,9
45,4/25/22 19:29,0.8,9,9
46,4/25/22 19:39,0.8,9,9
47,4/25/22 19:49,0.8,9,9
48,4/25/22 19:59,0.8,8,9
49,4/25/22 20:09,0.8,9,9
50,4/25/22 20:19,0.8,9,8
51,4/25/22 20:29,0.8,8,8
52,4/25/22 20:39,0.8,9,9
53,4/25/22 20:49,0.7,9,8
54,4/25/22 20:59,0.7,8,8
55,4/25/22 21:09,0.7,8,8
56,4/25/22 21:19,0.7,8,8
57,4/25/22 21:29,0.7,8,8
58,4/25/22 21:39,0.7,8,8
59,4/25/22 21:49,0.7,7,7
60,4/25/22 21:59,0.6,7,7
61,4/25/22 22:09,0.6,7,7
62,4/25/22 22:19,0.6,7,7
63,4/25/22 22:29,0.6,7,7
64,4/25/22 22:39,0.5,6,7
65,4/25/22 22:49,0.5,8,7
66,4/25/22 22:59,0.5,8,8
67,4/25/22 23:09,0.4,8,8
68,4/25/22 23:19,0.4,8,8
69,4/25/22 23:29,0.4,7,7
70,4/25/22 23:39,0.4,7,7
71,4/25/22 23:49,0.4,7,7
72,4/25/22 23:59,0.4,7,7
73,4/26/22 0:09,0.4,7,8
74,4/26/22 0:19,0.5,7,7
75,4/26/22 0:29,0.4,7,7
76,4/26/22 0:39,0.4,7,8
77,4/26/22 0:49,0.4,7,8
78,4/26/22 0:59,0.5,8,8
79,4/26/22 1:09,0.5,9,8
80,4/26/22 1:19,0.5,7,8
81,4/26/22 1:29,0.5,7,8
82,4/26/22 1:39,0.5,8,8
83,4/26/22 1:49,0.5,8,7
84,4/26/22 1:59,0.5,8,7
85,4/26/22 2:09,0.5,8,7
86,4/26/22 2:19,0.5,7,7
87,4/26/22 2:29,0.4,8,7
88,4/26/22 2:39,0.4,8,8
89,4/26/22 2:49,0.4,8,8
90,4/26/22 2:59,0.4,8,7
91,4/26/22 3:09,0.4,8,7
92,4/26/22 3:19,0.4,7,7
93,4/26/22 3:29,0.4,7,7
94,4/26/22 3:39,0.4,8,7
95,4/26/22 3:49,0.4,8,7
96,4/26/22 3:59,0.4,7,7
97,4/26/22 4:09,0.4,7,7
98,4/26/22 4:19,0.4,8,7
99,4/26/22 4:29,0.4,8,7
100,4/26/22 4:39,0.3,7,7
101,4/26/22 4:49,0.3,8,7
102,4/26/22 4:59,0.2,8,7
103,4/26/22 5:09,0.2,7,7
104,4/26/22 5:19,0.2,7,7
105,4/26/22 5:29,0.2,7,7
106,4/26/22 5:39,0.2,8,7
107,4/26/22 5:49,0.2,8,7
108,4/26/22 5:59,0.2,7,7
109,4/26/22 6:09,0.3,7,7
110,4/26/22 6:19,0.3,8,7
111,4/26/22 6:29,0.3,7,7
112,4/26/22 6:39,0.3,7,7
113,4/26/22 6:49,0.3,7,7
114,4/26/22 6:59,0.3,8,7
115,4/26/22 7:09,0.3,8,7
116,4/26/22 7:19,0.4,7,7
117,4/26/22 7:29,0.4,7,7
118,4/26/22 7:39,0.4,7,7
119,4/26/22 7:49,0.3,8,7
120,4/26/22 7:59,0.4,7,7
121,4/26/22 8:09,0.4,7,7
122,4/26/22 8:19,0.5,6,7
123,4/26/22 8:29,0.5,7,7
124,4/26/22 8:39,0.6,8,7
125,4/26/22 8:49,0.6,7,7
126,4/26/22 8:59,0.7,8,8
127,4/26/22 9:09,0.8,7,7
128,4/26/22 9:19,0.8,7,7
129,4/26/22 9:29,0.9,6,7
130,4/26/22 9:39,0.9,7,7
131,4/26/22 9:49,0.9,6,7
132,4/26/22 9:59,1,5,6
133,4/26/22 10:09,1,7,6
134,4/26/22 10:19,1,6,6
135,4/26/22 10:29,1,5,6
136,4/26/22 10:39,1,5,5
137,4/26/22 10:49,1,6,5
138,4/26/22 10:59,1,6,5
139,4/26/22 11:09,1,5,5
140,4/26/22 11:19,1,4,5
141,4/26/22 11:29,1,4,5
142,4/26/22 11:39,1.1,4,5
143,4/26/22 11:49,1.1,5,5
144,4/26/22 11:59,1.1,5,5
145,4/26/22 12:09,1.1,4,5
146,4/26/22 12:19,1.1,5,5
147,4/26/22 12:29,1.1,3,4
148,4/26/22 12:39,1.1,4,4
149,4/26/22 12:49,1.2,4,4
150,4/26/22 12:59,1.2,5,5
151,4/26/22 13:09,1.2,5,5
152,4/26/22 13:19,1.2,5,5
153,4/26/22 13:29,1.2,5,5
154,4/26/22 13:39,1.2,5,5
155,4/26/22 13:49,1.2,5,5
156,4/26/22 13:59,1.2,5,5
157,4/26/22 14:09,1.2,5,5
158,4/26/22 14:19,1.2,6,5
159,4/26/22 14:29,1.2,5,5
160,4/26/22 14:39,1.3,6,6
161,4/26/22 14:49,1.3,6,6
162,4/26/22 14:59,1.4,6,6
163,4/26/22 15:09,1.3,5,6
164,4/26/22 15:19,1.3,6,6
165,4/26/22 15:29,1.3,6,6
166,4/26/22 15:39,1.3,6,7
167,4/26/22 15:49,1.3,7,7
168,4/26/22 15:59,1.3,7,7
169,4/26/22 16:09,1.3,6,7
170,4/26/22 16:19,1.3,7,7
171,4/26/22 16:29,1.3,7,7
172,4/26/22 16:39,1.3,7,7
173,4/26/22 16:49,1.3,7,7
174,4/26/22 16:59,1.3,7,7
175,4/26/22 17:09,1.3,7,7
176,4/26/22 17:19,1.3,7,7
177,4/26/22 17:29,1.3,7,7
178,4/26/22 17:39,1.3,7,7
179,4/26/22 17:49,1.3,7,7
180,4/26/22 17:59,1.3,7,7
181,4/26/22 18:09,1.3,7,7
182,4/26/22 18:19,1.3,6,7
183,4/26/22 18:29,1.3,7,7
184,4/26/22 18:39,1.3,7,7
185,4/26/22 18:49,1.3,7,7
186,4/26/22 18:59,1.3,7,7
187,4/26/22 19:09,1.3,7,7
188,4/26/22 19:19,1.3,7,7
189,4/26/22 19:29,1.3,7,7
190,4/26/22 19:39,1.3,7,7
191,4/26/22 19:49,1.3,6,7
192,4/26/22 19:59,1.3,5,7
193,4/26/22 20:09,1.2,6,6
194,4/26/22 20:19,1.2,7,7
195,4/26/22 20:29,1.2,6,6
196,4/26/22 20:39,1.2,6,6
197,4/26/22 20:49,1.2,6,6
198,4/26/22 20:59,1.2,6,6
199,4/26/22 21:09,1.2,7,6
200,4/26/22 21:19,1.2,6,6
201,4/26/22 21:29,1.1,6,6
202,4/26/22 21:39,1.1,6,6
203,4/26/22 21:49,1.1,6,6
204,4/26/22 21:59,1.1,6,6
205,4/26/22 22:09,1.1,6,6
206,4/26/22 22:19,1.1,7,6
207,4/26/22 22:29,1.1,6,6
208,4/26/22 22:39,1.1,6,6
209,4/26/22 22:49,1.1,6,6
210,4/26/22 22:59,1.1,5,6
211,4/26/22 23:09,1.1,5,6
212,4/26/22 23:19,1.1,6,6
213,4/26/22 23:29,1.1,6,6
214,4/26/22 23:39,1.1,5,5
215,4/26/22 23:49,1.1,6,5
216,4/26/22 23:59,1.1,5,5
217,4/27/22 0:09,1.1,5,5
218,4/27/22 0:19,1.1,6,5
219,4/27/22 0:29,1.1,5,5
220,4/27/22 0:39,1.1,6,5
221,4/27/22 0:49,1.1,6,5
222,4/27/22 0:59,1.1,6,5
223,4/27/22 1:09,1.1,6,5
224,4/27/22 1:19,1.1,6,5
225,4/27/22 1:29,1.1,5,5
226,4/27/22 1:39,1.1,5,5
227,4/27/22 1:49,1.1,5,5
228,4/27/22 1:59,1.1,6,5
229,4/27/22 2:09,1.1,6,5
230,4/27/22 2:19,1.1,5,5
231,4/27/22 2:29,1.1,5,5
232,4/27/22 2:39,1.1,6,5
233,4/27/22 2:49,1.1,5,5
234,4/27/22 2:59,1,5,5
235,4/27/22 3:09,1,5,5
236,4/27/22 3:19,1,5,5
237,4/27/22 3:29,1,5,5
238,4/27/22 3:39,1,5,5
239,4/27/22 3:49,1,5,5
240,4/27/22 3:59,0.9,5,5
241,4/27/22 4:09,1,4,5
242,4/27/22 4:19,0.9,5,5
243,4/27/22 4:29,0.9,5,5
244,4/27/22 4:39,0.9,5,5
245,4/27/22 4:49,0.9,4,5
246,4/27/22 4:59,0.9,4,5
247,4/27/22 5:09,0.9,5,5
248,4/27/22 5:19,0.9,4,4
249,4/27/22 5:29,0.9,5,5
250,4/27/22 5:39,0.9,5,5
251,4/27/22 5:49,0.9,5,5
252,4/27/22 5:59,0.9,4,5
253,4/27/22 6:09,0.9,4,4
254,4/27/22 6:19,0.9,4,5
255,4/27/22 6:29,0.9,4,4
256,4/27/22 6:39,0.9,4,4
257,4/27/22 6:49,0.9,4,5
258,4/27/22 6:59,0.9,4,4
259,4/27/22 7:09,0.9,4,4
260,4/27/22 7:19,0.9,5,4
261,4/27/22 7:29,0.9,5,5
262,4/27/22 7:39,1,4,4
263,4/27/22 7:49,1,4,4
264,4/27/22 7:59,1,4,4
265,4/27/22 8:09,1,5,4
266,4/27/22 8:19,1,4,4
267,4/27/22 8:29,1.1,4,4
268,4/27/22 8:39,1.1,5,4
269,4/27/22 8:49,1.1,4,4
270,4/27/22 8:59,1.2,5,4
271,4/27/22 9:09,1.2,4,4
272,4/27/22 9:19,1.2,4,4
273,4/27/22 9:29,1.2,4,4
274,4/27/22 9:39,1.2,5,4
275,4/27/22 9:49,1.3,4,4
276,4/27/22 9:59,1.3,4,4
277,4/27/22 10:09,1.3,3,3
278,4/27/22 10:19,1.3,3,3
279,4/27/22 10:29,1.4,4,4
280,4/27/22 10:39,1.4,4,4
281,4/27/22 10:49,1.5,3,3
282,4/27/22 10:59,1.6,4,3
283,4/27/22 11:09,1.6,3,3
284,4/27/22 11:19,1.5,4,4
285,4/27/22 11:29,1.5,2,4
286,4/27/22 11:39,1.5,3,4
287,4/27/22 11:49,1.5,4,3
288,4/27/22 11:59,1.5,4,3
289,4/27/22 12:09,1.5,4,4
290,4/27/22 12:19,1.5,4,4
291,4/27/22 12:29,1.5,3,4
292,4/27/22 12:39,1.5,3,4
293,4/27/22 12:49,1.5,4,4
294,4/27/22 12:59,1.5,3,3
295,4/27/22 13:09,1.5,4,3
296,4/27/22 13:19,1.5,4,4
297,4/27/22 13:29,1.5,4,3
298,4/27/22 13:39,1.4,4,4
299,4/27/22 13:49,1.5,3,3
300,4/27/22 13:59,1.5,5,4
301,4/27/22 14:09,1.5,2,3
302,4/27/22 14:19,1.5,3,3
303,4/27/22 14:29,1.5,3,3
304,4/27/22 14:39,1.5,4,4
305,4/27/22 14:49,1.5,4,4
306,4/27/22 14:59,1.5,4,4
307,4/27/22 15:09,1.5,4,4
308,4/27/22 15:19,1.5,4,4
309,4/27/22 15:29,1.5,3,3
310,4/27/22 15:39,1.5,3,4
311,4/27/22 15:49,1.5,3,3
312,4/27/22 15:59,1.5,3,3
313,4/27/22 16:09,1.5,4,4
314,4/27/22 16:19,1.5,3,3
315,4/27/22 16:29,1.5,4,4
316,4/27/22 16:39,1.5,4,4
317,4/27/22 16:49,1.5,3,3
318,4/27/22 16:59,1.5,3,3
319,4/27/22 17:09,1.4,4,3
320,4/27/22 17:19,1.5,4,4
321,4/27/22 17:29,1.5,4,4
322,4/27/22 17:39,1.4,4,4
323,4/27/22 17:49,1.4,4,4
324,4/27/22 17:59,1.4,4,4
325,4/27/22 18:09,1.4,4,4
326,4/27/22 18:19,1.3,5,4
327,4/27/22 18:29,1.3,5,4
328,4/27/22 18:39,1.3,5,4
329,4/27/22 18:49,1.3,5,4
330,4/27/22 18:59,1.3,5,4
331,4/27/22 19:09,1.3,4,4
332,4/27/22 19:19,1.3,4,4
333,4/27/22 19:29,1.3,3,4
334,4/27/22 19:39,1.3,4,4
335,4/27/22 19:49,1.3,4,4
336,4/27/22 19:59,1.3,4,4
337,4/27/22 20:09,1.3,4,4
338,4/27/22 20:19,1.3,3,4
339,4/27/22 20:29,1.3,5,4
340,4/27/22 20:39,1.3,4,4
341,4/27/22 20:49,1.3,4,4
342,4/27/22 20:59,1.3,3,4
343,4/27/22 21:09,1.3,4,4
344,4/27/22 21:19,1.3,4,4
345,4/27/22 21:29,1.3,4,4
346,4/27/22 21:39,1.3,4,4
347,4/27/22 21:49,1.3,4,4
348,4/27/22 21:59,1.3,3,4
349,4/27/22 22:09,1.3,4,4
350,4/27/22 22:19,1.2,4,4
351,4/27/22 22:29,1.2,4,4
352,4/27/22 22:39,1.2,4,4
353,4/27/22 22:49,1.2,5,4
354,4/27/22 22:59,1.2,4,4
355,4/27/22 23:09,1.2,4,4
356,4/27/22 23:19,1.2,5,4
357,4/27/22 23:29,1.2,4,4
358,4/27/22 23:39,1.2,4,4
359,4/27/22 23:49,1.2,5,4
360,4/27/22 23:59,1.2,5,4
361,4/28/22 0:09,1.2,5,4
362,4/28/22 0:19,1.2,5,4
363,4/28/22 0:29,1.1,4,4
364,4/28/22 0:39,1.1,4,4
365,4/28/22 0:49,1.1,4,4
366,4/28/22 0:59,1.1,3,4
367,4/28/22 1:09,1.1,3,4
368,4/28/22 1:19,1.1,3,4
369,4/28/22 1:29,1.1,3,4
370,4/28/22 1:39,1.1,4,4
371,4/28/22 1:49,1.1,2,4
372,4/28/22 1:59,1.1,4,4
373,4/28/22 2:09,1.1,4,3
374,4/28/22 2:19,1.1,3,4
375,4/28/22 2:29,1.1,4,4
376,4/28/22 2:39,1.1,3,4
377,4/28/22 2:49,1.1,3,4
378,4/28/22 2:59,1.1,4,4
379,4/28/22 3:09,1.1,4,4
380,4/28/22 3:19,1.1,4,3
381,4/28/22 3:29,1.1,3,3
382,4/28/22 3:39,1.1,3,4
383,4/28/22 3:49,1.1,4,3
384,4/28/22 3:59,1.1,3,3
385,4/28/22 4:09,1.1,4,3
386,4/28/22 4:19,1.1,4,3
387,4/28/22 4:29,1.1,3,3
388,4/28/22 4:39,1.1,3,3
389,4/28/22 4:49,1.1,3,3
390,4/28/22 4:59,1.1,3,3
391,4/28/22 5:09,1.1,4,3
392,4/28/22 5:19,1.1,3,3
393,4/28/22 5:29,1.1,4,3
394,4/28/22 5:39,1,3,3
395,4/28/22 5:49,1,3,3
396,4/28/22 5:59,1,2,3
397,4/28/22 6:09,1,3,3
398,4/28/22 6:19,1,3,3
399,4/28/22 6:29,1,3,3
400,4/28/22 6:39,1,2,3
401,4/28/22 6:49,1,3,3
402,4/28/22 6:59,1,3,3
403,4/28/22 7:09,1,3,3
404,4/28/22 7:19,1,2,3
405,4/28/22 7:29,1,3,3
406,4/28/22 7:39,0.9,3,3
407,4/28/22 7:49,0.9,3,3
408,4/28/22 7:59,1,4,3
409,4/28/22 8:09,1,4,3
410,4/28/22 8:19,1,2,3
411,4/28/22 8:29,1.1,3,3
412,4/28/22 8:39,1.1,3,3
413,4/28/22 8:49,1.2,4,3
414,4/28/22 8:59,1.2,3,3
415,4/28/22 9:09,1.2,4,3
416,4/28/22 9:19,1.2,2,3
417,4/28/22 9:29,1.2,3,3
418,4/28/22 9:39,1.3,2,2
419,4/28/22 9:49,1.3,3,2
420,4/28/22 9:59,1.3,2,2
421,4/28/22 10:09,1.4,2,2
422,4/28/22 10:19,1.6,2,2
423,4/28/22 10:29,1.6,3,2
424,4/28/22 10:39,1.7,2,2
425,4/28/22 10:49,1.7,2,2
426,4/28/22 10:59,1.7,1,2
427,4/28/22 11:09,1.7,1,2
428,4/28/22 11:19,1.7,2,2
429,4/28/22 11:29,1.7,2,2
430,4/28/22 11:39,1.7,2,2
431,4/28/22 11:49,1.7,2,2
432,4/28/22 11:59,1.7,2,2
433,4/28/22 12:09,1.7,3,2
434,4/28/22 12:19,1.7,2,2
435,4/28/22 12:29,1.7,2,2
436,4/28/22 12:39,1.7,2,2
437,4/28/22 12:49,1.7,2,2
438,4/28/22 12:59,1.7,3,2
439,4/28/22 13:09,1.7,2,2
440,4/28/22 13:19,1.6,3,2
441,4/28/22 13:29,1.6,2,2
442,4/28/22 13:39,1.6,2,2
443,4/28/22 13:49,1.6,3,3
444,4/28/22 13:59,1.5,3,3
445,4/28/22 14:09,1.5,3,2
446,4/28/22 14:19,1.5,3,3
447,4/28/22 14:29,1.5,4,3
448,4/28/22 14:39,1.5,2,2
449,4/28/22 14:49,1.5,2,3
450,4/28/22 14:59,1.5,2,3
451,4/28/22 15:09,1.5,2,3
452,4/28/22 15:19,1.5,3,3
453,4/28/22 15:29,1.5,4,3
454,4/28/22 15:39,1.5,4,3
455,4/28/22 15:49,1.5,3,4
456,4/28/22 15:59,1.5,3,4
457,4/28/22 16:09,1.5,4,4
458,4/28/22 16:19,1.5,4,4
459,4/28/22 16:29,1.5,4,4
460,4/28/22 16:39,1.5,4,4
461,4/28/22 16:49,1.5,3,4
462,4/28/22 16:59,1.5,3,4
463,4/28/22 17:09,1.5,4,4
464,4/28/22 17:19,1.5,4,4
465,4/28/22 17:29,1.5,3,4
466,4/28/22 17:39,1.4,5,4
467,4/28/22 17:49,1.4,4,4
468,4/28/22 17:59,1.4,4,5
469,4/28/22 18:09,1.4,5,4
470,4/28/22 18:19,1.4,4,5
471,4/28/22 18:29,1.4,5,4
472,4/28/22 18:39,1.4,5,5
473,4/28/22 18:49,1.4,4,5
474,4/28/22 18:59,1.4,5,5
475,4/28/22 19:09,1.4,4,5
476,4/28/22 19:19,1.4,5,5
477,4/28/22 19:29,1.4,5,5
478,4/28/22 19:39,1.4,6,5
479,4/28/22 19:49,1.4,5,5
480,4/28/22 19:59,1.4,5,5
481,4/28/22 20:09,1.4,5,5
482,4/28/22 20:19,1.4,5,5
483,4/28/22 20:29,1.3,5,5
484,4/28/22 20:39,1.3,5,5
485,4/28/22 20:49,1.3,5,5
486,4/28/22 20:59,1.3,5,5
487,4/28/22 21:09,1.3,5,5
488,4/28/22 21:19,1.3,5,5
489,4/28/22 21:29,1.3,5,5
490,4/28/22 21:39,1.3,5,5
491,4/28/22 21:49,1.3,4,4
492,4/28/22 21:59,1.3,5,5
493,4/28/22 22:09,1.3,5,5
494,4/28/22 22:19,1.3,4,5
495,4/28/22 22:29,1.3,5,5
496,4/28/22 22:39,1.3,4,4
497,4/28/22 22:49,1.3,5,5
498,4/28/22 22:59,1.3,5,5
499,4/28/22 23:09,1.3,4,5
500,4/28/22 23:19,1.2,4,4
501,4/28/22 23:29,1.2,4,4
502,4/28/22 23:39,1.2,5,4
503,4/28/22 23:49,1.2,5,4
504,4/28/22 23:59,1.2,5,4
505,4/29/22 0:09,1.2,4,4
506,4/29/22 0:19,1.2,4,4
507,4/29/22 0:29,1.1,4,4
508,4/29/22 0:39,1.1,5,4
509,4/29/22 0:49,1.2,4,4
510,4/29/22 0:59,1.2,5,4
511,4/29/22 1:09,1.2,4,4
512,4/29/22 1:19,1.2,4,4
513,4/29/22 1:29,1.2,4,4
514,4/29/22 1:39,1.1,4,4
515,4/29/22 1:49,1.1,4,4
516,4/29/22 1:59,1.1,4,4
517,4/29/22 2:09,1.1,4,4
518,4/29/22 2:19,1.1,3,4
519,4/29/22 2:29,1.1,4,4
520,4/29/22 2:39,1.1,4,4
521,4/29/22 2:49,1.1,4,4
522,4/29/22 2:59,1.1,4,4
523,4/29/22 3:09,1.1,4,4
524,4/29/22 3:19,1.1,3,4
525,4/29/22 3:29,1.1,4,4
526,4/29/22 3:39,1.1,4,4
527,4/29/22 3:49,1.1,3,4
528,4/29/22 3:59,1.1,4,4
529,4/29/22 4:09,1.1,4,4
530,4/29/22 4:19,1.1,3,4
531,4/29/22 4:29,1.2,4,4
532,4/29/22 4:39,1.1,4,4
533,4/29/22 4:49,1.1,4,3
534,4/29/22 4:59,1.1,4,4
535,4/29/22 5:09,1.1,4,4
536,4/29/22 5:19,1.1,4,4
537,4/29/22 5:29,1.1,3,4
538,4/29/22 5:39,1.1,3,3
539,4/29/22 5:49,1.1,3,3
540,4/29/22 5:59,1.1,3,3
541,4/29/22 6:09,1,4,3
542,4/29/22 6:19,1,2,3
543,4/29/22 6:29,1,4,3
544,4/29/22 6:39,1,3,3
545,4/29/22 6:49,1,3,3
546,4/29/22 6:59,1,4,3
547,4/29/22 7:09,1,3,3
548,4/29/22 7:19,1,3,3
549,4/29/22 7:29,1,3,3
550,4/29/22 7:39,1.1,3,3
551,4/29/22 7:49,1.1,3,3
552,4/29/22 7:59,1.1,3,3
553,4/29/22 8:09,1.1,2,3
554,4/29/22 8:19,1.1,3,3
555,4/29/22 8:29,1.1,3,3
556,4/29/22 8:39,1.1,2,3
557,4/29/22 8:49,1.2,3,3
558,4/29/22 8:59,1.2,3,3
559,4/29/22 9:09,1.2,3,3
560,4/29/22 9:19,1.2,2,3
561,4/29/22 9:29,1.2,3,3
562,4/29/22 9:39,1.2,3,3
563,4/29/22 9:49,1.2,2,3
564,4/29/22 9:59,1.2,2,3
565,4/29/22 10:09,1.1,3,3
566,4/29/22 10:19,1.1,3,3
567,4/29/22 10:29,1.1,3,3
568,4/29/22 10:39,1,3,3
569,4/29/22 10:49,1,3,3
570,4/29/22 10:59,0.9,2,3
571,4/29/22 11:09,0.9,2,3
572,4/29/22 11:19,0.9,3,2
573,4/29/22 11:29,0.8,1,2
574,4/29/22 11:39,0.8,3,2
575,4/29/22 11:49,0.7,2,2
576,4/29/22 11:59,0.6,2,2
577,4/29/22 12:09,0.6,3,3
578,4/29/22 12:19,0.6,3,2
579,4/29/22 12:29,0.7,2,3
580,4/29/22 12:39,0.7,2,2
581,4/29/22 12:49,0.7,3,2
582,4/29/22 12:59,0.7,2,2
583,4/29/22 13:09,0.7,2,2
584,4/29/22 13:19,0.6,2,2
585,4/29/22 13:29,0.7,3,2
586,4/29/22 13:39,0.8,2,2
587,4/29/22 13:49,0.8,3,2
588,4/29/22 13:59,0.9,3,2
589,4/29/22 14:09,0.9,2,2
590,4/29/22 14:19,0.9,2,2
591,4/29/22 14:29,0.9,2,2
592,4/29/22 14:39,0.9,3,2
593,4/29/22 14:49,0.9,2,2
594,4/29/22 14:59,0.8,2,2
595,4/29/22 15:09,0.8,2,2
596,4/29/22 15:19,0.8,2,2
597,4/29/22 15:29,0.8,1,2
598,4/29/22 15:39,0.8,3,2
599,4/29/22 15:49,0.8,3,2
600,4/29/22 15:59,0.8,3,3
601,4/29/22 16:09,0.8,3,2
602,4/29/22 16:19,0.8,2,2
603,4/29/22 16:29,0.8,3,2
604,4/29/22 16:39,0.8,2,2
605,4/29/22 16:49,0.8,2,2
606,4/29/22 16:59,0.8,2,2
607,4/29/22 17:09,0.7,1,2
608,4/29/22 17:19,0.7,2,2
609,4/29/22 17:29,0.7,3,2
610,4/29/22 17:39,0.7,2,2
611,4/29/22 17:49,0.7,2,2
612,4/29/22 17:59,0.7,2,2
613,4/29/22 18:09,0.7,3,2
614,4/29/22 18:19,0.7,2,2
615,4/29/22 18:29,0.7,2,2
616,4/29/22 18:39,0.7,2,2
617,4/29/22 18:49,0.7,2,2
618,4/29/22 18:59,0.7,2,2
619,4/29/22 19:09,0.7,2,2
620,4/29/22 19:19,0.7,2,2
621,4/29/22 19:29,0.7,1,2
622,4/29/22 19:39,0.7,1,2
623,4/29/22 19:49,0.7,3,2
624,4/29/22 19:59,0.7,2,2
625,4/29/22 20:09,0.7,2,2
626,4/29/22 20:19,0.7,1,2
627,4/29/22 20:29,0.7,1,2
628,4/29/22 20:39,0.7,1,2
629,4/29/22 20:49,0.7,2,2
630,4/29/22 20:59,0.7,2,1
631,4/29/22 21:09,0.7,1,2
632,4/29/22 21:19,0.7,2,2
633,4/29/22 21:29,0.7,1,2
634,4/29/22 21:39,0.7,2,1
635,4/29/22 21:49,0.7,2,2
636,4/29/22 21:59,0.7,1,1
637,4/29/22 22:09,0.7,3,2
638,4/29/22 22:19,0.6,1,2
639,4/29/22 22:29,0.6,1,2
640,4/29/22 22:39,0.6,2,2
641,4/29/22 22:49,0.6,2,2
642,4/29/22 22:59,0.6,1,2
643,4/29/22 23:09,0.6,3,2
644,4/29/22 23:19,0.6,3,2
645,4/29/22 23:29,0.6,2,2
646,4/29/22 23:39,0.6,2,2
647,4/29/22 23:49,0.6,2,2
648,4/29/22 23:59,0.6,2,2
649,4/30/22 0:09,0.6,2,2
650,4/30/22 0:19,0.6,2,2
651,4/30/22 0:29,0.6,2,2
652,4/30/22 0:39,0.6,2,2
653,4/30/22 0:49,0.6,2,2
654,4/30/22 0:59,0.6,2,2
655,4/30/22 1:09,0.6,1,1
656,4/30/22 1:19,0.6,2,2
657,4/30/22 1:29,0.6,2,1
658,4/30/22 1:39,0.6,2,1
659,4/30/22 1:49,0.6,2,2
660,4/30/22 1:59,0.6,2,2
661,4/30/22 2:09,0.6,1,2
662,4/30/22 2:19,0.5,1,2
663,4/30/22 2:29,0.5,1,1
664,4/30/22 2:39,0.5,2,2
665,4/30/22 2:49,0.5,2,2
666,4/30/22 2:59,0.5,1,2
667,4/30/22 3:09,0.5,1,2
668,4/30/22 3:19,0.5,2,2
669,4/30/22 3:29,0.5,1,2
670,4/30/22 3:39,0.5,1,1
671,4/30/22 3:49,0.5,2,2
672,4/30/22 3:59,0.5,2,2
673,4/30/22 4:09,0.4,2,2
674,4/30/22 4:19,0.4,2,2
675,4/30/22 4:29,0.4,2,2
676,4/30/22 4:39,0.4,2,2
677,4/30/22 4:49,0.4,1,2
678,4/30/22 4:59,0.4,1,2
679,4/30/22 5:09,0.4,1,2
680,4/30/22 5:19,0.3,1,1
681,4/30/22 5:29,0.3,1,2
682,4/30/22 5:39,0.3,3,2
683,4/30/22 5:49,0.4,2,2
684,4/30/22 5:59,0.4,1,2
685,4/30/22 6:09,0.4,2,1
686,4/30/22 6:19,0.4,2,1
687,4/30/22 6:29,0.4,2,2
688,4/30/22 6:39,0.4,2,1
689,4/30/22 6:49,0.4,2,1
690,4/30/22 6:59,0.4,1,2
691,4/30/22 7:09,0.4,1,2
692,4/30/22 7:19,0.4,1,2
693,4/30/22 7:29,0.4,2,2
694,4/30/22 7:39,0.4,2,2
695,4/30/22 7:49,0.4,1,1
696,4/30/22 7:59,0.4,1,2
697,4/30/22 8:09,0.4,1,2
698,4/30/22 8:19,0.5,1,2
699,4/30/22 8:29,0.5,1,2
700,4/30/22 8:39,0.5,2,2
701,4/30/22 8:49,0.6,1,2
702,4/30/22 8:59,0.6,2,2
703,4/30/22 9:09,0.6,2,2
704,4/30/22 9:19,0.6,1,2
705,4/30/22 9:29,0.7,3,2
706,4/30/22 9:39,0.8,2,2
707,4/30/22 9:49,0.8,0,2
708,4/30/22 9:59,0.8,1,2
709,4/30/22 10:09,0.9,2,2
710,4/30/22 10:19,0.9,2,2
711,4/30/22 10:29,0.9,1,1
712,4/30/22 10:39,1,1,2
713,4/30/22 10:49,1,1,1
714,4/30/22 10:59,1.1,1,2
715,4/30/22 11:09,1.1,2,2
716,4/30/22 11:19,1.1,1,1
717,4/30/22 11:29,1.1,1,2
718,4/30/22 11:39,1.1,2,1
719,4/30/22 11:49,1.1,2,2
720,4/30/22 11:59,1.1,1,1
721,4/30/22 12:09,1.1,1,1
722,4/30/22 12:19,1.2,2,2
723,4/30/22 12:29,1.2,1,1
724,4/30/22 12:39,1.2,0,1
725,4/30/22 12:49,1.2,1,1
726,4/30/22 12:59,1.2,1,1
727,4/30/22 13:09,1.2,1,1
728,4/30/22 13:19,1.2,1,1
729,4/30/22 13:29,1.2,1,1
730,4/30/22 13:39,1.3,2,1
731,4/30/22 13:49,1.3,2,2
732,4/30/22 13:59,1.3,2,2
733,4/30/22 14:09,1.3,2,2
734,4/30/22 14:19,1.3,1,2
735,4/30/22 14:29,1.3,2,2
736,4/30/22 14:39,1.3,2,2
737,4/30/22 14:49,1.3,2,2
738,4/30/22 14:59,1.3,2,2
739,4/30/22 15:09,1.3,2,2
740,4/30/22 15:19,1.3,2,2
741,4/30/22 15:29,1.3,3,2
742,4/30/22 15:39,1.3,3,3
743,4/30/22 15:49,1.3,3,3
744,4/30/22 15:59,1.3,3,3
745,4/30/22 16:09,1.3,2,3
746,4/30/22 16:19,1.3,3,3
747,4/30/22 16:29,1.3,4,3
748,4/30/22 16:39,1.3,4,4
749,4/30/22 16:49,1.3,3,4
750,4/30/22 16:59,1.3,4,4
751,4/30/22 17:09,1.3,3,4
752,4/30/22 17:19,1.2,4,4
753,4/30/22 17:29,1.2,4,4
754,4/30/22 17:39,1.2,4,4
755,4/30/22 17:49,1.2,5,4
756,4/30/22 17:59,1.2,4,4
757,4/30/22 18:09,1.2,3,4
758,4/30/22 18:19,1.2,4,4
759,4/30/22 18:29,1.2,4,4
760,4/30/22 18:39,1.2,4,4
761,4/30/22 18:49,1.2,5,4
762,4/30/22 18:59,1.2,4,4
763,4/30/22 19:09,1.2,5,4
764,4/30/22 19:19,1.2,4,4
765,4/30/22 19:29,1.2,4,4
766,4/30/22 19:39,1.2,4,4
767,4/30/22 19:49,1.2,3,4
768,4/30/22 19:59,1.2,4,4
769,4/30/22 20:09,1.2,5,4
770,4/30/22 20:19,1.2,4,4
771,4/30/22 20:29,1.2,5,4
772,4/30/22 20:39,1.1,4,4
773,4/30/22 20:49,1.1,4,4
774,4/30/22 20:59,1.1,4,4
775,4/30/22 21:09,1.1,5,4
776,4/30/22 21:19,1.1,4,4
777,4/30/22 21:29,1.1,4,4
778,4/30/22 21:39,1,4,4
779,4/30/22 21:49,1,3,4
780,4/30/22 21:59,1,5,4
781,4/30/22 22:09,1,4,4
782,4/30/22 22:19,1.1,4,4
783,4/30/22 22:29,1.1,5,4
784,4/30/22 22:39,1.1,4,4
785,4/30/22 22:49,1.1,4,4
786,4/30/22 22:59,1.1,4,4
787,4/30/22 23:09,1.1,4,4
788,4/30/22 23:19,1.1,4,4
789,4/30/22 23:29,1.1,3,4
790,4/30/22 23:39,1.1,4,4
791,4/30/22 23:49,1.1,3,4
792,4/30/22 23:59,1.1,3,3
793,5/1/22 0:09,1.1,3,4
794,5/1/22 0:19,1.1,3,4
795,5/1/22 0:29,1.1,4,4
796,5/1/22 0:39,1,4,4
797,5/1/22 0:49,1,4,4
798,5/1/22 0:59,1,4,4
799,5/1/22 1:09,1,3,3
800,5/1/22 1:19,1,3,4
801,5/1/22 1:29,1,3,4
802,5/1/22 1:39,1,4,4
803,5/1/22 1:49,1,4,4
804,5/1/22 1:59,1,3,3
805,5/1/22 2:09,1,3,4
806,5/1/22 2:19,0.9,4,4
807,5/1/22 2:29,0.9,3,4
808,5/1/22 2:39,0.9,4,4
809,5/1/22 2:49,0.9,4,4
810,5/1/22 2:59,0.9,3,4
811,5/1/22 3:09,0.9,5,4
812,5/1/22 3:19,0.9,5,4
813,5/1/22 3:29,0.9,4,4
814,5/1/22 3:39,0.9,3,4
815,5/1/22 3:49,0.9,4,3
816,5/1/22 3:59,0.9,3,4
817,5/1/22 4:09,0.9,4,4
818,5/1/22 4:19,0.9,3,4
819,5/1/22 4:29,0.9,4,4
820,5/1/22 4:39,0.9,3,4
821,5/1/22 4:49,0.8,3,4
822,5/1/22 4:59,0.8,3,3
823,5/1/22 5:09,0.8,3,4
824,5/1/22 5:19,0.8,4,4
825,5/1/22 5:29,0.9,3,4
826,5/1/22 5:39,0.9,4,4
827,5/1/22 5:49,0.9,4,4
828,5/1/22 5:59,0.9,4,4
829,5/1/22 6:09,0.9,4,4
830,5/1/22 6:19,0.9,4,4
831,5/1/22 6:29,0.9,4,4
832,5/1/22 6:39,0.9,4,4
833,5/1/22 6:49,0.9,4,4
834,5/1/22 6:59,0.9,3,4
835,5/1/22 7:09,0.9,3,4
836,5/1/22 7:19,0.9,4,4
837,5/1/22 7:29,0.9,3,4
838,5/1/22 7:39,0.9,4,4
839,5/1/22 7:49,0.9,4,4
840,5/1/22 7:59,0.9,3,4
841,5/1/22 8:09,1,4,4
842,5/1/22 8:19,1.1,4,4
843,5/1/22 8:29,1.2,3,4
844,5/1/22 8:39,1.2,4,4
845,5/1/22 8:49,1.2,3,4
846,5/1/22 8:59,1.2,3,3
847,5/1/22 9:09,1.3,4,4
848,5/1/22 9:19,1.3,4,4
849,5/1/22 9:29,1.3,4,4
850,5/1/22 9:39,1.3,4,4
851,5/1/22 9:49,1.3,5,4
852,5/1/22 9:59,1.3,4,3
853,5/1/22 10:09,1.3,4,3
854,5/1/22 10:19,1.4,3,3
855,5/1/22 10:29,1.4,3,3
856,5/1/22 10:39,1.4,3,3
857,5/1/22 10:49,1.5,4,4
858,5/1/22 10:59,1.5,3,3
859,5/1/22 11:09,1.5,4,3
860,5/1/22 11:19,1.5,4,3
861,5/1/22 11:29,1.5,3,3
862,5/1/22 11:39,1.5,4,3
863,5/1/22 11:49,1.5,3,3
864,5/1/22 11:59,1.5,4,3
865,5/1/22 12:09,1.5,3,3
866,5/1/22 12:19,1.5,3,3
867,5/1/22 12:29,1.5,3,4
868,5/1/22 12:39,1.5,3,4
869,5/1/22 12:49,1.4,4,4
870,5/1/22 12:59,1.5,4,4
871,5/1/22 13:09,1.5,4,4
872,5/1/22 13:19,1.5,4,4
873,5/1/22 13:29,1.5,4,4
874,5/1/22 13:39,1.5,4,4
875,5/1/22 13:49,1.5,4,4
876,5/1/22 13:59,1.5,4,4
877,5/1/22 14:09,1.5,4,4
878,5/1/22 14:19,1.4,5,4
879,5/1/22 14:29,1.4,4,4
880,5/1/22 14:39,1.4,4,4
881,5/1/22 14:49,1.4,4,4
882,5/1/22 14:59,1.4,4,4
883,5/1/22 15:09,1.4,5,4
884,5/1/22 15:19,1.4,4,4
885,5/1/22 15:29,1.4,4,5
886,5/1/22 15:39,1.4,5,5
887,5/1/22 15:49,1.4,4,5
888,5/1/22 15:59,1.4,4,4
889,5/1/22 16:09,1.4,5,5
890,5/1/22 16:19,1.4,4,4
891,5/1/22 16:29,1.4,4,5
892,5/1/22 16:39,1.4,4,5
893,5/1/22 16:49,1.4,5,5
894,5/1/22 16:59,1.4,4,5
895,5/1/22 17:09,1.4,5,5
896,5/1/22 17:19,1.3,5,5
897,5/1/22 17:29,1.3,5,4
898,5/1/22 17:39,1.3,5,5
899,5/1/22 17:49,1.3,5,5
900,5/1/22 17:59,1.3,4,5
901,5/1/22 18:09,1.3,4,5
902,5/1/22 18:19,1.3,5,5
903,5/1/22 18:29,1.3,5,5
904,5/1/22 18:39,1.3,5,5
905,5/1/22 18:49,1.3,5,5
906,5/1/22 18:59,1.3,5,5
907,5/1/22 19:09,1.3,5,5
908,5/1/22 19:19,1.3,5,5
909,5/1/22 19:29,1.3,5,5
910,5/1/22 19:39,1.3,5,5
911,5/1/22 19:49,1.3,4,5
912,5/1/22 19:59,1.3,6,5
913,5/1/22 20:09,1.3,5,5
914,5/1/22 20:19,1.3,5,5
915,5/1/22 20:29,1.3,6,5
916,5/1/22 20:39,1.3,6,5
917,5/1/22 20:49,1.3,6,5
918,5/1/22 20:59,1.3,4,5
919,5/1/22 21:09,1.3,6,5
920,5/1/22 21:19,1.3,5,5
921,5/1/22 21:29,1.3,6,5
922,5/1/22 21:39,1.3,6,5
923,5/1/22 21:49,1.3,5,5
924,5/1/22 21:59,1.3,5,5
925,5/1/22 22:09,1.3,6,5
926,5/1/22 22:19,1.3,5,5
927,5/1/22 22:29,1.3,5,5
928,5/1/22 22:39,1.3,5,5
929,5/1/22 22:49,1.3,5,5
930,5/1/22 22:59,1.3,5,5
931,5/1/22 23:09,1.3,6,5
932,5/1/22 23:19,1.3,5,5
933,5/1/22 23:29,1.3,5,5
934,5/1/22 23:39,1.3,5,5
935,5/1/22 23:49,1.3,6,6
936,5/1/22 23:59,1.3,6,5
937,5/2/22 0:09,1.3,5,5
938,5/2/22 0:19,1.3,5,5
939,5/2/22 0:29,1.3,5,5
940,5/2/22 0:39,1.3,6,5
941,5/2/22 0:49,1.3,6,5
942,5/2/22 0:59,1.2,6,5
943,5/2/22 1:09,1.2,6,5
944,5/2/22 1:19,1.2,7,6
945,5/2/22 1:29,1.2,6,6
946,5/2/22 1:39,1.2,5,6
947,5/2/22 1:49,1.2,6,5
948,5/2/22 1:59,1.2,6,6
949,5/2/22 2:09,1.2,6,6
950,5/2/22 2:19,1.2,6,6
951,5/2/22 2:29,1.2,6,6
952,5/2/22 2:39,1.2,6,6
953,5/2/22 2:49,1.2,5,6
954,5/2/22 2:59,1.2,6,6
955,5/2/22 3:09,1.2,6,6
956,5/2/22 3:19,1.2,6,6
957,5/2/22 3:29,1.2,6,6
958,5/2/22 3:39,1.2,6,6
959,5/2/22 3:49,1.2,6,6
960,5/2/22 3:59,1.2,5,5
961,5/2/22 4:09,1.3,5,5
962,5/2/22 4:19,1.2,6,6
963,5/2/22 4:29,1.2,6,5
964,5/2/22 4:39,1.2,4,5
965,5/2/22 4:49,1.2,6,5
966,5/2/22 4:59,1.2,6,5
967,5/2/22 5:09,1.2,6,5
968,5/2/22 5:19,1.2,5,5
969,5/2/22 5:29,1.2,5,5
970,5/2/22 5:39,1.2,5,5
971,5/2/22 5:49,1.2,6,5
972,5/2/22 5:59,1.2,5,5
973,5/2/22 6:09,1.2,5,5
974,5/2/22 6:19,1.2,5,5
975,5/2/22 6:29,1.2,5,5
976,5/2/22 6:39,1.2,6,5
977,5/2/22 6:49,1.2,6,5
978,5/2/22 6:59,1.2,6,5
979,5/2/22 7:09,1.2,6,5
980,5/2/22 7:19,1.2,6,6
981,5/2/22 7:29,1.2,6,6
982,5/2/22 7:39,1.2,6,6
983,5/2/22 7:49,1.2,5,5
984,5/2/22 7:59,1.2,6,6
985,5/2/22 8:09,1.2,7,6
986,5/2/22 8:19,1.2,5,5
987,5/2/22 8:29,1.2,6,6
988,5/2/22 8:39,1.2,5,5
989,5/2/22 8:49,1.2,6,6
990,5/2/22 8:59,1.2,5,6
991,5/2/22 9:09,1.2,5,5
992,5/2/22 9:19,1.2,6,6
993,5/2/22 9:29,1.2,5,5
994,5/2/22 9:39,1.2,6,6
995,5/2/22 9:49,1.2,6,6
996,5/2/22 9:59,1.2,6,6
997,5/2/22 10:09,1.3,5,6
998,5/2/22 10:19,1.2,6,6
999,5/2/22 10:29,1.2,6,6
1000,5/2/22 10:39,1.2,5,6
1001,5/2/22 10:49,1.2,6,5
1002,5/2/22 10:59,1.2,5,6
1003,5/2/22 11:09,1.2,6,5
1004,5/2/22 11:19,1.2,6,6
1005,5/2/22 11:29,1.2,5,6
1006,5/2/22 11:39,1.3,5,6
1007,5/2/22 11:49,1.3,5,6
1008,5/2/22 11:59,1.3,5,5
1009,5/2/22 12:09,1.3,6,6
1010,5/2/22 12:19,1.3,6,6
1011,5/2/22 12:29,1.3,6,6
1012,5/2/22 12:39,1.3,6,6
1013,5/2/22 12:49,1.2,5,6
1014,5/2/22 12:59,1.3,5,5
1015,5/2/22 13:09,1.3,6,6
1016,5/2/22 13:19,1.3,6,6
1017,5/2/22 13:29,1.4,6,6
1018,5/2/22 13:39,1.4,6,6
1019,5/2/22 13:49,1.4,7,6
1020,5/2/22 13:59,1.4,6,6
1021,5/2/22 14:09,1.3,7,6
1022,5/2/22 14:19,1.3,5,6
1023,5/2/22 14:29,1.3,6,6
1024,5/2/22 14:39,1.4,6,6
1025,5/2/22 14:49,1.4,6,6
1026,5/2/22 14:59,1.5,6,6
1027,5/2/22 15:09,1.5,6,6
1028,5/2/22 15:19,1.5,6,6
1029,5/2/22 15:29,1.5,6,6
1030,5/2/22 15:39,1.5,6,6
1031,5/2/22 15:49,1.5,6,6
1032,5/2/22 15:59,1.5,7,6
1033,5/2/22 16:09,1.4,6,6
1034,5/2/22 16:19,1.4,6,5
1035,5/2/22 16:29,1.4,6,6
1036,5/2/22 16:39,1.4,4,4
1037,5/2/22 16:49,1.4,4,4
1038,5/2/22 16:59,1.4,4,4
1039,5/2/22 17:09,1.4,5,4
1040,5/2/22 17:19,1.4,4,4
1041,5/2/22 17:29,1.4,4,4
1042,5/2/22 17:39,1.4,4,4
1043,5/2/22 17:49,1.4,3,4
1044,5/2/22 17:59,1.4,4,4
1045,5/2/22 18:09,1.4,4,4
1046,5/2/22 18:19,1.3,5,4
1047,5/2/22 18:29,1.3,4,4
1048,5/2/22 18:39,1.3,5,4
1049,5/2/22 18:49,1.3,4,4
1050,5/2/22 18:59,1.3,5,4
1051,5/2/22 19:09,1.3,4,4
1052,5/2/22 19:19,1.3,5,4
1053,5/2/22 19:29,1.3,4,4
1054,5/2/22 19:39,1.3,4,4
1055,5/2/22 19:49,1.3,4,4
1056,5/2/22 19:59,1.3,3,4
1057,5/2/22 20:09,1.3,4,4
1058,5/2/22 20:19,1.3,4,4
1059,5/2/22 20:29,1.3,4,4
1060,5/2/22 20:39,1.3,4,5
1061,5/2/22 20:49,1.3,5,4
1062,5/2/22 20:59,1.3,5,4
1063,5/2/22 21:09,1.3,5,4
1064,5/2/22 21:19,1.3,4,4
1065,5/2/22 21:29,1.2,4,4
1066,5/2/22 21:39,1.2,5,4
1067,5/2/22 21:49,1.2,5,4
1068,5/2/22 21:59,1.2,4,4
1069,5/2/22 22:09,1.2,5,5
1070,5/2/22 22:19,1.2,5,5
1071,5/2/22 22:29,1.2,5,5
1072,5/2/22 22:39,1.2,5,5
1073,5/2/22 22:49,1.1,5,5
1074,5/2/22 22:59,1.1,5,5
1075,5/2/22 23:09,1.1,5,5
1076,5/2/22 23:19,1.1,5,5
1077,5/2/22 23:29,1.1,4,5
1078,5/2/22 23:39,1.1,5,5
1079,5/2/22 23:49,1.1,4,4
1080,5/2/22 23:59,1.1,4,4
1081,5/3/22 0:09,1.1,5,5
1082,5/3/22 0:19,1.1,5,4
1083,5/3/22 0:29,1.1,5,5
1084,5/3/22 0:39,1.1,4,5
1085,5/3/22 0:49,1.1,6,5
1086,5/3/22 0:59,1.1,5,5
1087,5/3/22 1:09,1.1,6,5
1088,5/3/22 1:19,1.1,5,5
1089,5/3/22 1:29,1.1,5,5
1090,5/3/22 1:39,1.1,5,5
1091,5/3/22 1:49,1.1,5,5
1092,5/3/22 1:59,1.1,4,4
1093,5/3/22 2:09,1.1,4,5
1094,5/3/22 2:19,1.1,4,5
1095,5/3/22 2:29,1.1,5,5
1096,5/3/22 2:39,1,5,5
1097,5/3/22 2:49,1,6,5
1098,5/3/22 2:59,1,5,5
1099,5/3/22 3:09,1,5,5
1100,5/3/22 3:19,1,5,5
1101,5/3/22 3:29,1,5,5
1102,5/3/22 3:39,1,6,5
1103,5/3/22 3:49,0.9,6,5
1104,5/3/22 3:59,0.9,5,5
1105,5/3/22 4:09,0.9,5,5
1106,5/3/22 4:19,1,5,5
1107,5/3/22 4:29,1,5,5
1108,5/3/22 4:39,1,5,5
1109,5/3/22 4:49,1,5,5
1110,5/3/22 4:59,1,6,5
1111,5/3/22 5:09,0.9,6,6
1112,5/3/22 5:19,1,6,5
1113,5/3/22 5:29,1,5,5
1114,5/3/22 5:39,1,5,5
1115,5/3/22 5:49,1,4,5
1116,5/3/22 5:59,1,6,6
1117,5/3/22 6:09,1,6,5
1118,5/3/22 6:19,1,5,6
1119,5/3/22 6:29,1,5,5
1120,5/3/22 6:39,1,6,5
1121,5/3/22 6:49,1,5,5
1122,5/3/22 6:59,1,5,5
1123,5/3/22 7:09,1,5,6
1124,5/3/22 7:19,1,6,6
1125,5/3/22 7:29,1,5,5
1126,5/3/22 7:39,1.1,5,5
1127,5/3/22 7:49,1.1,5,6
1128,5/3/22 7:59,1.1,5,6
1129,5/3/22 8:09,1.2,6,6
1130,5/3/22 8:19,1.2,6,6
1131,5/3/22 8:29,1.2,7,6
1132,5/3/22 8:39,1.2,7,6
1133,5/3/22 8:49,1.2,5,6
1134,5/3/22 8:59,1.2,6,6
1135,5/3/22 9:09,1.2,6,6
1136,5/3/22 9:19,1.2,6,6
1137,5/3/22 9:29,1.2,5,5
1138,5/3/22 9:39,1.2,5,5
1139,5/3/22 9:49,1.2,4,5
1140,5/3/22 9:59,1.4,5,4