Plot Title:  21190584,,,,,,,
#,"Date Time, GMT-06:00","Abs Pres, kPa (LGR S/N: 21190584, SEN S/N: 21190584)","Temp, °C (LGR S/N: 21190584, SEN S/N: 21190584)",Coupler Detached (LGR S/N: 21190584),Coupler Attached (LGR S/N: 21190584),Host Connected (LGR S/N: 21190584),End Of File (LGR S/N: 21190584)
1,5/24/22 8:03,72.772,13.558,,,,
2,5/24/22 8:03,,,Logged,,,
3,5/24/22 8:08,72.777,14.709,,,,
4,5/24/22 8:13,72.796,14.517,,,,
5,5/24/22 8:18,72.794,14.325,,,,
6,5/24/22 8:23,72.787,14.23,,,,
7,5/24/22 8:28,72.802,14.134,,,,
8,5/24/22 8:33,72.799,13.942,,,,
9,5/24/22 8:38,72.302,13.75,,,,
10,5/24/22 8:43,72.284,13.654,,,,
11,5/24/22 8:48,72.292,13.461,,,,
12,5/24/22 8:53,72.3,13.269,,,,
13,5/24/22 8:58,72.293,13.173,,,,
14,5/24/22 9:03,72.268,12.98,,,,
15,5/24/22 9:08,72.261,12.883,,,,
16,5/24/22 9:13,72.265,12.787,,,,
17,5/24/22 9:18,72.269,12.69,,,,
18,5/24/22 9:23,72.262,12.594,,,,
19,5/24/22 9:28,72.254,12.497,,,,
20,5/24/22 9:33,72.258,12.401,,,,
21,5/24/22 9:38,72.258,12.401,,,,
22,5/24/22 9:43,72.24,12.304,,,,
23,5/24/22 9:48,72.255,12.207,,,,
24,5/24/22 9:53,72.277,12.207,,,,
25,5/24/22 9:58,72.237,12.11,,,,
26,5/24/22 10:03,72.251,12.013,,,,
27,5/24/22 10:08,72.244,11.916,,,,
28,5/24/22 10:13,72.226,11.819,,,,
29,5/24/22 10:18,72.237,11.819,,,,
30,5/24/22 10:23,72.208,11.722,,,,
31,5/24/22 10:28,72.2,11.625,,,,
32,5/24/22 10:33,72.204,11.528,,,,
33,5/24/22 10:38,72.215,11.528,,,,
34,5/24/22 10:43,72.208,11.431,,,,
35,5/24/22 10:48,72.197,11.431,,,,
36,5/24/22 10:53,72.197,11.431,,,,
37,5/24/22 10:58,72.167,11.334,,,,
38,5/24/22 11:03,72.175,11.431,,,,
39,5/24/22 11:08,72.164,11.431,,,,
40,5/24/22 11:13,72.134,11.625,,,,
41,5/24/22 11:18,72.116,11.819,,,,
42,5/24/22 11:23,72.153,12.013,,,,
43,5/24/22 11:28,72.139,13.173,,,,
44,5/24/22 11:33,72.175,14.134,,,,
45,5/24/22 11:38,72.165,15.091,,,,
46,5/24/22 11:43,72.272,14.421,,,,
47,5/24/22 11:48,72.079,14.804,,,,
48,5/24/22 11:53,74.5,8.779,,,,
49,5/24/22 11:58,74.299,5.655,,,,
50,5/24/22 12:03,74.16,4.102,,,,
51,5/24/22 12:08,74.072,3.261,,,,
52,5/24/22 12:13,74.001,2.624,,,,
53,5/24/22 12:18,73.961,2.195,,,,
54,5/24/22 12:23,73.93,1.872,,,,
55,5/24/22 12:28,73.921,1.656,,,,
56,5/24/22 12:33,73.91,1.548,,,,
57,5/24/22 12:38,73.878,1.439,,,,
58,5/24/22 12:43,72.186,1.656,,,,
59,5/24/22 12:48,72.556,1.764,,,,
60,5/24/22 12:53,73.006,1.33,,,,
61,5/24/22 12:58,73.388,1.221,,,,
62,5/24/22 13:03,73.607,1.112,,,,
63,5/24/22 13:08,73.683,1.003,,,,
64,5/24/22 13:13,73.76,1.003,,,,
65,5/24/22 13:18,73.814,1.003,,,,
66,5/24/22 13:23,73.847,1.003,,,,
67,5/24/22 13:28,73.847,0.893,,,,
68,5/24/22 13:33,73.891,0.893,,,,
69,5/24/22 13:38,73.913,0.893,,,,
70,5/24/22 13:43,73.902,0.893,,,,
71,5/24/22 13:48,73.891,0.893,,,,
72,5/24/22 13:53,73.913,0.893,,,,
73,5/24/22 13:58,73.913,0.893,,,,
74,5/24/22 14:03,73.902,0.893,,,,
75,5/24/22 14:08,73.902,0.893,,,,
76,5/24/22 14:13,73.913,0.893,,,,
77,5/24/22 14:18,73.913,0.893,,,,
78,5/24/22 14:23,73.902,0.893,,,,
79,5/24/22 14:28,73.913,0.893,,,,
80,5/24/22 14:33,73.923,0.893,,,,
81,5/24/22 14:38,73.923,0.893,,,,
82,5/24/22 14:43,73.913,0.893,,,,
83,5/24/22 14:48,73.913,0.893,,,,
84,5/24/22 14:53,73.913,0.893,,,,
85,5/24/22 14:58,73.913,0.893,,,,
86,5/24/22 15:03,73.923,0.893,,,,
87,5/24/22 15:08,73.913,0.893,,,,
88,5/24/22 15:13,73.923,0.893,,,,
89,5/24/22 15:18,73.923,0.893,,,,
90,5/24/22 15:23,73.923,0.893,,,,
91,5/24/22 15:28,73.923,0.893,,,,
92,5/24/22 15:33,73.902,0.893,,,,
93,5/24/22 15:38,73.923,0.893,,,,
94,5/24/22 15:43,73.913,0.893,,,,
95,5/24/22 15:48,73.923,0.893,,,,
96,5/24/22 15:53,73.913,0.893,,,,
97,5/24/22 15:58,73.923,0.893,,,,
98,5/24/22 16:03,73.923,0.893,,,,
99,5/24/22 16:08,73.923,0.893,,,,
100,5/24/22 16:13,73.934,0.893,,,,
101,5/24/22 16:18,73.923,0.893,,,,
102,5/24/22 16:23,73.923,0.893,,,,
103,5/24/22 16:28,73.923,0.893,,,,
104,5/24/22 16:33,73.934,0.893,,,,
105,5/24/22 16:38,73.945,0.893,,,,
106,5/24/22 16:43,73.945,0.893,,,,
107,5/24/22 16:48,73.956,0.893,,,,
108,5/24/22 16:53,73.956,0.893,,,,
109,5/24/22 16:58,73.934,0.893,,,,
110,5/24/22 17:03,73.945,0.893,,,,
111,5/24/22 17:08,73.956,0.893,,,,
112,5/24/22 17:13,73.956,0.893,,,,
113,5/24/22 17:18,73.967,0.893,,,,
114,5/24/22 17:23,73.967,0.893,,,,
115,5/24/22 17:28,73.967,0.893,,,,
116,5/24/22 17:33,73.989,0.893,,,,
117,5/24/22 17:38,73.978,0.893,,,,
118,5/24/22 17:43,74,0.893,,,,
119,5/24/22 17:48,73.989,0.893,,,,
120,5/24/22 17:53,74,0.893,,,,
121,5/24/22 17:58,74,0.893,,,,
122,5/24/22 18:03,73.989,0.893,,,,
123,5/24/22 18:08,74,0.893,,,,
124,5/24/22 18:13,73.989,0.893,,,,
125,5/24/22 18:18,74,0.893,,,,
126,5/24/22 18:23,74,0.893,,,,
127,5/24/22 18:28,74.011,0.893,,,,
128,5/24/22 18:33,74.011,0.893,,,,
129,5/24/22 18:38,74.022,0.893,,,,
130,5/24/22 18:43,74.022,0.893,,,,
131,5/24/22 18:48,74.011,0.893,,,,
132,5/24/22 18:53,74.022,0.893,,,,
133,5/24/22 18:58,74.032,0.893,,,,
134,5/24/22 19:03,74.022,0.893,,,,
135,5/24/22 19:08,74.032,0.893,,,,
136,5/24/22 19:13,74.032,0.893,,,,
137,5/24/22 19:18,74.043,0.893,,,,
138,5/24/22 19:23,74.043,0.893,,,,
139,5/24/22 19:28,74.043,0.893,,,,
140,5/24/22 19:33,74.054,0.893,,,,
141,5/24/22 19:38,74.043,0.893,,,,
142,5/24/22 19:43,74.043,0.893,,,,
143,5/24/22 19:48,74.054,0.893,,,,
144,5/24/22 19:53,74.065,0.893,,,,
145,5/24/22 19:58,74.043,0.893,,,,
146,5/24/22 20:03,74.054,0.893,,,,
147,5/24/22 20:08,74.054,0.893,,,,
148,5/24/22 20:13,74.054,0.893,,,,
149,5/24/22 20:18,74.054,0.893,,,,
150,5/24/22 20:23,74.055,0.784,,,,
151,5/24/22 20:28,74.055,0.784,,,,
152,5/24/22 20:33,74.065,0.893,,,,
153,5/24/22 20:38,74.065,0.893,,,,
154,5/24/22 20:43,74.087,0.893,,,,
155,5/24/22 20:48,74.087,0.784,,,,
156,5/24/22 20:53,74.076,0.784,,,,
157,5/24/22 20:58,74.076,0.784,,,,
158,5/24/22 21:03,74.087,0.784,,,,
159,5/24/22 21:08,74.087,0.893,,,,
160,5/24/22 21:13,74.076,0.784,,,,
161,5/24/22 21:18,74.087,0.893,,,,
162,5/24/22 21:23,74.109,0.893,,,,
163,5/24/22 21:28,74.098,0.784,,,,
164,5/24/22 21:33,74.098,0.784,,,,
165,5/24/22 21:38,74.098,0.784,,,,
166,5/24/22 21:43,74.087,0.784,,,,
167,5/24/22 21:48,74.098,0.784,,,,
168,5/24/22 21:53,74.109,0.784,,,,
169,5/24/22 21:58,74.087,0.784,,,,
170,5/24/22 22:03,74.098,0.893,,,,
171,5/24/22 22:08,74.109,0.893,,,,
172,5/24/22 22:13,74.098,0.784,,,,
173,5/24/22 22:18,74.098,0.784,,,,
174,5/24/22 22:23,74.087,0.784,,,,
175,5/24/22 22:28,74.076,0.784,,,,
176,5/24/22 22:33,74.087,0.784,,,,
177,5/24/22 22:38,74.087,0.784,,,,
178,5/24/22 22:43,74.087,0.784,,,,
179,5/24/22 22:48,74.098,0.784,,,,
180,5/24/22 22:53,74.087,0.784,,,,
181,5/24/22 22:58,74.087,0.784,,,,
182,5/24/22 23:03,74.087,0.893,,,,
183,5/24/22 23:08,74.087,0.784,,,,
184,5/24/22 23:13,74.087,0.784,,,,
185,5/24/22 23:18,74.098,0.784,,,,
186,5/24/22 23:23,74.076,0.784,,,,
187,5/24/22 23:28,74.076,0.784,,,,
188,5/24/22 23:33,74.076,0.784,,,,
189,5/24/22 23:38,74.076,0.784,,,,
190,5/24/22 23:43,74.076,0.784,,,,
191,5/24/22 23:48,74.076,0.784,,,,
192,5/24/22 23:53,74.076,0.784,,,,
193,5/24/22 23:58,74.065,0.784,,,,
194,5/25/22 0:03,74.076,0.784,,,,
195,5/25/22 0:08,74.076,0.784,,,,
196,5/25/22 0:13,74.076,0.784,,,,
197,5/25/22 0:18,74.076,0.784,,,,
198,5/25/22 0:23,74.065,0.784,,,,
199,5/25/22 0:28,74.076,0.784,,,,
200,5/25/22 0:33,74.065,0.784,,,,
201,5/25/22 0:38,74.065,0.784,,,,
202,5/25/22 0:43,74.065,0.784,,,,
203,5/25/22 0:48,74.065,0.784,,,,
204,5/25/22 0:53,74.065,0.784,,,,
205,5/25/22 0:58,74.065,0.784,,,,
206,5/25/22 1:03,74.044,0.784,,,,
207,5/25/22 1:08,74.065,0.784,,,,
208,5/25/22 1:13,74.055,0.784,,,,
209,5/25/22 1:18,74.044,0.784,,,,
210,5/25/22 1:23,74.044,0.784,,,,
211,5/25/22 1:28,74.055,0.784,,,,
212,5/25/22 1:33,74.065,0.784,,,,
213,5/25/22 1:38,74.065,0.784,,,,
214,5/25/22 1:43,74.076,0.784,,,,
215,5/25/22 1:48,74.076,0.784,,,,
216,5/25/22 1:53,74.065,0.784,,,,
217,5/25/22 1:58,74.076,0.784,,,,
218,5/25/22 2:03,74.065,0.784,,,,
219,5/25/22 2:08,74.076,0.784,,,,
220,5/25/22 2:13,74.076,0.784,,,,
221,5/25/22 2:18,74.076,0.784,,,,
222,5/25/22 2:23,74.076,0.784,,,,
223,5/25/22 2:28,74.076,0.784,,,,
224,5/25/22 2:33,74.087,0.784,,,,
225,5/25/22 2:38,74.087,0.784,,,,
226,5/25/22 2:43,74.076,0.784,,,,
227,5/25/22 2:48,74.087,0.784,,,,
228,5/25/22 2:53,74.087,0.784,,,,
229,5/25/22 2:58,74.087,0.784,,,,
230,5/25/22 3:03,74.087,0.784,,,,
231,5/25/22 3:08,74.087,0.784,,,,
232,5/25/22 3:13,74.087,0.784,,,,
233,5/25/22 3:18,74.098,0.784,,,,
234,5/25/22 3:23,74.087,0.784,,,,
235,5/25/22 3:28,74.087,0.784,,,,
236,5/25/22 3:33,74.087,0.784,,,,
237,5/25/22 3:38,74.087,0.784,,,,
238,5/25/22 3:43,74.098,0.784,,,,
239,5/25/22 3:48,74.087,0.784,,,,
240,5/25/22 3:53,74.098,0.784,,,,
241,5/25/22 3:58,74.087,0.784,,,,
242,5/25/22 4:03,74.098,0.784,,,,
243,5/25/22 4:08,74.076,0.784,,,,
244,5/25/22 4:13,74.087,0.784,,,,
245,5/25/22 4:18,74.098,0.784,,,,
246,5/25/22 4:23,74.098,0.784,,,,
247,5/25/22 4:28,74.087,0.784,,,,
248,5/25/22 4:33,74.098,0.784,,,,
249,5/25/22 4:38,74.087,0.784,,,,
250,5/25/22 4:43,74.098,0.784,,,,
251,5/25/22 4:48,74.098,0.784,,,,
252,5/25/22 4:53,74.098,0.784,,,,
253,5/25/22 4:58,74.087,0.784,,,,
254,5/25/22 5:03,74.12,0.784,,,,
255,5/25/22 5:08,74.12,0.784,,,,
256,5/25/22 5:13,74.12,0.784,,,,
257,5/25/22 5:18,74.109,0.784,,,,
258,5/25/22 5:23,74.12,0.784,,,,
259,5/25/22 5:28,74.12,0.784,,,,
260,5/25/22 5:33,74.131,0.784,,,,
261,5/25/22 5:38,74.131,0.784,,,,
262,5/25/22 5:43,74.131,0.784,,,,
263,5/25/22 5:48,74.131,0.784,,,,
264,5/25/22 5:53,74.142,0.784,,,,
265,5/25/22 5:58,74.153,0.784,,,,
266,5/25/22 6:03,74.164,0.784,,,,
267,5/25/22 6:08,74.153,0.784,,,,
268,5/25/22 6:13,74.164,0.784,,,,
269,5/25/22 6:18,74.153,0.784,,,,
270,5/25/22 6:23,74.12,0.784,,,,
271,5/25/22 6:28,74.142,0.784,,,,
272,5/25/22 6:33,74.153,0.784,,,,
273,5/25/22 6:38,74.164,0.784,,,,
274,5/25/22 6:43,74.142,0.784,,,,
275,5/25/22 6:48,74.142,0.784,,,,
276,5/25/22 6:53,74.164,0.784,,,,
277,5/25/22 6:58,74.175,0.784,,,,
278,5/25/22 7:03,74.164,0.784,,,,
279,5/25/22 7:08,74.153,0.784,,,,
280,5/25/22 7:13,74.153,0.784,,,,
281,5/25/22 7:18,74.175,0.784,,,,
282,5/25/22 7:23,74.164,0.784,,,,
283,5/25/22 7:28,74.175,0.784,,,,
284,5/25/22 7:33,74.175,0.784,,,,
285,5/25/22 7:38,74.175,0.784,,,,
286,5/25/22 7:43,74.185,0.784,,,,
287,5/25/22 7:48,74.185,0.784,,,,
288,5/25/22 7:53,74.196,0.784,,,,
289,5/25/22 7:58,74.185,0.784,,,,
290,5/25/22 8:03,74.185,0.784,,,,
291,5/25/22 8:08,74.175,0.784,,,,
292,5/25/22 8:13,74.175,0.784,,,,
293,5/25/22 8:18,74.185,0.784,,,,
294,5/25/22 8:23,74.185,0.784,,,,
295,5/25/22 8:28,74.175,0.784,,,,
296,5/25/22 8:33,74.175,0.784,,,,
297,5/25/22 8:38,74.185,0.784,,,,
298,5/25/22 8:43,74.175,0.784,,,,
299,5/25/22 8:48,74.175,0.784,,,,
300,5/25/22 8:53,74.164,0.784,,,,
301,5/25/22 8:58,74.175,0.784,,,,
302,5/25/22 9:03,74.185,0.784,,,,
303,5/25/22 9:08,74.185,0.784,,,,
304,5/25/22 9:13,74.175,0.784,,,,
305,5/25/22 9:18,74.185,0.784,,,,
306,5/25/22 9:23,74.185,0.784,,,,
307,5/25/22 9:28,74.175,0.784,,,,
308,5/25/22 9:33,74.164,0.784,,,,
309,5/25/22 9:38,74.175,0.784,,,,
310,5/25/22 9:43,74.175,0.784,,,,
311,5/25/22 9:48,74.175,0.784,,,,
312,5/25/22 9:53,74.175,0.784,,,,
313,5/25/22 9:58,74.164,0.784,,,,
314,5/25/22 10:03,74.164,0.784,,,,
315,5/25/22 10:08,74.164,0.784,,,,
316,5/25/22 10:13,74.175,0.784,,,,
317,5/25/22 10:18,74.175,0.784,,,,
318,5/25/22 10:23,74.175,0.784,,,,
319,5/25/22 10:28,74.164,0.784,,,,
320,5/25/22 10:33,74.164,0.784,,,,
321,5/25/22 10:38,74.185,0.784,,,,
322,5/25/22 10:43,74.164,0.784,,,,
323,5/25/22 10:48,74.175,0.784,,,,
324,5/25/22 10:53,74.185,0.784,,,,
325,5/25/22 10:58,74.175,0.784,,,,
326,5/25/22 11:03,74.164,0.784,,,,
327,5/25/22 11:08,74.185,0.784,,,,
328,5/25/22 11:13,74.175,0.784,,,,
329,5/25/22 11:18,74.153,0.784,,,,
330,5/25/22 11:23,74.153,0.784,,,,
331,5/25/22 11:28,74.142,0.784,,,,
332,5/25/22 11:33,74.153,0.784,,,,
333,5/25/22 11:38,74.164,0.784,,,,
334,5/25/22 11:43,74.153,0.784,,,,
335,5/25/22 11:48,74.142,0.784,,,,
336,5/25/22 11:53,74.153,0.784,,,,
337,5/25/22 11:58,74.142,0.784,,,,
338,5/25/22 12:03,74.153,0.784,,,,
339,5/25/22 12:08,74.153,0.784,,,,
340,5/25/22 12:13,74.164,0.784,,,,
341,5/25/22 12:18,74.142,0.784,,,,
342,5/25/22 12:23,74.142,0.784,,,,
343,5/25/22 12:28,74.131,0.784,,,,
344,5/25/22 12:33,74.142,0.784,,,,
345,5/25/22 12:38,74.131,0.784,,,,
346,5/25/22 12:43,74.12,0.784,,,,
347,5/25/22 12:48,74.12,0.784,,,,
348,5/25/22 12:53,74.12,0.784,,,,
349,5/25/22 12:58,74.098,0.784,,,,
350,5/25/22 13:03,74.098,0.784,,,,
351,5/25/22 13:08,74.109,0.784,,,,
352,5/25/22 13:13,74.098,0.784,,,,
353,5/25/22 13:18,74.087,0.784,,,,
354,5/25/22 13:23,74.12,0.784,,,,
355,5/25/22 13:28,74.12,0.784,,,,
356,5/25/22 13:33,74.153,0.784,,,,
357,5/25/22 13:38,74.142,0.784,,,,
358,5/25/22 13:43,74.142,0.784,,,,
359,5/25/22 13:48,74.131,0.784,,,,
360,5/25/22 13:53,74.142,0.784,,,,
361,5/25/22 13:58,74.131,0.784,,,,
362,5/25/22 14:03,74.12,0.784,,,,
363,5/25/22 14:08,74.12,0.784,,,,
364,5/25/22 14:13,74.131,0.784,,,,
365,5/25/22 14:18,74.142,0.784,,,,
366,5/25/22 14:23,74.142,0.784,,,,
367,5/25/22 14:28,74.153,0.784,,,,
368,5/25/22 14:33,74.164,0.784,,,,
369,5/25/22 14:38,74.175,0.784,,,,
370,5/25/22 14:43,74.207,0.784,,,,
371,5/25/22 14:48,74.207,0.784,,,,
372,5/25/22 14:53,74.229,0.784,,,,
373,5/25/22 14:58,74.251,0.784,,,,
374,5/25/22 15:03,74.273,0.784,,,,
375,5/25/22 15:08,74.284,0.784,,,,
376,5/25/22 15:13,74.327,0.784,,,,
377,5/25/22 15:18,74.371,0.784,,,,
378,5/25/22 15:23,74.404,0.784,,,,
379,5/25/22 15:28,74.458,0.784,,,,
380,5/25/22 15:33,74.48,0.784,,,,
381,5/25/22 15:38,74.524,0.784,,,,
382,5/25/22 15:43,74.567,0.784,,,,
383,5/25/22 15:48,74.611,0.784,,,,
384,5/25/22 15:53,74.643,0.784,,,,
385,5/25/22 15:58,74.654,0.784,,,,
386,5/25/22 16:03,74.709,0.784,,,,
387,5/25/22 16:08,74.72,0.784,,,,
388,5/25/22 16:13,74.763,0.784,,,,
389,5/25/22 16:18,74.774,0.784,,,,
390,5/25/22 16:23,74.807,0.784,,,,
391,5/25/22 16:28,74.851,0.784,,,,
392,5/25/22 16:33,74.862,0.784,,,,
393,5/25/22 16:38,74.862,0.784,,,,
394,5/25/22 16:43,74.873,0.784,,,,
395,5/25/22 16:48,74.883,0.784,,,,
396,5/25/22 16:53,74.905,0.784,,,,
397,5/25/22 16:58,74.938,0.784,,,,
398,5/25/22 17:03,74.949,0.784,,,,
399,5/25/22 17:08,74.949,0.784,,,,
400,5/25/22 17:13,74.982,0.784,,,,
401,5/25/22 17:18,74.982,0.784,,,,
402,5/25/22 17:23,75.003,0.784,,,,
403,5/25/22 17:28,75.025,0.784,,,,
404,5/25/22 17:33,75.025,0.784,,,,
405,5/25/22 17:38,75.047,0.784,,,,
406,5/25/22 17:43,75.058,0.784,,,,
407,5/25/22 17:48,75.069,0.784,,,,
408,5/25/22 17:53,75.08,0.784,,,,
409,5/25/22 17:58,75.091,0.784,,,,
410,5/25/22 18:03,75.102,0.784,,,,
411,5/25/22 18:08,75.123,0.784,,,,
412,5/25/22 18:13,75.134,0.784,,,,
413,5/25/22 18:18,75.145,0.784,,,,
414,5/25/22 18:23,75.156,0.784,,,,
415,5/25/22 18:28,75.178,0.784,,,,
416,5/25/22 18:33,75.189,0.784,,,,
417,5/25/22 18:38,75.178,0.784,,,,
418,5/25/22 18:43,75.2,0.784,,,,
419,5/25/22 18:48,75.222,0.784,,,,
420,5/25/22 18:53,75.243,0.784,,,,
421,5/25/22 18:58,75.233,0.784,,,,
422,5/25/22 19:03,75.243,0.784,,,,
423,5/25/22 19:08,75.243,0.784,,,,
424,5/25/22 19:13,75.243,0.784,,,,
425,5/25/22 19:18,75.243,0.784,,,,
426,5/25/22 19:23,75.276,0.784,,,,
427,5/25/22 19:28,75.265,0.784,,,,
428,5/25/22 19:33,75.287,0.784,,,,
429,5/25/22 19:38,75.287,0.784,,,,
430,5/25/22 19:43,75.287,0.784,,,,
431,5/25/22 19:48,75.287,0.784,,,,
432,5/25/22 19:53,75.287,0.784,,,,
433,5/25/22 19:58,75.298,0.784,,,,
434,5/25/22 20:03,75.309,0.784,,,,
435,5/25/22 20:08,75.287,0.784,,,,
436,5/25/22 20:13,75.287,0.784,,,,
437,5/25/22 20:18,75.298,0.784,,,,
438,5/25/22 20:23,75.309,0.784,,,,
439,5/25/22 20:28,75.309,0.784,,,,
440,5/25/22 20:33,75.32,0.784,,,,
441,5/25/22 20:38,75.32,0.784,,,,
442,5/25/22 20:43,75.331,0.784,,,,
443,5/25/22 20:48,75.331,0.784,,,,
444,5/25/22 20:53,75.331,0.784,,,,
445,5/25/22 20:58,75.342,0.784,,,,
446,5/25/22 21:03,75.353,0.784,,,,
447,5/25/22 21:08,75.342,0.784,,,,
448,5/25/22 21:13,75.374,0.784,,,,
449,5/25/22 21:18,75.353,0.784,,,,
450,5/25/22 21:23,75.353,0.784,,,,
451,5/25/22 21:28,75.364,0.784,,,,
452,5/25/22 21:33,75.374,0.784,,,,
453,5/25/22 21:38,75.374,0.784,,,,
454,5/25/22 21:43,75.374,0.784,,,,
455,5/25/22 21:48,75.364,0.784,,,,
456,5/25/22 21:53,75.374,0.784,,,,
457,5/25/22 21:58,75.385,0.784,,,,
458,5/25/22 22:03,75.374,0.784,,,,
459,5/25/22 22:08,75.353,0.784,,,,
460,5/25/22 22:13,75.364,0.784,,,,
461,5/25/22 22:18,75.364,0.784,,,,
462,5/25/22 22:23,75.364,0.784,,,,
463,5/25/22 22:28,75.364,0.784,,,,
464,5/25/22 22:33,75.353,0.784,,,,
465,5/25/22 22:38,75.364,0.784,,,,
466,5/25/22 22:43,75.364,0.784,,,,
467,5/25/22 22:48,75.374,0.784,,,,
468,5/25/22 22:53,75.353,0.784,,,,
469,5/25/22 22:58,75.353,0.784,,,,
470,5/25/22 23:03,75.353,0.784,,,,
471,5/25/22 23:08,75.353,0.784,,,,
472,5/25/22 23:13,75.364,0.784,,,,
473,5/25/22 23:18,75.364,0.784,,,,
474,5/25/22 23:23,75.364,0.784,,,,
475,5/25/22 23:28,75.364,0.784,,,,
476,5/25/22 23:33,75.374,0.784,,,,
477,5/25/22 23:38,75.353,0.784,,,,
478,5/25/22 23:43,75.353,0.784,,,,
479,5/25/22 23:48,75.353,0.784,,,,
480,5/25/22 23:53,75.364,0.784,,,,
481,5/25/22 23:58,75.364,0.784,,,,
482,5/26/22 0:03,75.364,0.784,,,,
483,5/26/22 0:08,75.353,0.784,,,,
484,5/26/22 0:13,75.364,0.784,,,,
485,5/26/22 0:18,75.353,0.784,,,,
486,5/26/22 0:23,75.364,0.784,,,,
487,5/26/22 0:28,75.374,0.784,,,,
488,5/26/22 0:33,75.353,0.784,,,,
489,5/26/22 0:38,75.353,0.784,,,,
490,5/26/22 0:43,75.364,0.784,,,,
491,5/26/22 0:48,75.364,0.784,,,,
492,5/26/22 0:53,75.353,0.784,,,,
493,5/26/22 0:58,75.364,0.784,,,,
494,5/26/22 1:03,75.353,0.784,,,,
495,5/26/22 1:08,75.353,0.784,,,,
496,5/26/22 1:13,75.353,0.784,,,,
497,5/26/22 1:18,75.353,0.784,,,,
498,5/26/22 1:23,75.353,0.784,,,,
499,5/26/22 1:28,75.353,0.784,,,,
500,5/26/22 1:33,75.331,0.784,,,,
501,5/26/22 1:38,75.32,0.784,,,,
502,5/26/22 1:43,75.342,0.784,,,,
503,5/26/22 1:48,75.353,0.784,,,,
504,5/26/22 1:53,75.353,0.784,,,,
505,5/26/22 1:58,75.353,0.784,,,,
506,5/26/22 2:03,75.342,0.784,,,,
507,5/26/22 2:08,75.342,0.784,,,,
508,5/26/22 2:13,75.342,0.784,,,,
509,5/26/22 2:18,75.353,0.784,,,,
510,5/26/22 2:23,75.342,0.784,,,,
511,5/26/22 2:28,75.331,0.784,,,,
512,5/26/22 2:33,75.331,0.784,,,,
513,5/26/22 2:38,75.331,0.784,,,,
514,5/26/22 2:43,75.331,0.784,,,,
515,5/26/22 2:48,75.331,0.784,,,,
516,5/26/22 2:53,75.32,0.784,,,,
517,5/26/22 2:58,75.32,0.784,,,,
518,5/26/22 3:03,75.32,0.784,,,,
519,5/26/22 3:08,75.32,0.784,,,,
520,5/26/22 3:13,75.32,0.784,,,,
521,5/26/22 3:18,75.32,0.784,,,,
522,5/26/22 3:23,75.309,0.784,,,,
523,5/26/22 3:28,75.309,0.784,,,,
524,5/26/22 3:33,75.32,0.784,,,,
525,5/26/22 3:38,75.32,0.784,,,,
526,5/26/22 3:43,75.331,0.784,,,,
527,5/26/22 3:48,75.331,0.784,,,,
528,5/26/22 3:53,75.32,0.784,,,,
529,5/26/22 3:58,75.331,0.784,,,,
530,5/26/22 4:03,75.331,0.784,,,,
531,5/26/22 4:08,75.331,0.784,,,,
532,5/26/22 4:13,75.32,0.784,,,,
533,5/26/22 4:18,75.331,0.784,,,,
534,5/26/22 4:23,75.342,0.784,,,,
535,5/26/22 4:28,75.331,0.784,,,,
536,5/26/22 4:33,75.331,0.784,,,,
537,5/26/22 4:38,75.32,0.784,,,,
538,5/26/22 4:43,75.331,0.784,,,,
539,5/26/22 4:48,75.331,0.784,,,,
540,5/26/22 4:53,75.331,0.784,,,,
541,5/26/22 4:58,75.331,0.784,,,,
542,5/26/22 5:03,75.32,0.784,,,,
543,5/26/22 5:08,75.32,0.784,,,,
544,5/26/22 5:13,75.331,0.784,,,,
545,5/26/22 5:18,75.32,0.784,,,,
546,5/26/22 5:23,75.342,0.784,,,,
547,5/26/22 5:28,75.32,0.784,,,,
548,5/26/22 5:33,75.331,0.784,,,,
549,5/26/22 5:38,75.32,0.784,,,,
550,5/26/22 5:43,75.331,0.784,,,,
551,5/26/22 5:48,75.32,0.784,,,,
552,5/26/22 5:53,75.32,0.784,,,,
553,5/26/22 5:58,75.32,0.784,,,,
554,5/26/22 6:03,75.32,0.784,,,,
555,5/26/22 6:08,75.32,0.784,,,,
556,5/26/22 6:13,75.32,0.784,,,,
557,5/26/22 6:18,75.32,0.784,,,,
558,5/26/22 6:23,75.32,0.784,,,,
559,5/26/22 6:28,75.309,0.784,,,,
560,5/26/22 6:33,75.32,0.784,,,,
561,5/26/22 6:38,75.309,0.784,,,,
562,5/26/22 6:43,75.309,0.784,,,,
563,5/26/22 6:48,75.309,0.784,,,,
564,5/26/22 6:53,75.32,0.784,,,,
565,5/26/22 6:58,75.32,0.784,,,,
566,5/26/22 7:03,75.298,0.784,,,,
567,5/26/22 7:08,75.309,0.784,,,,
568,5/26/22 7:13,75.298,0.784,,,,
569,5/26/22 7:18,75.298,0.784,,,,
570,5/26/22 7:23,75.298,0.784,,,,
571,5/26/22 7:28,75.298,0.784,,,,
572,5/26/22 7:33,75.287,0.784,,,,
573,5/26/22 7:38,75.276,0.784,,,,
574,5/26/22 7:43,75.287,0.784,,,,
575,5/26/22 7:48,75.287,0.784,,,,
576,5/26/22 7:53,75.276,0.784,,,,
577,5/26/22 7:58,75.265,0.784,,,,
578,5/26/22 8:03,75.265,0.784,,,,
579,5/26/22 8:08,75.254,0.784,,,,
580,5/26/22 8:13,75.265,0.784,,,,
581,5/26/22 8:18,75.265,0.784,,,,
582,5/26/22 8:23,75.287,0.784,,,,
583,5/26/22 8:28,75.276,0.784,,,,
584,5/26/22 8:33,75.276,0.784,,,,
585,5/26/22 8:38,75.265,0.784,,,,
586,5/26/22 8:43,75.265,0.784,,,,
587,5/26/22 8:48,75.265,0.784,,,,
588,5/26/22 8:53,75.243,0.784,,,,
589,5/26/22 8:58,75.243,0.784,,,,
590,5/26/22 9:03,75.243,0.784,,,,
591,5/26/22 9:08,75.233,0.784,,,,
592,5/26/22 9:13,75.243,0.784,,,,
593,5/26/22 9:18,75.233,0.784,,,,
594,5/26/22 9:23,75.222,0.784,,,,
595,5/26/22 9:28,75.233,0.784,,,,
596,5/26/22 9:33,75.222,0.784,,,,
597,5/26/22 9:38,75.243,0.784,,,,
598,5/26/22 9:43,75.222,0.784,,,,
599,5/26/22 9:48,75.233,0.784,,,,
600,5/26/22 9:53,75.211,0.784,,,,
601,5/26/22 9:58,75.222,0.784,,,,
602,5/26/22 10:03,75.211,0.784,,,,
603,5/26/22 10:08,75.2,0.784,,,,
604,5/26/22 10:13,75.211,0.784,,,,
605,5/26/22 10:18,75.2,0.784,,,,
606,5/26/22 10:23,75.211,0.784,,,,
607,5/26/22 10:28,75.189,0.784,,,,
608,5/26/22 10:33,75.211,0.784,,,,
609,5/26/22 10:38,75.2,0.784,,,,
610,5/26/22 10:43,75.189,0.784,,,,
611,5/26/22 10:48,75.2,0.784,,,,
612,5/26/22 10:53,75.178,0.784,,,,
613,5/26/22 10:58,75.167,0.784,,,,
614,5/26/22 11:03,75.178,0.784,,,,
615,5/26/22 11:08,75.178,0.784,,,,
616,5/26/22 11:13,75.156,0.784,,,,
617,5/26/22 11:18,75.156,0.784,,,,
618,5/26/22 11:23,75.145,0.784,,,,
619,5/26/22 11:28,75.113,0.784,,,,
620,5/26/22 11:33,75.123,0.784,,,,
621,5/26/22 11:38,75.123,0.784,,,,
622,5/26/22 11:43,75.113,0.784,,,,
623,5/26/22 11:48,75.123,0.784,,,,
624,5/26/22 11:53,75.113,0.784,,,,
625,5/26/22 11:58,75.113,0.784,,,,
626,5/26/22 12:03,75.069,0.784,,,,
627,5/26/22 12:08,75.102,0.784,,,,
628,5/26/22 12:13,75.102,0.784,,,,
629,5/26/22 12:18,75.091,0.784,,,,
630,5/26/22 12:23,75.069,0.784,,,,
631,5/26/22 12:28,75.058,0.784,,,,
632,5/26/22 12:33,75.047,0.784,,,,
633,5/26/22 12:38,75.058,0.784,,,,
634,5/26/22 12:43,75.047,0.784,,,,
635,5/26/22 12:48,75.047,0.784,,,,
636,5/26/22 12:53,75.047,0.784,,,,
637,5/26/22 12:58,75.036,0.784,,,,
638,5/26/22 13:03,75.047,0.784,,,,
639,5/26/22 13:08,75.047,0.784,,,,
640,5/26/22 13:13,75.036,0.784,,,,
641,5/26/22 13:18,75.036,0.784,,,,
642,5/26/22 13:23,75.025,0.784,,,,
643,5/26/22 13:28,75.047,0.784,,,,
644,5/26/22 13:33,75.025,0.784,,,,
645,5/26/22 13:38,75.025,0.784,,,,
646,5/26/22 13:43,75.025,0.784,,,,
647,5/26/22 13:48,75.025,0.784,,,,
648,5/26/22 13:53,75.036,0.784,,,,
649,5/26/22 13:58,75.003,0.784,,,,
650,5/26/22 14:03,75.003,0.784,,,,
651,5/26/22 14:08,75.003,0.784,,,,
652,5/26/22 14:13,74.993,0.784,,,,
653,5/26/22 14:18,74.982,0.784,,,,
654,5/26/22 14:23,75.003,0.784,,,,
655,5/26/22 14:28,74.993,0.784,,,,
656,5/26/22 14:33,75.003,0.784,,,,
657,5/26/22 14:38,74.982,0.784,,,,
658,5/26/22 14:43,74.993,0.784,,,,
659,5/26/22 14:48,74.982,0.784,,,,
660,5/26/22 14:53,74.982,0.784,,,,
661,5/26/22 14:58,74.993,0.784,,,,
662,5/26/22 15:03,74.982,0.784,,,,
663,5/26/22 15:08,74.971,0.784,,,,
664,5/26/22 15:13,75.003,0.784,,,,
665,5/26/22 15:18,74.993,0.784,,,,
666,5/26/22 15:23,74.993,0.784,,,,
667,5/26/22 15:28,75.003,0.784,,,,
668,5/26/22 15:33,75.025,0.784,,,,
669,5/26/22 15:38,75.014,0.784,,,,
670,5/26/22 15:43,75.047,0.784,,,,
671,5/26/22 15:48,75.047,0.784,,,,
672,5/26/22 15:53,75.08,0.784,,,,
673,5/26/22 15:58,75.08,0.784,,,,
674,5/26/22 16:03,75.08,0.784,,,,
675,5/26/22 16:08,75.102,0.784,,,,
676,5/26/22 16:13,75.134,0.784,,,,
677,5/26/22 16:18,75.123,0.784,,,,
678,5/26/22 16:23,75.145,0.784,,,,
679,5/26/22 16:28,75.167,0.784,,,,
680,5/26/22 16:33,75.189,0.784,,,,
681,5/26/22 16:38,75.2,0.784,,,,
682,5/26/22 16:43,75.222,0.784,,,,
683,5/26/22 16:48,75.233,0.784,,,,
684,5/26/22 16:53,75.265,0.784,,,,
685,5/26/22 16:58,75.265,0.784,,,,
686,5/26/22 17:03,75.276,0.784,,,,
687,5/26/22 17:08,75.309,0.784,,,,
688,5/26/22 17:13,75.298,0.784,,,,
689,5/26/22 17:18,75.32,0.784,,,,
690,5/26/22 17:23,75.331,0.784,,,,
691,5/26/22 17:28,75.342,0.784,,,,
692,5/26/22 17:33,75.364,0.784,,,,
693,5/26/22 17:38,75.374,0.784,,,,
694,5/26/22 17:43,75.396,0.784,,,,
695,5/26/22 17:48,75.396,0.784,,,,
696,5/26/22 17:53,75.418,0.784,,,,
697,5/26/22 17:58,75.418,0.784,,,,
698,5/26/22 18:03,75.429,0.784,,,,
699,5/26/22 18:08,75.451,0.784,,,,
700,5/26/22 18:13,75.473,0.784,,,,
701,5/26/22 18:18,75.473,0.784,,,,
702,5/26/22 18:23,75.484,0.784,,,,
703,5/26/22 18:28,75.484,0.784,,,,
704,5/26/22 18:33,75.494,0.784,,,,
705,5/26/22 18:38,75.505,0.784,,,,
706,5/26/22 18:43,75.527,0.784,,,,
707,5/26/22 18:48,75.538,0.784,,,,
708,5/26/22 18:53,75.538,0.784,,,,
709,5/26/22 18:58,75.56,0.784,,,,
710,5/26/22 19:03,75.549,0.784,,,,
711,5/26/22 19:08,75.571,0.784,,,,
712,5/26/22 19:13,75.571,0.784,,,,
713,5/26/22 19:18,75.582,0.784,,,,
714,5/26/22 19:23,75.582,0.784,,,,
715,5/26/22 19:28,75.604,0.784,,,,
716,5/26/22 19:33,75.604,0.784,,,,
717,5/26/22 19:38,75.604,0.784,,,,
718,5/26/22 19:43,75.614,0.784,,,,
719,5/26/22 19:48,75.625,0.784,,,,
720,5/26/22 19:53,75.614,0.784,,,,
721,5/26/22 19:58,75.625,0.784,,,,
722,5/26/22 20:03,75.636,0.784,,,,
723,5/26/22 20:08,75.636,0.784,,,,
724,5/26/22 20:13,75.647,0.784,,,,
725,5/26/22 20:18,75.658,0.784,,,,
726,5/26/22 20:23,75.658,0.784,,,,
727,5/26/22 20:28,75.647,0.784,,,,
728,5/26/22 20:33,75.658,0.784,,,,
729,5/26/22 20:38,75.658,0.784,,,,
730,5/26/22 20:43,75.658,0.784,,,,
731,5/26/22 20:48,75.669,0.784,,,,
732,5/26/22 20:53,75.658,0.784,,,,
733,5/26/22 20:58,75.658,0.784,,,,
734,5/26/22 21:03,75.658,0.784,,,,
735,5/26/22 21:08,75.658,0.784,,,,
736,5/26/22 21:13,75.669,0.784,,,,
737,5/26/22 21:18,75.658,0.784,,,,
738,5/26/22 21:23,75.658,0.784,,,,
739,5/26/22 21:28,75.658,0.784,,,,
740,5/26/22 21:33,75.647,0.784,,,,
741,5/26/22 21:38,75.647,0.784,,,,
742,5/26/22 21:43,75.647,0.784,,,,
743,5/26/22 21:48,75.647,0.784,,,,
744,5/26/22 21:53,75.636,0.784,,,,
745,5/26/22 21:58,75.636,0.784,,,,
746,5/26/22 22:03,75.636,0.784,,,,
747,5/26/22 22:08,75.625,0.784,,,,
748,5/26/22 22:13,75.614,0.784,,,,
749,5/26/22 22:18,75.604,0.784,,,,
750,5/26/22 22:23,75.625,0.784,,,,
751,5/26/22 22:28,75.604,0.784,,,,
752,5/26/22 22:33,75.604,0.784,,,,
753,5/26/22 22:38,75.604,0.784,,,,
754,5/26/22 22:43,75.593,0.784,,,,
755,5/26/22 22:48,75.593,0.784,,,,
756,5/26/22 22:53,75.582,0.784,,,,
757,5/26/22 22:58,75.582,0.784,,,,
758,5/26/22 23:03,75.582,0.784,,,,
759,5/26/22 23:08,75.582,0.784,,,,
760,5/26/22 23:13,75.571,0.784,,,,
761,5/26/22 23:18,75.56,0.784,,,,
762,5/26/22 23:23,75.56,0.784,,,,
763,5/26/22 23:28,75.538,0.784,,,,
764,5/26/22 23:33,75.549,0.784,,,,
765,5/26/22 23:38,75.538,0.784,,,,
766,5/26/22 23:43,75.538,0.784,,,,
767,5/26/22 23:48,75.549,0.784,,,,
768,5/26/22 23:53,75.538,0.784,,,,
769,5/26/22 23:58,75.527,0.784,,,,
770,5/27/22 0:03,75.527,0.784,,,,
771,5/27/22 0:08,75.527,0.784,,,,
772,5/27/22 0:13,75.527,0.784,,,,
773,5/27/22 0:18,75.484,0.784,,,,
774,5/27/22 0:23,75.505,0.784,,,,
775,5/27/22 0:28,75.494,0.784,,,,
776,5/27/22 0:33,75.494,0.784,,,,
777,5/27/22 0:38,75.494,0.784,,,,
778,5/27/22 0:43,75.484,0.784,,,,
779,5/27/22 0:48,75.484,0.784,,,,
780,5/27/22 0:53,75.473,0.784,,,,
781,5/27/22 0:58,75.473,0.784,,,,
782,5/27/22 1:03,75.484,0.784,,,,
783,5/27/22 1:08,75.462,0.784,,,,
784,5/27/22 1:13,75.451,0.784,,,,
785,5/27/22 1:18,75.44,0.784,,,,
786,5/27/22 1:23,75.451,0.784,,,,
787,5/27/22 1:28,75.429,0.784,,,,
788,5/27/22 1:33,75.429,0.784,,,,
789,5/27/22 1:38,75.429,0.784,,,,
790,5/27/22 1:43,75.429,0.784,,,,
791,5/27/22 1:48,75.407,0.784,,,,
792,5/27/22 1:53,75.418,0.784,,,,
793,5/27/22 1:58,75.396,0.784,,,,
794,5/27/22 2:03,75.374,0.784,,,,
795,5/27/22 2:08,75.385,0.784,,,,
796,5/27/22 2:13,75.385,0.784,,,,
797,5/27/22 2:18,75.364,0.784,,,,
798,5/27/22 2:23,75.353,0.784,,,,
799,5/27/22 2:28,75.374,0.784,,,,
800,5/27/22 2:33,75.364,0.784,,,,
801,5/27/22 2:38,75.353,0.784,,,,
802,5/27/22 2:43,75.364,0.784,,,,
803,5/27/22 2:48,75.342,0.784,,,,
804,5/27/22 2:53,75.342,0.784,,,,
805,5/27/22 2:58,75.342,0.784,,,,
806,5/27/22 3:03,75.342,0.784,,,,
807,5/27/22 3:08,75.342,0.784,,,,
808,5/27/22 3:13,75.331,0.784,,,,
809,5/27/22 3:18,75.331,0.784,,,,
810,5/27/22 3:23,75.331,0.784,,,,
811,5/27/22 3:28,75.32,0.784,,,,
812,5/27/22 3:33,75.309,0.784,,,,
813,5/27/22 3:38,75.309,0.784,,,,
814,5/27/22 3:43,75.298,0.784,,,,
815,5/27/22 3:48,75.298,0.784,,,,
816,5/27/22 3:53,75.309,0.784,,,,
817,5/27/22 3:58,75.298,0.784,,,,
818,5/27/22 4:03,75.298,0.784,,,,
819,5/27/22 4:08,75.287,0.784,,,,
820,5/27/22 4:13,75.287,0.784,,,,
821,5/27/22 4:18,75.287,0.784,,,,
822,5/27/22 4:23,75.276,0.784,,,,
823,5/27/22 4:28,75.276,0.784,,,,
824,5/27/22 4:33,75.265,0.784,,,,
825,5/27/22 4:38,75.276,0.784,,,,
826,5/27/22 4:43,75.276,0.784,,,,
827,5/27/22 4:48,75.276,0.784,,,,
828,5/27/22 4:53,75.265,0.784,,,,
829,5/27/22 4:58,75.265,0.784,,,,
830,5/27/22 5:03,75.265,0.784,,,,
831,5/27/22 5:08,75.254,0.784,,,,
832,5/27/22 5:13,75.254,0.784,,,,
833,5/27/22 5:18,75.254,0.784,,,,
834,5/27/22 5:23,75.254,0.784,,,,
835,5/27/22 5:28,75.254,0.784,,,,
836,5/27/22 5:33,75.233,0.784,,,,
837,5/27/22 5:38,75.233,0.784,,,,
838,5/27/22 5:43,75.233,0.784,,,,
839,5/27/22 5:48,75.243,0.784,,,,
840,5/27/22 5:53,75.243,0.784,,,,
841,5/27/22 5:58,75.254,0.784,,,,
842,5/27/22 6:03,75.233,0.784,,,,
843,5/27/22 6:08,75.233,0.784,,,,
844,5/27/22 6:13,75.222,0.784,,,,
845,5/27/22 6:18,75.222,0.784,,,,
846,5/27/22 6:23,75.2,0.784,,,,
847,5/27/22 6:28,75.2,0.784,,,,
848,5/27/22 6:33,75.2,0.784,,,,
849,5/27/22 6:38,75.189,0.784,,,,
850,5/27/22 6:43,75.2,0.784,,,,
851,5/27/22 6:48,75.178,0.784,,,,
852,5/27/22 6:53,75.189,0.784,,,,
853,5/27/22 6:58,75.178,0.784,,,,
854,5/27/22 7:03,75.178,0.784,,,,
855,5/27/22 7:08,75.156,0.784,,,,
856,5/27/22 7:13,75.178,0.784,,,,
857,5/27/22 7:18,75.167,0.784,,,,
858,5/27/22 7:23,75.189,0.784,,,,
859,5/27/22 7:28,75.167,0.784,,,,
860,5/27/22 7:33,75.156,0.784,,,,
861,5/27/22 7:38,75.145,0.784,,,,
862,5/27/22 7:43,75.156,0.784,,,,
863,5/27/22 7:48,75.156,0.893,,,,
864,5/27/22 7:53,75.156,0.893,,,,
865,5/27/22 7:58,75.134,0.784,,,,
866,5/27/22 8:03,75.123,0.784,,,,
867,5/27/22 8:08,75.123,0.784,,,,
868,5/27/22 8:13,75.134,0.893,,,,
869,5/27/22 8:18,75.113,0.784,,,,
870,5/27/22 8:23,75.112,0.893,,,,
871,5/27/22 8:28,75.123,0.893,,,,
872,5/27/22 8:33,75.101,0.893,,,,
873,5/27/22 8:38,75.112,0.893,,,,
874,5/27/22 8:43,75.091,0.893,,,,
875,5/27/22 8:48,75.091,0.893,,,,
876,5/27/22 8:53,75.08,0.893,,,,
877,5/27/22 8:58,75.08,0.893,,,,
878,5/27/22 9:03,75.069,0.893,,,,
879,5/27/22 9:08,75.08,0.893,,,,
880,5/27/22 9:13,75.069,0.893,,,,
881,5/27/22 9:18,75.036,0.893,,,,
882,5/27/22 9:23,75.047,0.893,,,,
883,5/27/22 9:28,75.025,0.893,,,,
884,5/27/22 9:33,75.025,0.893,,,,
885,5/27/22 9:38,75.014,0.893,,,,
886,5/27/22 9:43,75.003,0.893,,,,
887,5/27/22 9:48,74.992,0.893,,,,
888,5/27/22 9:53,75.003,0.893,,,,
889,5/27/22 9:58,74.981,0.893,,,,
890,5/27/22 10:03,74.981,0.893,,,,
891,5/27/22 10:08,74.981,0.893,,,,
892,5/27/22 10:13,74.971,0.893,,,,
893,5/27/22 10:18,74.971,0.893,,,,
894,5/27/22 10:23,74.96,0.893,,,,
895,5/27/22 10:28,74.96,0.893,,,,
896,5/27/22 10:33,74.949,0.893,,,,
897,5/27/22 10:38,74.971,0.893,,,,
898,5/27/22 10:43,74.96,0.893,,,,
899,5/27/22 10:48,74.949,0.893,,,,
900,5/27/22 10:53,74.927,0.893,,,,
901,5/27/22 10:58,74.916,0.893,,,,
902,5/27/22 11:03,74.916,0.893,,,,
903,5/27/22 11:08,74.938,0.893,,,,
904,5/27/22 11:13,74.927,0.893,,,,
905,5/27/22 11:18,74.905,0.893,,,,
906,5/27/22 11:23,74.894,0.893,,,,
907,5/27/22 11:28,74.894,0.893,,,,
908,5/27/22 11:33,74.883,0.893,,,,
909,5/27/22 11:38,74.883,0.893,,,,
910,5/27/22 11:43,74.883,0.893,,,,
911,5/27/22 11:48,74.872,0.893,,,,
912,5/27/22 11:53,74.872,0.893,,,,
913,5/27/22 11:58,74.861,0.893,,,,
914,5/27/22 12:03,74.851,0.893,,,,
915,5/27/22 12:08,74.851,0.893,,,,
916,5/27/22 12:13,74.861,0.893,,,,
917,5/27/22 12:18,74.829,0.893,,,,
918,5/27/22 12:23,74.851,0.893,,,,
919,5/27/22 12:28,74.829,0.893,,,,
920,5/27/22 12:33,74.84,0.893,,,,
921,5/27/22 12:38,74.829,0.893,,,,
922,5/27/22 12:43,74.796,0.893,,,,
923,5/27/22 12:48,74.796,0.893,,,,
924,5/27/22 12:53,74.807,0.893,,,,
925,5/27/22 12:58,74.807,0.893,,,,
926,5/27/22 13:03,74.785,0.893,,,,
927,5/27/22 13:08,74.796,0.893,,,,
928,5/27/22 13:13,74.796,0.893,,,,
929,5/27/22 13:18,74.785,0.893,,,,
930,5/27/22 13:23,74.752,0.893,,,,
931,5/27/22 13:28,74.763,0.893,,,,
932,5/27/22 13:33,74.731,0.893,,,,
933,5/27/22 13:38,74.731,0.893,,,,
934,5/27/22 13:43,74.731,0.893,,,,
935,5/27/22 13:48,74.72,0.893,,,,
936,5/27/22 13:53,74.72,0.893,,,,
937,5/27/22 13:58,74.709,0.893,,,,
938,5/27/22 14:03,74.709,0.893,,,,
939,5/27/22 14:08,74.687,0.893,,,,
940,5/27/22 14:13,74.687,0.893,,,,
941,5/27/22 14:18,74.687,0.893,,,,
942,5/27/22 14:23,74.687,0.893,,,,
943,5/27/22 14:28,74.665,0.893,,,,
944,5/27/22 14:33,74.698,0.893,,,,
945,5/27/22 14:38,74.698,0.893,,,,
946,5/27/22 14:43,74.676,0.893,,,,
947,5/27/22 14:48,74.676,0.893,,,,
948,5/27/22 14:53,74.654,0.893,,,,
949,5/27/22 14:58,74.654,0.893,,,,
950,5/27/22 15:03,74.665,0.893,,,,
951,5/27/22 15:08,74.665,0.893,,,,
952,5/27/22 15:13,74.665,0.893,,,,
953,5/27/22 15:18,74.665,0.893,,,,
954,5/27/22 15:23,74.665,0.893,,,,
955,5/27/22 15:28,74.665,0.893,,,,
956,5/27/22 15:33,74.676,0.893,,,,
957,5/27/22 15:38,74.72,0.893,,,,
958,5/27/22 15:43,74.752,0.893,,,,
959,5/27/22 15:48,74.774,0.893,,,,
960,5/27/22 15:53,74.763,0.893,,,,
961,5/27/22 15:58,74.741,0.893,,,,
962,5/27/22 16:03,74.741,0.893,,,,
963,5/27/22 16:08,74.731,0.893,,,,
964,5/27/22 16:13,74.72,0.893,,,,
965,5/27/22 16:18,74.709,0.893,,,,
966,5/27/22 16:23,74.698,0.893,,,,
967,5/27/22 16:28,74.709,0.893,,,,
968,5/27/22 16:33,74.698,0.893,,,,
969,5/27/22 16:38,74.709,0.893,,,,
970,5/27/22 16:43,74.709,0.893,,,,
971,5/27/22 16:48,74.709,0.893,,,,
972,5/27/22 16:53,74.698,0.893,,,,
973,5/27/22 16:58,74.72,0.893,,,,
974,5/27/22 17:03,74.709,0.893,,,,
975,5/27/22 17:08,74.698,0.893,,,,
976,5/27/22 17:13,74.698,0.893,,,,
977,5/27/22 17:18,74.698,0.893,,,,
978,5/27/22 17:23,74.687,0.893,,,,
979,5/27/22 17:28,74.676,0.893,,,,
980,5/27/22 17:33,74.687,0.893,,,,
981,5/27/22 17:38,74.687,0.893,,,,
982,5/27/22 17:43,74.687,0.893,,,,
983,5/27/22 17:48,74.676,0.893,,,,
984,5/27/22 17:53,74.709,0.893,,,,
985,5/27/22 17:58,74.676,0.893,,,,
986,5/27/22 18:03,74.687,0.893,,,,
987,5/27/22 18:08,74.698,0.893,,,,
988,5/27/22 18:13,74.731,0.893,,,,
989,5/27/22 18:18,74.687,0.893,,,,
990,5/27/22 18:23,74.687,0.893,,,,
991,5/27/22 18:28,74.687,0.893,,,,
992,5/27/22 18:33,74.687,0.893,,,,
993,5/27/22 18:38,74.698,0.893,,,,
994,5/27/22 18:43,74.676,0.893,,,,
995,5/27/22 18:48,74.687,0.893,,,,
996,5/27/22 18:53,74.665,0.893,,,,
997,5/27/22 18:58,74.676,0.893,,,,
998,5/27/22 19:03,74.676,0.893,,,,
999,5/27/22 19:08,74.687,0.893,,,,
1000,5/27/22 19:13,74.665,0.893,,,,
1001,5/27/22 19:18,74.665,0.893,,,,
1002,5/27/22 19:23,74.665,0.893,,,,
1003,5/27/22 19:28,74.665,0.893,,,,
1004,5/27/22 19:33,74.676,0.893,,,,
1005,5/27/22 19:38,74.676,0.893,,,,
1006,5/27/22 19:43,74.665,0.893,,,,
1007,5/27/22 19:48,74.676,0.893,,,,
1008,5/27/22 19:53,74.676,0.893,,,,
1009,5/27/22 19:58,74.676,0.893,,,,
1010,5/27/22 20:03,74.676,0.893,,,,
1011,5/27/22 20:08,74.676,0.893,,,,
1012,5/27/22 20:13,74.676,0.893,,,,
1013,5/27/22 20:18,74.687,0.893,,,,
1014,5/27/22 20:23,74.687,0.893,,,,
1015,5/27/22 20:28,74.698,0.893,,,,
1016,5/27/22 20:33,74.687,0.893,,,,
1017,5/27/22 20:38,74.687,0.893,,,,
1018,5/27/22 20:43,74.698,0.893,,,,
1019,5/27/22 20:48,74.687,0.893,,,,
1020,5/27/22 20:53,74.698,0.893,,,,
1021,5/27/22 20:58,74.687,0.893,,,,
1022,5/27/22 21:03,74.687,0.893,,,,
1023,5/27/22 21:08,74.687,0.893,,,,
1024,5/27/22 21:13,74.687,0.893,,,,
1025,5/27/22 21:18,74.687,0.893,,,,
1026,5/27/22 21:23,74.676,0.893,,,,
1027,5/27/22 21:28,74.698,1.003,,,,
1028,5/27/22 21:33,74.687,0.893,,,,
1029,5/27/22 21:38,74.709,1.003,,,,
1030,5/27/22 21:43,74.687,1.003,,,,
1031,5/27/22 21:48,74.665,0.893,,,,
1032,5/27/22 21:53,74.676,1.003,,,,
1033,5/27/22 21:58,74.654,0.893,,,,
1034,5/27/22 22:03,74.665,1.003,,,,
1035,5/27/22 22:08,74.654,1.003,,,,
1036,5/27/22 22:13,74.643,1.003,,,,
1037,5/27/22 22:18,74.643,1.003,,,,
1038,5/27/22 22:23,74.643,1.003,,,,
1039,5/27/22 22:28,74.621,0.893,,,,
1040,5/27/22 22:33,74.632,1.003,,,,
1041,5/27/22 22:38,74.621,1.003,,,,
1042,5/27/22 22:43,74.61,1.003,,,,
1043,5/27/22 22:48,74.61,1.003,,,,
1044,5/27/22 22:53,74.599,1.003,,,,
1045,5/27/22 22:58,74.621,1.003,,,,
1046,5/27/22 23:03,74.589,1.003,,,,
1047,5/27/22 23:08,74.589,1.003,,,,
1048,5/27/22 23:13,74.578,1.003,,,,
1049,5/27/22 23:18,74.567,1.003,,,,
1050,5/27/22 23:23,74.556,1.003,,,,
1051,5/27/22 23:28,74.567,1.003,,,,
1052,5/27/22 23:33,74.567,1.003,,,,
1053,5/27/22 23:38,74.556,1.003,,,,
1054,5/27/22 23:43,74.534,1.003,,,,
1055,5/27/22 23:48,74.523,1.003,,,,
1056,5/27/22 23:53,74.545,1.003,,,,
1057,5/27/22 23:58,74.523,1.003,,,,
1058,5/28/22 0:03,74.512,1.003,,,,
1059,5/28/22 0:08,74.523,1.003,,,,
1060,5/28/22 0:13,74.501,1.003,,,,
1061,5/28/22 0:18,74.501,1.003,,,,
1062,5/28/22 0:23,74.501,1.003,,,,
1063,5/28/22 0:28,74.49,1.003,,,,
1064,5/28/22 0:33,74.49,1.003,,,,
1065,5/28/22 0:38,74.49,1.003,,,,
1066,5/28/22 0:43,74.469,1.003,,,,
1067,5/28/22 0:48,74.458,1.003,,,,
1068,5/28/22 0:53,74.458,1.003,,,,
1069,5/28/22 0:58,74.447,1.003,,,,
1070,5/28/22 1:03,74.447,1.003,,,,
1071,5/28/22 1:08,74.436,1.003,,,,
1072,5/28/22 1:13,74.425,1.003,,,,
1073,5/28/22 1:18,74.425,1.003,,,,
1074,5/28/22 1:23,74.414,1.003,,,,
1075,5/28/22 1:28,74.403,1.003,,,,
1076,5/28/22 1:33,74.403,1.003,,,,
1077,5/28/22 1:38,74.403,1.003,,,,
1078,5/28/22 1:43,74.392,1.003,,,,
1079,5/28/22 1:48,74.381,1.003,,,,
1080,5/28/22 1:53,74.392,1.003,,,,
1081,5/28/22 1:58,74.381,1.003,,,,
1082,5/28/22 2:03,74.37,1.003,,,,
1083,5/28/22 2:08,74.37,1.003,,,,
1084,5/28/22 2:13,74.349,1.003,,,,
1085,5/28/22 2:18,74.359,1.003,,,,
1086,5/28/22 2:23,74.359,1.003,,,,
1087,5/28/22 2:28,74.359,1.003,,,,
1088,5/28/22 2:33,74.327,1.003,,,,
1089,5/28/22 2:38,74.316,1.003,,,,
1090,5/28/22 2:43,74.305,1.003,,,,
1091,5/28/22 2:48,74.294,1.003,,,,
1092,5/28/22 2:53,74.294,1.003,,,,
1093,5/28/22 2:58,74.305,1.003,,,,
1094,5/28/22 3:03,74.283,1.003,,,,
1095,5/28/22 3:08,74.283,1.003,,,,
1096,5/28/22 3:13,74.283,1.003,,,,
1097,5/28/22 3:18,74.261,1.003,,,,
1098,5/28/22 3:23,74.239,1.003,,,,
1099,5/28/22 3:28,74.25,1.003,,,,
1100,5/28/22 3:33,74.239,1.003,,,,
1101,5/28/22 3:38,74.229,1.003,,,,
1102,5/28/22 3:43,74.239,1.003,,,,
1103,5/28/22 3:48,74.229,1.003,,,,
1104,5/28/22 3:53,74.229,1.003,,,,
1105,5/28/22 3:58,74.229,1.003,,,,
1106,5/28/22 4:03,74.218,1.003,,,,
1107,5/28/22 4:08,74.207,1.003,,,,
1108,5/28/22 4:13,74.207,1.003,,,,
1109,5/28/22 4:18,74.207,1.003,,,,
1110,5/28/22 4:23,74.196,1.003,,,,
1111,5/28/22 4:28,74.196,1.003,,,,
1112,5/28/22 4:33,74.185,1.003,,,,
1113,5/28/22 4:38,74.196,1.003,,,,
1114,5/28/22 4:43,74.185,1.003,,,,
1115,5/28/22 4:48,74.174,1.003,,,,
1116,5/28/22 4:53,74.174,1.003,,,,
1117,5/28/22 4:58,74.174,1.003,,,,
1118,5/28/22 5:03,74.152,1.003,,,,
1119,5/28/22 5:08,74.163,1.003,,,,
1120,5/28/22 5:13,74.163,1.003,,,,
1121,5/28/22 5:18,74.152,1.003,,,,
1122,5/28/22 5:23,74.163,1.003,,,,
1123,5/28/22 5:28,74.152,1.003,,,,
1124,5/28/22 5:33,74.141,1.003,,,,
1125,5/28/22 5:38,74.152,1.003,,,,
1126,5/28/22 5:43,74.141,1.003,,,,
1127,5/28/22 5:48,74.141,1.003,,,,
1128,5/28/22 5:53,74.13,1.003,,,,
1129,5/28/22 5:58,74.13,1.003,,,,
1130,5/28/22 6:03,74.13,1.003,,,,
1131,5/28/22 6:08,74.13,1.003,,,,
1132,5/28/22 6:13,74.119,1.003,,,,
1133,5/28/22 6:18,74.109,1.003,,,,
1134,5/28/22 6:23,74.119,1.003,,,,
1135,5/28/22 6:28,74.119,1.003,,,,
1136,5/28/22 6:33,74.119,1.003,,,,
1137,5/28/22 6:38,74.119,1.003,,,,
1138,5/28/22 6:43,74.098,1.003,,,,
1139,5/28/22 6:48,74.098,1.003,,,,
1140,5/28/22 6:53,74.109,1.003,,,,
1141,5/28/22 6:58,74.087,1.003,,,,
1142,5/28/22 7:03,74.087,1.003,,,,
1143,5/28/22 7:08,74.087,1.003,,,,
1144,5/28/22 7:13,74.065,1.003,,,,
1145,5/28/22 7:18,74.065,1.003,,,,
1146,5/28/22 7:23,74.065,1.003,,,,
1147,5/28/22 7:28,74.065,1.003,,,,
1148,5/28/22 7:33,74.076,1.003,,,,
1149,5/28/22 7:38,74.076,1.003,,,,
1150,5/28/22 7:43,74.065,1.003,,,,
1151,5/28/22 7:48,74.043,1.003,,,,
1152,5/28/22 7:53,74.043,1.003,,,,
1153,5/28/22 7:58,74.032,1.003,,,,
1154,5/28/22 8:03,74.043,1.003,,,,
1155,5/28/22 8:08,74.01,1.003,,,,
1156,5/28/22 8:13,74.021,1.003,,,,
1157,5/28/22 8:18,74.01,1.003,,,,
1158,5/28/22 8:23,73.989,1.003,,,,
1159,5/28/22 8:28,73.978,1.003,,,,
1160,5/28/22 8:33,73.989,1.003,,,,
1161,5/28/22 8:38,73.978,1.003,,,,
1162,5/28/22 8:43,73.956,1.003,,,,
1163,5/28/22 8:48,73.967,1.003,,,,
1164,5/28/22 8:53,73.966,1.112,,,,
1165,5/28/22 8:58,73.945,1.003,,,,
1166,5/28/22 9:03,73.966,1.112,,,,
1167,5/28/22 9:08,73.956,1.112,,,,
1168,5/28/22 9:13,73.966,1.112,,,,
1169,5/28/22 9:18,73.945,1.112,,,,
1170,5/28/22 9:23,73.934,1.112,,,,
1171,5/28/22 9:28,73.945,1.112,,,,
1172,5/28/22 9:33,73.934,1.112,,,,
1173,5/28/22 9:38,73.923,1.112,,,,
1174,5/28/22 9:43,73.912,1.112,,,,
1175,5/28/22 9:48,73.89,1.112,,,,
1176,5/28/22 9:53,73.912,1.112,,,,
1177,5/28/22 9:58,73.901,1.112,,,,
1178,5/28/22 10:03,73.923,1.112,,,,
1179,5/28/22 10:08,73.901,1.112,,,,
1180,5/28/22 10:13,73.89,1.112,,,,
1181,5/28/22 10:18,73.89,1.112,,,,
1182,5/28/22 10:23,73.89,1.112,,,,
1183,5/28/22 10:28,73.868,1.112,,,,
1184,5/28/22 10:33,73.868,1.112,,,,
1185,5/28/22 10:38,73.857,1.112,,,,
1186,5/28/22 10:43,73.846,1.112,,,,
1187,5/28/22 10:48,73.857,1.112,,,,
1188,5/28/22 10:53,73.836,1.112,,,,
1189,5/28/22 10:58,73.846,1.112,,,,
1190,5/28/22 11:03,73.836,1.112,,,,
1191,5/28/22 11:08,73.825,1.112,,,,
1192,5/28/22 11:13,73.803,1.112,,,,
1193,5/28/22 11:18,73.814,1.112,,,,
1194,5/28/22 11:23,73.803,1.112,,,,
1195,5/28/22 11:28,73.803,1.112,,,,
1196,5/28/22 11:33,73.781,1.112,,,,
1197,5/28/22 11:38,73.792,1.112,,,,
1198,5/28/22 11:43,73.792,1.112,,,,
1199,5/28/22 11:48,73.77,1.112,,,,
1200,5/28/22 11:53,73.77,1.112,,,,
1201,5/28/22 11:58,73.77,1.112,,,,
1202,5/28/22 12:03,73.759,1.112,,,,
1203,5/28/22 12:08,73.737,1.112,,,,
1204,5/28/22 12:13,73.737,1.112,,,,
1205,5/28/22 12:18,73.737,1.112,,,,
1206,5/28/22 12:23,73.705,1.112,,,,
1207,5/28/22 12:28,73.716,1.112,,,,
1208,5/28/22 12:33,73.683,1.112,,,,
1209,5/28/22 12:38,73.705,1.112,,,,
1210,5/28/22 12:43,73.683,1.112,,,,
1211,5/28/22 12:48,73.661,1.112,,,,
1212,5/28/22 12:53,73.661,1.112,,,,
1213,5/28/22 12:58,73.65,1.112,,,,
1214,5/28/22 13:03,73.672,1.112,,,,
1215,5/28/22 13:08,73.65,1.112,,,,
1216,5/28/22 13:13,73.628,1.112,,,,
1217,5/28/22 13:18,73.628,1.112,,,,
1218,5/28/22 13:23,73.617,1.112,,,,
1219,5/28/22 13:28,73.607,1.112,,,,
1220,5/28/22 13:33,73.628,1.112,,,,
1221,5/28/22 13:38,73.607,1.112,,,,
1222,5/28/22 13:43,73.596,1.112,,,,
1223,5/28/22 13:48,73.596,1.112,,,,
1224,5/28/22 13:53,73.596,1.112,,,,
1225,5/28/22 13:58,73.585,1.112,,,,
1226,5/28/22 14:03,73.596,1.112,,,,
1227,5/28/22 14:08,73.585,1.112,,,,
1228,5/28/22 14:13,73.607,1.112,,,,
1229,5/28/22 14:18,73.574,1.112,,,,
1230,5/28/22 14:23,73.585,1.112,,,,
1231,5/28/22 14:28,73.585,1.112,,,,
1232,5/28/22 14:33,73.574,1.112,,,,
1233,5/28/22 14:38,73.574,1.112,,,,
1234,5/28/22 14:43,73.563,1.112,,,,
1235,5/28/22 14:48,73.574,1.112,,,,
1236,5/28/22 14:53,73.563,1.112,,,,
1237,5/28/22 14:58,73.574,1.112,,,,
1238,5/28/22 15:03,73.563,1.112,,,,
1239,5/28/22 15:08,73.563,1.112,,,,
1240,5/28/22 15:13,73.574,1.112,,,,
1241,5/28/22 15:18,73.552,1.112,,,,
1242,5/28/22 15:23,73.552,1.112,,,,
1243,5/28/22 15:28,73.563,1.112,,,,
1244,5/28/22 15:33,73.563,1.112,,,,
1245,5/28/22 15:38,73.563,1.112,,,,
1246,5/28/22 15:43,73.563,1.112,,,,
1247,5/28/22 15:48,73.552,1.112,,,,
1248,5/28/22 15:53,73.552,1.112,,,,
1249,5/28/22 15:58,73.552,1.112,,,,
1250,5/28/22 16:03,73.541,1.112,,,,
1251,5/28/22 16:08,73.552,1.112,,,,
1252,5/28/22 16:13,73.541,1.112,,,,
1253,5/28/22 16:18,73.53,1.112,,,,
1254,5/28/22 16:23,73.541,1.112,,,,
1255,5/28/22 16:28,73.53,1.112,,,,
1256,5/28/22 16:33,73.519,1.112,,,,
1257,5/28/22 16:38,73.508,1.112,,,,
1258,5/28/22 16:43,73.519,1.112,,,,
1259,5/28/22 16:48,73.53,1.112,,,,
1260,5/28/22 16:53,73.519,1.112,,,,
1261,5/28/22 16:58,73.53,1.112,,,,
1262,5/28/22 17:03,73.53,1.112,,,,
1263,5/28/22 17:08,73.541,1.112,,,,
1264,5/28/22 17:13,73.541,1.112,,,,
1265,5/28/22 17:18,73.563,1.112,,,,
1266,5/28/22 17:23,73.541,1.112,,,,
1267,5/28/22 17:28,73.541,1.112,,,,
1268,5/28/22 17:33,73.541,1.112,,,,
1269,5/28/22 17:38,73.53,1.112,,,,
1270,5/28/22 17:43,73.519,1.112,,,,
1271,5/28/22 17:48,73.508,1.112,,,,
1272,5/28/22 17:53,73.53,1.112,,,,
1273,5/28/22 17:58,73.508,1.112,,,,
1274,5/28/22 18:03,73.508,1.112,,,,
1275,5/28/22 18:08,73.487,1.112,,,,
1276,5/28/22 18:13,73.487,1.112,,,,
1277,5/28/22 18:18,73.497,1.112,,,,
1278,5/28/22 18:23,73.497,1.112,,,,
1279,5/28/22 18:28,73.497,1.112,,,,
1280,5/28/22 18:33,73.487,1.112,,,,
1281,5/28/22 18:38,73.497,1.112,,,,
1282,5/28/22 18:43,73.487,1.112,,,,
1283,5/28/22 18:48,73.487,1.112,,,,
1284,5/28/22 18:53,73.487,1.112,,,,
1285,5/28/22 18:58,73.487,1.112,,,,
1286,5/28/22 19:03,73.476,1.112,,,,
1287,5/28/22 19:08,73.476,1.112,,,,
1288,5/28/22 19:13,73.476,1.112,,,,
1289,5/28/22 19:18,73.454,1.112,,,,
1290,5/28/22 19:23,73.454,1.112,,,,
1291,5/28/22 19:28,73.454,1.112,,,,
1292,5/28/22 19:33,73.443,1.112,,,,
1293,5/28/22 19:38,73.454,1.112,,,,
1294,5/28/22 19:43,73.443,1.112,,,,
1295,5/28/22 19:48,73.432,1.112,,,,
1296,5/28/22 19:53,73.421,1.112,,,,
1297,5/28/22 19:58,73.41,1.112,,,,
1298,5/28/22 20:03,73.421,1.112,,,,
1299,5/28/22 20:08,73.432,1.221,,,,
1300,5/28/22 20:13,73.432,1.221,,,,
1301,5/28/22 20:18,73.432,1.221,,,,
1302,5/28/22 20:23,73.432,1.221,,,,
1303,5/28/22 20:28,73.464,1.221,,,,
1304,5/28/22 20:33,73.464,1.221,,,,
1305,5/28/22 20:38,73.464,1.221,,,,
1306,5/28/22 20:43,73.475,1.221,,,,
1307,5/28/22 20:48,73.486,1.221,,,,
1308,5/28/22 20:53,73.486,1.221,,,,
1309,5/28/22 20:58,73.486,1.221,,,,
1310,5/28/22 21:03,73.464,1.221,,,,
1311,5/28/22 21:08,73.464,1.221,,,,
1312,5/28/22 21:13,73.464,1.221,,,,
1313,5/28/22 21:18,73.464,1.221,,,,
1314,5/28/22 21:23,73.464,1.221,,,,
1315,5/28/22 21:28,73.453,1.221,,,,
1316,5/28/22 21:33,73.464,1.221,,,,
1317,5/28/22 21:38,73.443,1.221,,,,
1318,5/28/22 21:43,73.453,1.221,,,,
1319,5/28/22 21:48,73.432,1.221,,,,
1320,5/28/22 21:53,73.432,1.221,,,,
1321,5/28/22 21:58,73.432,1.221,,,,
1322,5/28/22 22:03,73.432,1.221,,,,
1323,5/28/22 22:08,73.432,1.221,,,,
1324,5/28/22 22:13,73.421,1.221,,,,
1325,5/28/22 22:18,73.41,1.221,,,,
1326,5/28/22 22:23,73.399,1.221,,,,
1327,5/28/22 22:28,73.399,1.221,,,,
1328,5/28/22 22:33,73.399,1.221,,,,
1329,5/28/22 22:38,73.388,1.221,,,,
1330,5/28/22 22:43,73.377,1.221,,,,
1331,5/28/22 22:48,73.366,1.221,,,,
1332,5/28/22 22:53,73.355,1.221,,,,
1333,5/28/22 22:58,73.366,1.221,,,,
1334,5/28/22 23:03,73.344,1.221,,,,
1335,5/28/22 23:08,73.344,1.221,,,,
1336,5/28/22 23:13,73.355,1.221,,,,
1337,5/28/22 23:18,73.344,1.221,,,,
1338,5/28/22 23:23,73.323,1.221,,,,
1339,5/28/22 23:28,73.333,1.221,,,,
1340,5/28/22 23:33,73.333,1.221,,,,
1341,5/28/22 23:38,73.323,1.221,,,,
1342,5/28/22 23:43,73.323,1.221,,,,
1343,5/28/22 23:48,73.323,1.221,,,,
1344,5/28/22 23:53,73.301,1.221,,,,
1345,5/28/22 23:58,73.301,1.221,,,,
1346,5/29/22 0:03,73.301,1.221,,,,
1347,5/29/22 0:08,73.301,1.221,,,,
1348,5/29/22 0:13,73.312,1.221,,,,
1349,5/29/22 0:18,73.29,1.221,,,,
1350,5/29/22 0:23,73.29,1.221,,,,
1351,5/29/22 0:28,73.29,1.221,,,,
1352,5/29/22 0:33,73.279,1.221,,,,
1353,5/29/22 0:38,73.29,1.221,,,,
1354,5/29/22 0:43,73.29,1.221,,,,
1355,5/29/22 0:48,73.268,1.221,,,,
1356,5/29/22 0:53,73.268,1.221,,,,
1357,5/29/22 0:58,73.279,1.221,,,,
1358,5/29/22 1:03,73.257,1.221,,,,
1359,5/29/22 1:08,73.257,1.221,,,,
1360,5/29/22 1:13,73.268,1.221,,,,
1361,5/29/22 1:18,73.279,1.221,,,,
1362,5/29/22 1:23,73.279,1.221,,,,
1363,5/29/22 1:28,73.279,1.221,,,,
1364,5/29/22 1:33,73.279,1.221,,,,
1365,5/29/22 1:38,73.268,1.221,,,,
1366,5/29/22 1:43,73.268,1.221,,,,
1367,5/29/22 1:48,73.268,1.221,,,,
1368,5/29/22 1:53,73.279,1.221,,,,
1369,5/29/22 1:58,73.268,1.221,,,,
1370,5/29/22 2:03,73.279,1.221,,,,
1371,5/29/22 2:08,73.279,1.221,,,,
1372,5/29/22 2:13,73.257,1.221,,,,
1373,5/29/22 2:18,73.279,1.221,,,,
1374,5/29/22 2:23,73.279,1.221,,,,
1375,5/29/22 2:28,73.301,1.221,,,,
1376,5/29/22 2:33,73.279,1.221,,,,
1377,5/29/22 2:38,73.257,1.221,,,,
1378,5/29/22 2:43,73.29,1.221,,,,
1379,5/29/22 2:48,73.301,1.221,,,,
1380,5/29/22 2:53,73.301,1.221,,,,
1381,5/29/22 2:58,73.29,1.221,,,,
1382,5/29/22 3:03,73.279,1.221,,,,
1383,5/29/22 3:08,73.268,1.221,,,,
1384,5/29/22 3:13,73.257,1.221,,,,
1385,5/29/22 3:18,73.268,1.221,,,,
1386,5/29/22 3:23,73.246,1.221,,,,
1387,5/29/22 3:28,73.246,1.221,,,,
1388,5/29/22 3:33,73.246,1.221,,,,
1389,5/29/22 3:38,73.268,1.221,,,,
1390,5/29/22 3:43,73.257,1.221,,,,
1391,5/29/22 3:48,73.246,1.221,,,,
1392,5/29/22 3:53,73.268,1.221,,,,
1393,5/29/22 3:58,73.268,1.221,,,,
1394,5/29/22 4:03,73.257,1.221,,,,
1395,5/29/22 4:08,73.257,1.221,,,,
1396,5/29/22 4:13,73.257,1.221,,,,
1397,5/29/22 4:18,73.268,1.221,,,,
1398,5/29/22 4:23,73.246,1.221,,,,
1399,5/29/22 4:28,73.235,1.221,,,,
1400,5/29/22 4:33,73.246,1.221,,,,
1401,5/29/22 4:38,73.246,1.221,,,,
1402,5/29/22 4:43,73.246,1.221,,,,
1403,5/29/22 4:48,73.246,1.221,,,,
1404,5/29/22 4:53,73.246,1.221,,,,
1405,5/29/22 4:58,73.246,1.221,,,,
1406,5/29/22 5:03,73.246,1.221,,,,
1407,5/29/22 5:08,73.268,1.221,,,,
1408,5/29/22 5:13,73.246,1.221,,,,
1409,5/29/22 5:18,73.246,1.221,,,,
1410,5/29/22 5:23,73.246,1.221,,,,
1411,5/29/22 5:28,73.246,1.221,,,,
1412,5/29/22 5:33,73.246,1.221,,,,
1413,5/29/22 5:38,73.246,1.221,,,,
1414,5/29/22 5:43,73.246,1.221,,,,
1415,5/29/22 5:48,73.246,1.221,,,,
1416,5/29/22 5:53,73.235,1.221,,,,
1417,5/29/22 5:58,73.235,1.221,,,,
1418,5/29/22 6:03,73.224,1.221,,,,
1419,5/29/22 6:08,73.235,1.221,,,,
1420,5/29/22 6:13,73.224,1.221,,,,
1421,5/29/22 6:18,73.203,1.221,,,,
1422,5/29/22 6:23,73.192,1.221,,,,
1423,5/29/22 6:28,73.17,1.221,,,,
1424,5/29/22 6:33,73.148,1.221,,,,
1425,5/29/22 6:38,73.137,1.221,,,,
1426,5/29/22 6:43,73.137,1.221,,,,
1427,5/29/22 6:48,73.094,1.221,,,,
1428,5/29/22 6:53,73.094,1.221,,,,
1429,5/29/22 6:58,73.083,1.221,,,,
1430,5/29/22 7:03,73.072,1.221,,,,
1431,5/29/22 7:08,73.05,1.221,,,,
1432,5/29/22 7:13,73.05,1.221,,,,
1433,5/29/22 7:18,73.05,1.221,,,,
1434,5/29/22 7:23,73.039,1.221,,,,
1435,5/29/22 7:28,73.028,1.221,,,,
1436,5/29/22 7:33,73.028,1.221,,,,
1437,5/29/22 7:38,73.039,1.221,,,,
1438,5/29/22 7:43,73.028,1.221,,,,
1439,5/29/22 7:48,73.028,1.221,,,,
1440,5/29/22 7:53,73.017,1.221,,,,
1441,5/29/22 7:58,73.017,1.221,,,,
1442,5/29/22 8:03,72.995,1.221,,,,
1443,5/29/22 8:08,72.995,1.221,,,,
1444,5/29/22 8:13,72.995,1.33,,,,
1445,5/29/22 8:18,72.995,1.221,,,,
1446,5/29/22 8:23,72.995,1.33,,,,
1447,5/29/22 8:28,72.973,1.33,,,,
1448,5/29/22 8:33,72.973,1.33,,,,
1449,5/29/22 8:38,72.963,1.221,,,,
1450,5/29/22 8:43,72.94,1.33,,,,
1451,5/29/22 8:48,72.951,1.33,,,,
1452,5/29/22 8:53,72.94,1.33,,,,
1453,5/29/22 8:58,72.94,1.33,,,,
1454,5/29/22 9:03,72.93,1.33,,,,
1455,5/29/22 9:08,72.908,1.33,,,,
1456,5/29/22 9:13,72.919,1.33,,,,
1457,5/29/22 9:18,72.908,1.33,,,,
1458,5/29/22 9:23,72.919,1.33,,,,
1459,5/29/22 9:28,72.897,1.33,,,,
1460,5/29/22 9:33,72.897,1.33,,,,
1461,5/29/22 9:38,72.908,1.33,,,,
1462,5/29/22 9:43,72.886,1.33,,,,
1463,5/29/22 9:48,72.886,1.33,,,,
1464,5/29/22 9:53,72.875,1.33,,,,
1465,5/29/22 9:58,72.864,1.33,,,,
1466,5/29/22 10:03,72.853,1.33,,,,
1467,5/29/22 10:08,72.853,1.33,,,,
1468,5/29/22 10:13,72.853,1.33,,,,
1469,5/29/22 10:18,72.886,1.33,,,,
1470,5/29/22 10:23,72.886,1.33,,,,
1471,5/29/22 10:28,72.908,1.33,,,,
1472,5/29/22 10:33,72.886,1.33,,,,
1473,5/29/22 10:38,72.864,1.33,,,,
1474,5/29/22 10:43,72.864,1.33,,,,
1475,5/29/22 10:48,72.842,1.33,,,,
1476,5/29/22 10:53,72.82,1.33,,,,
1477,5/29/22 10:58,72.81,1.33,,,,
1478,5/29/22 11:03,72.799,1.33,,,,
1479,5/29/22 11:08,72.788,1.33,,,,
1480,5/29/22 11:13,72.788,1.33,,,,
1481,5/29/22 11:18,72.777,1.33,,,,
1482,5/29/22 11:23,72.755,1.33,,,,
1483,5/29/22 11:28,72.766,1.33,,,,
1484,5/29/22 11:33,72.777,1.33,,,,
1485,5/29/22 11:38,72.733,1.33,,,,
1486,5/29/22 11:43,72.733,1.33,,,,
1487,5/29/22 11:48,72.733,1.33,,,,
1488,5/29/22 11:53,72.733,1.33,,,,
1489,5/29/22 11:58,72.722,1.33,,,,
1490,5/29/22 12:03,72.701,1.33,,,,
1491,5/29/22 12:08,72.69,1.33,,,,
1492,5/29/22 12:13,72.733,1.33,,,,
1493,5/29/22 12:18,72.744,1.33,,,,
1494,5/29/22 12:23,72.853,1.33,,,,
1495,5/29/22 12:28,72.81,1.33,,,,
1496,5/29/22 12:33,72.842,1.33,,,,
1497,5/29/22 12:38,72.853,1.33,,,,
1498,5/29/22 12:43,72.842,1.33,,,,
1499,5/29/22 12:48,72.864,1.33,,,,
1500,5/29/22 12:53,72.853,1.33,,,,
1501,5/29/22 12:58,72.864,1.33,,,,
1502,5/29/22 13:03,72.897,1.33,,,,
1503,5/29/22 13:08,72.886,1.33,,,,
1504,5/29/22 13:13,72.875,1.33,,,,
1505,5/29/22 13:18,72.864,1.33,,,,
1506,5/29/22 13:23,72.853,1.33,,,,
1507,5/29/22 13:28,72.853,1.33,,,,
1508,5/29/22 13:33,72.853,1.33,,,,
1509,5/29/22 13:38,72.842,1.33,,,,
1510,5/29/22 13:43,72.842,1.33,,,,
1511,5/29/22 13:48,72.853,1.33,,,,
1512,5/29/22 13:53,72.864,1.33,,,,
1513,5/29/22 13:58,72.875,1.33,,,,
1514,5/29/22 14:03,72.864,1.33,,,,
1515,5/29/22 14:08,72.864,1.33,,,,
1516,5/29/22 14:13,72.853,1.33,,,,
1517,5/29/22 14:18,72.842,1.33,,,,
1518,5/29/22 14:23,72.831,1.33,,,,
1519,5/29/22 14:28,72.842,1.33,,,,
1520,5/29/22 14:33,72.842,1.33,,,,
1521,5/29/22 14:38,72.842,1.33,,,,
1522,5/29/22 14:43,72.82,1.33,,,,
1523,5/29/22 14:48,72.82,1.33,,,,
1524,5/29/22 14:53,72.81,1.33,,,,
1525,5/29/22 14:58,72.82,1.33,,,,
1526,5/29/22 15:03,72.788,1.33,,,,
1527,5/29/22 15:08,72.788,1.33,,,,
1528,5/29/22 15:13,72.788,1.33,,,,
1529,5/29/22 15:18,72.777,1.33,,,,
1530,5/29/22 15:23,72.766,1.33,,,,
1531,5/29/22 15:28,72.777,1.33,,,,
1532,5/29/22 15:33,72.777,1.33,,,,
1533,5/29/22 15:38,72.766,1.33,,,,
1534,5/29/22 15:43,72.777,1.33,,,,
1535,5/29/22 15:48,72.766,1.33,,,,
1536,5/29/22 15:53,72.755,1.33,,,,
1537,5/29/22 15:58,72.766,1.33,,,,
1538,5/29/22 16:03,72.755,1.33,,,,
1539,5/29/22 16:08,72.755,1.33,,,,
1540,5/29/22 16:13,72.744,1.33,,,,
1541,5/29/22 16:18,72.766,1.33,,,,
1542,5/29/22 16:23,72.766,1.33,,,,
1543,5/29/22 16:28,72.766,1.33,,,,
1544,5/29/22 16:33,72.788,1.33,,,,
1545,5/29/22 16:38,72.831,1.33,,,,
1546,5/29/22 16:43,72.81,1.33,,,,
1547,5/29/22 16:48,72.799,1.33,,,,
1548,5/29/22 16:53,72.799,1.33,,,,
1549,5/29/22 16:58,72.799,1.33,,,,
1550,5/29/22 17:03,72.788,1.33,,,,
1551,5/29/22 17:08,72.81,1.33,,,,
1552,5/29/22 17:13,72.81,1.33,,,,
1553,5/29/22 17:18,72.82,1.33,,,,
1554,5/29/22 17:23,72.82,1.33,,,,
1555,5/29/22 17:28,72.82,1.33,,,,
1556,5/29/22 17:33,72.842,1.33,,,,
1557,5/29/22 17:38,72.81,1.33,,,,
1558,5/29/22 17:43,72.799,1.33,,,,
1559,5/29/22 17:48,72.82,1.33,,,,
1560,5/29/22 17:53,72.831,1.33,,,,
1561,5/29/22 17:58,72.842,1.33,,,,
1562,5/29/22 18:03,72.842,1.33,,,,
1563,5/29/22 18:08,72.842,1.33,,,,
1564,5/29/22 18:13,72.842,1.33,,,,
1565,5/29/22 18:18,72.842,1.33,,,,
1566,5/29/22 18:23,72.842,1.33,,,,
1567,5/29/22 18:28,72.842,1.33,,,,
1568,5/29/22 18:33,72.853,1.33,,,,
1569,5/29/22 18:38,72.864,1.33,,,,
1570,5/29/22 18:43,72.864,1.33,,,,
1571,5/29/22 18:48,72.864,1.33,,,,
1572,5/29/22 18:53,72.886,1.33,,,,
1573,5/29/22 18:58,72.864,1.33,,,,
1574,5/29/22 19:03,72.864,1.33,,,,
1575,5/29/22 19:08,72.864,1.33,,,,
1576,5/29/22 19:13,72.864,1.33,,,,
1577,5/29/22 19:18,72.864,1.33,,,,
1578,5/29/22 19:23,72.853,1.33,,,,
1579,5/29/22 19:28,72.853,1.33,,,,
1580,5/29/22 19:33,72.853,1.33,,,,
1581,5/29/22 19:38,72.864,1.33,,,,
1582,5/29/22 19:43,72.875,1.33,,,,
1583,5/29/22 19:48,72.864,1.33,,,,
1584,5/29/22 19:53,72.875,1.33,,,,
1585,5/29/22 19:58,72.864,1.33,,,,
1586,5/29/22 20:03,72.886,1.33,,,,
1587,5/29/22 20:08,72.897,1.33,,,,
1588,5/29/22 20:13,72.897,1.33,,,,
1589,5/29/22 20:18,72.908,1.33,,,,
1590,5/29/22 20:23,72.886,1.33,,,,
1591,5/29/22 20:28,72.897,1.33,,,,
1592,5/29/22 20:33,72.919,1.33,,,,
1593,5/29/22 20:38,72.93,1.33,,,,
1594,5/29/22 20:43,72.94,1.33,,,,
1595,5/29/22 20:48,72.951,1.33,,,,
1596,5/29/22 20:53,72.951,1.33,,,,
1597,5/29/22 20:58,72.94,1.33,,,,
1598,5/29/22 21:03,72.94,1.33,,,,
1599,5/29/22 21:08,72.962,1.33,,,,
1600,5/29/22 21:13,72.973,1.33,,,,
1601,5/29/22 21:18,72.984,1.33,,,,
1602,5/29/22 21:23,72.995,1.33,,,,
1603,5/29/22 21:28,73.017,1.33,,,,
1604,5/29/22 21:33,73.028,1.33,,,,
1605,5/29/22 21:38,73.017,1.33,,,,
1606,5/29/22 21:43,73.028,1.33,,,,
1607,5/29/22 21:48,73.028,1.33,,,,
1608,5/29/22 21:53,73.039,1.33,,,,
1609,5/29/22 21:58,73.017,1.33,,,,
1610,5/29/22 22:03,73.039,1.33,,,,
1611,5/29/22 22:08,73.039,1.33,,,,
1612,5/29/22 22:13,73.049,1.439,,,,
1613,5/29/22 22:18,73.017,1.33,,,,
1614,5/29/22 22:23,73.017,1.33,,,,
1615,5/29/22 22:28,73.049,1.439,,,,
1616,5/29/22 22:33,73.028,1.33,,,,
1617,5/29/22 22:38,73.039,1.33,,,,
1618,5/29/22 22:43,73.028,1.33,,,,
1619,5/29/22 22:48,73.049,1.439,,,,
1620,5/29/22 22:53,73.049,1.439,,,,
1621,5/29/22 22:58,73.038,1.439,,,,
1622,5/29/22 23:03,73.049,1.439,,,,
1623,5/29/22 23:08,73.038,1.439,,,,
1624,5/29/22 23:13,73.049,1.439,,,,
1625,5/29/22 23:18,73.038,1.439,,,,
1626,5/29/22 23:23,73.038,1.439,,,,
1627,5/29/22 23:28,73.049,1.439,,,,
1628,5/29/22 23:33,73.049,1.439,,,,
1629,5/29/22 23:38,73.038,1.439,,,,
1630,5/29/22 23:43,73.027,1.439,,,,
1631,5/29/22 23:48,73.005,1.439,,,,
1632,5/29/22 23:53,72.994,1.439,,,,
1633,5/29/22 23:58,72.994,1.439,,,,
1634,5/30/22 0:03,72.984,1.439,,,,
1635,5/30/22 0:08,72.994,1.439,,,,
1636,5/30/22 0:13,72.984,1.439,,,,
1637,5/30/22 0:18,72.994,1.439,,,,
1638,5/30/22 0:23,73.016,1.439,,,,
1639,5/30/22 0:28,72.994,1.439,,,,
1640,5/30/22 0:33,73.005,1.439,,,,
1641,5/30/22 0:38,72.984,1.439,,,,
1642,5/30/22 0:43,72.994,1.439,,,,
1643,5/30/22 0:48,72.994,1.439,,,,
1644,5/30/22 0:53,73.005,1.439,,,,
1645,5/30/22 0:58,72.994,1.439,,,,
1646,5/30/22 1:03,72.973,1.439,,,,
1647,5/30/22 1:08,72.984,1.439,,,,
1648,5/30/22 1:13,72.994,1.439,,,,
1649,5/30/22 1:18,72.984,1.439,,,,
1650,5/30/22 1:23,72.984,1.439,,,,
1651,5/30/22 1:28,72.973,1.439,,,,
1652,5/30/22 1:33,72.994,1.439,,,,
1653,5/30/22 1:38,72.994,1.439,,,,
1654,5/30/22 1:43,72.984,1.439,,,,
1655,5/30/22 1:48,72.994,1.439,,,,
1656,5/30/22 1:53,72.994,1.439,,,,
1657,5/30/22 1:58,73.016,1.439,,,,
1658,5/30/22 2:03,73.016,1.439,,,,
1659,5/30/22 2:08,72.994,1.439,,,,
1660,5/30/22 2:13,73.016,1.439,,,,
1661,5/30/22 2:18,73.005,1.439,,,,
1662,5/30/22 2:23,73.005,1.439,,,,
1663,5/30/22 2:28,72.994,1.439,,,,
1664,5/30/22 2:33,73.016,1.439,,,,
1665,5/30/22 2:38,73.005,1.439,,,,
1666,5/30/22 2:43,73.005,1.439,,,,
1667,5/30/22 2:48,73.027,1.439,,,,
1668,5/30/22 2:53,73.016,1.439,,,,
1669,5/30/22 2:58,73.027,1.439,,,,
1670,5/30/22 3:03,73.027,1.439,,,,
1671,5/30/22 3:08,73.016,1.439,,,,
1672,5/30/22 3:13,73.027,1.439,,,,
1673,5/30/22 3:18,73.038,1.439,,,,
1674,5/30/22 3:23,73.038,1.439,,,,
1675,5/30/22 3:28,73.038,1.439,,,,
1676,5/30/22 3:33,73.049,1.439,,,,
1677,5/30/22 3:38,73.038,1.439,,,,
1678,5/30/22 3:43,73.016,1.439,,,,
1679,5/30/22 3:48,73.038,1.439,,,,
1680,5/30/22 3:53,73.071,1.439,,,,
1681,5/30/22 3:58,73.049,1.439,,,,
1682,5/30/22 4:03,73.049,1.439,,,,
1683,5/30/22 4:08,73.038,1.439,,,,
1684,5/30/22 4:13,73.049,1.439,,,,
1685,5/30/22 4:18,73.06,1.439,,,,
1686,5/30/22 4:23,73.049,1.439,,,,
1687,5/30/22 4:28,73.071,1.439,,,,
1688,5/30/22 4:33,73.082,1.439,,,,
1689,5/30/22 4:38,73.082,1.439,,,,
1690,5/30/22 4:43,73.082,1.439,,,,
1691,5/30/22 4:48,73.103,1.439,,,,
1692,5/30/22 4:53,73.103,1.439,,,,
1693,5/30/22 4:58,73.103,1.439,,,,
1694,5/30/22 5:03,73.103,1.439,,,,
1695,5/30/22 5:08,73.114,1.439,,,,
1696,5/30/22 5:13,73.125,1.439,,,,
1697,5/30/22 5:18,73.125,1.439,,,,
1698,5/30/22 5:23,73.125,1.439,,,,
1699,5/30/22 5:28,73.136,1.439,,,,
1700,5/30/22 5:33,73.136,1.439,,,,
1701,5/30/22 5:38,73.125,1.439,,,,
1702,5/30/22 5:43,73.125,1.439,,,,
1703,5/30/22 5:48,73.147,1.439,,,,
1704,5/30/22 5:53,73.158,1.439,,,,
1705,5/30/22 5:58,73.147,1.439,,,,
1706,5/30/22 6:03,73.158,1.439,,,,
1707,5/30/22 6:08,73.158,1.439,,,,
1708,5/30/22 6:13,73.147,1.439,,,,
1709,5/30/22 6:18,73.158,1.439,,,,
1710,5/30/22 6:23,73.158,1.439,,,,
1711,5/30/22 6:28,73.169,1.439,,,,
1712,5/30/22 6:33,73.18,1.439,,,,
1713,5/30/22 6:38,73.169,1.439,,,,
1714,5/30/22 6:43,73.18,1.439,,,,
1715,5/30/22 6:48,73.191,1.439,,,,
1716,5/30/22 6:53,73.191,1.439,,,,
1717,5/30/22 6:58,73.18,1.439,,,,
1718,5/30/22 7:03,73.18,1.439,,,,
1719,5/30/22 7:08,73.191,1.439,,,,
1720,5/30/22 7:13,73.18,1.439,,,,
1721,5/30/22 7:18,73.202,1.439,,,,
1722,5/30/22 7:23,73.202,1.439,,,,
1723,5/30/22 7:28,73.213,1.439,,,,
1724,5/30/22 7:33,73.202,1.439,,,,
1725,5/30/22 7:38,73.213,1.439,,,,
1726,5/30/22 7:43,73.234,1.439,,,,
1727,5/30/22 7:48,73.234,1.439,,,,
1728,5/30/22 7:53,73.245,1.439,,,,
1729,5/30/22 7:58,73.245,1.439,,,,
1730,5/30/22 8:03,73.234,1.439,,,,
1731,5/30/22 8:08,73.234,1.439,,,,
1732,5/30/22 8:13,73.234,1.439,,,,
1733,5/30/22 8:18,73.256,1.439,,,,
1734,5/30/22 8:23,73.267,1.439,,,,
1735,5/30/22 8:28,73.245,1.439,,,,
1736,5/30/22 8:33,73.245,1.439,,,,
1737,5/30/22 8:38,73.245,1.439,,,,
1738,5/30/22 8:43,73.267,1.439,,,,
1739,5/30/22 8:48,73.256,1.439,,,,
1740,5/30/22 8:53,73.245,1.439,,,,
1741,5/30/22 8:58,73.245,1.439,,,,
1742,5/30/22 9:03,73.234,1.439,,,,
1743,5/30/22 9:08,73.234,1.439,,,,
1744,5/30/22 9:13,73.234,1.439,,,,
1745,5/30/22 9:18,73.234,1.439,,,,
1746,5/30/22 9:23,73.223,1.439,,,,
1747,5/30/22 9:28,73.245,1.439,,,,
1748,5/30/22 9:33,73.245,1.439,,,,
1749,5/30/22 9:38,73.245,1.439,,,,
1750,5/30/22 9:43,73.267,1.439,,,,
1751,5/30/22 9:48,73.234,1.439,,,,
1752,5/30/22 9:53,73.256,1.439,,,,
1753,5/30/22 9:58,73.245,1.439,,,,
1754,5/30/22 10:03,73.256,1.439,,,,
1755,5/30/22 10:08,73.267,1.439,,,,
1756,5/30/22 10:13,73.267,1.439,,,,
1757,5/30/22 10:18,73.278,1.439,,,,
1758,5/30/22 10:23,73.267,1.439,,,,
1759,5/30/22 10:28,73.278,1.439,,,,
1760,5/30/22 10:33,73.256,1.439,,,,
1761,5/30/22 10:38,73.267,1.439,,,,
1762,5/30/22 10:43,73.278,1.439,,,,
1763,5/30/22 10:48,73.3,1.439,,,,
1764,5/30/22 10:53,73.289,1.439,,,,
1765,5/30/22 10:58,73.289,1.439,,,,
1766,5/30/22 11:03,73.3,1.439,,,,
1767,5/30/22 11:08,73.3,1.439,,,,
1768,5/30/22 11:13,73.3,1.439,,,,
1769,5/30/22 11:18,73.289,1.439,,,,
1770,5/30/22 11:23,73.3,1.439,,,,
1771,5/30/22 11:28,73.311,1.439,,,,
1772,5/30/22 11:33,73.289,1.439,,,,
1773,5/30/22 11:38,73.311,1.439,,,,
1774,5/30/22 11:43,73.311,1.439,,,,
1775,5/30/22 11:48,73.322,1.439,,,,
1776,5/30/22 11:53,73.311,1.439,,,,
1777,5/30/22 11:58,73.322,1.439,,,,
1778,5/30/22 12:03,73.322,1.439,,,,
1779,5/30/22 12:08,73.3,1.439,,,,
1780,5/30/22 12:13,73.322,1.439,,,,
1781,5/30/22 12:18,73.311,1.439,,,,
1782,5/30/22 12:23,73.311,1.439,,,,
1783,5/30/22 12:28,73.333,1.439,,,,
1784,5/30/22 12:33,73.322,1.439,,,,
1785,5/30/22 12:38,73.322,1.439,,,,
1786,5/30/22 12:43,73.343,1.439,,,,
1787,5/30/22 12:48,73.343,1.439,,,,
1788,5/30/22 12:53,73.322,1.439,,,,
1789,5/30/22 12:58,73.343,1.439,,,,
1790,5/30/22 13:03,73.333,1.439,,,,
1791,5/30/22 13:08,73.343,1.439,,,,
1792,5/30/22 13:13,73.343,1.439,,,,
1793,5/30/22 13:18,73.333,1.439,,,,
1794,5/30/22 13:23,73.322,1.439,,,,
1795,5/30/22 13:28,73.354,1.439,,,,
1796,5/30/22 13:33,73.343,1.439,,,,
1797,5/30/22 13:38,73.376,1.439,,,,
1798,5/30/22 13:43,73.376,1.439,,,,
1799,5/30/22 13:48,73.354,1.439,,,,
1800,5/30/22 13:53,73.376,1.439,,,,
1801,5/30/22 13:58,73.376,1.439,,,,
1802,5/30/22 14:03,73.365,1.439,,,,
1803,5/30/22 14:08,73.376,1.439,,,,
1804,5/30/22 14:13,73.376,1.439,,,,
1805,5/30/22 14:18,73.376,1.439,,,,
1806,5/30/22 14:23,73.365,1.439,,,,
1807,5/30/22 14:28,73.387,1.439,,,,
1808,5/30/22 14:33,73.387,1.439,,,,
1809,5/30/22 14:38,73.387,1.439,,,,
1810,5/30/22 14:43,73.409,1.439,,,,
1811,5/30/22 14:48,73.42,1.439,,,,
1812,5/30/22 14:53,73.409,1.439,,,,
1813,5/30/22 14:58,73.409,1.439,,,,
1814,5/30/22 15:03,73.409,1.439,,,,
1815,5/30/22 15:08,73.42,1.439,,,,
1816,5/30/22 15:13,73.431,1.439,,,,
1817,5/30/22 15:18,73.42,1.439,,,,
1818,5/30/22 15:23,73.42,1.439,,,,
1819,5/30/22 15:28,73.442,1.439,,,,
1820,5/30/22 15:33,73.452,1.439,,,,
1821,5/30/22 15:38,73.452,1.439,,,,
1822,5/30/22 15:43,73.442,1.439,,,,
1823,5/30/22 15:48,73.463,1.439,,,,
1824,5/30/22 15:53,73.474,1.439,,,,
1825,5/30/22 15:58,73.452,1.439,,,,
1826,5/30/22 16:03,73.474,1.439,,,,
1827,5/30/22 16:08,73.474,1.439,,,,
1828,5/30/22 16:13,73.485,1.439,,,,
1829,5/30/22 16:18,73.485,1.439,,,,
1830,5/30/22 16:23,73.485,1.439,,,,
1831,5/30/22 16:28,73.507,1.439,,,,
1832,5/30/22 16:33,73.507,1.439,,,,
1833,5/30/22 16:38,73.529,1.439,,,,
1834,5/30/22 16:43,73.54,1.439,,,,
1835,5/30/22 16:48,73.54,1.439,,,,
1836,5/30/22 16:53,73.518,1.439,,,,
1837,5/30/22 16:58,73.529,1.439,,,,
1838,5/30/22 17:03,73.54,1.439,,,,
1839,5/30/22 17:08,73.572,1.439,,,,
1840,5/30/22 17:13,73.572,1.439,,,,
1841,5/30/22 17:18,73.594,1.439,,,,
1842,5/30/22 17:23,73.594,1.548,,,,
1843,5/30/22 17:28,73.616,1.439,,,,
1844,5/30/22 17:33,73.605,1.439,,,,
1845,5/30/22 17:38,73.594,1.439,,,,
1846,5/30/22 17:43,73.616,1.548,,,,
1847,5/30/22 17:48,73.605,1.439,,,,
1848,5/30/22 17:53,73.626,1.548,,,,
1849,5/30/22 17:58,73.616,1.439,,,,
1850,5/30/22 18:03,73.605,1.439,,,,
1851,5/30/22 18:08,73.627,1.439,,,,
1852,5/30/22 18:13,73.627,1.439,,,,
1853,5/30/22 18:18,73.648,1.548,,,,
1854,5/30/22 18:23,73.649,1.439,,,,
1855,5/30/22 18:28,73.681,1.548,,,,
1856,5/30/22 18:33,73.659,1.548,,,,
1857,5/30/22 18:38,73.66,1.439,,,,
1858,5/30/22 18:43,73.682,1.439,,,,
1859,5/30/22 18:48,73.714,1.548,,,,
1860,5/30/22 18:53,73.714,1.548,,,,
1861,5/30/22 18:58,73.714,1.548,,,,
1862,5/30/22 19:03,73.725,1.548,,,,
1863,5/30/22 19:08,73.736,1.548,,,,
1864,5/30/22 19:13,73.703,1.548,,,,
1865,5/30/22 19:18,73.725,1.548,,,,
1866,5/30/22 19:23,73.725,1.548,,,,
1867,5/30/22 19:28,73.736,1.548,,,,
1868,5/30/22 19:33,73.757,1.548,,,,
1869,5/30/22 19:38,73.746,1.548,,,,
1870,5/30/22 19:43,73.768,1.548,,,,
1871,5/30/22 19:48,73.757,1.548,,,,
1872,5/30/22 19:53,73.768,1.548,,,,
1873,5/30/22 19:58,73.779,1.548,,,,
1874,5/30/22 20:03,73.779,1.548,,,,
1875,5/30/22 20:08,73.79,1.548,,,,
1876,5/30/22 20:13,73.79,1.548,,,,
1877,5/30/22 20:18,73.79,1.548,,,,
1878,5/30/22 20:23,73.823,1.548,,,,
1879,5/30/22 20:28,73.79,1.548,,,,
1880,5/30/22 20:33,73.812,1.548,,,,
1881,5/30/22 20:38,73.812,1.548,,,,
1882,5/30/22 20:43,73.823,1.548,,,,
1883,5/30/22 20:48,73.834,1.548,,,,
1884,5/30/22 20:53,73.834,1.548,,,,
1885,5/30/22 20:58,73.845,1.548,,,,
1886,5/30/22 21:03,73.845,1.548,,,,
1887,5/30/22 21:08,73.856,1.548,,,,
1888,5/30/22 21:13,73.823,1.548,,,,
1889,5/30/22 21:18,73.845,1.548,,,,
1890,5/30/22 21:23,73.845,1.548,,,,
1891,5/30/22 21:28,73.845,1.548,,,,
1892,5/30/22 21:33,73.834,1.548,,,,
1893,5/30/22 21:38,73.834,1.548,,,,
1894,5/30/22 21:43,73.845,1.548,,,,
1895,5/30/22 21:48,73.856,1.548,,,,
1896,5/30/22 21:53,73.834,1.548,,,,
1897,5/30/22 21:58,73.845,1.548,,,,
1898,5/30/22 22:03,73.823,1.548,,,,
1899,5/30/22 22:08,73.834,1.548,,,,
1900,5/30/22 22:13,73.834,1.548,,,,
1901,5/30/22 22:18,73.834,1.548,,,,
1902,5/30/22 22:23,73.834,1.548,,,,
1903,5/30/22 22:28,73.823,1.548,,,,
1904,5/30/22 22:33,73.845,1.548,,,,
1905,5/30/22 22:38,73.834,1.548,,,,
1906,5/30/22 22:43,73.834,1.548,,,,
1907,5/30/22 22:48,73.845,1.548,,,,
1908,5/30/22 22:53,73.834,1.548,,,,
1909,5/30/22 22:58,73.845,1.548,,,,
1910,5/30/22 23:03,73.845,1.548,,,,
1911,5/30/22 23:08,73.845,1.548,,,,
1912,5/30/22 23:13,73.845,1.548,,,,
1913,5/30/22 23:18,73.845,1.548,,,,
1914,5/30/22 23:23,73.845,1.548,,,,
1915,5/30/22 23:28,73.823,1.548,,,,
1916,5/30/22 23:33,73.845,1.548,,,,
1917,5/30/22 23:38,73.845,1.548,,,,
1918,5/30/22 23:43,73.812,1.548,,,,
1919,5/30/22 23:48,73.845,1.548,,,,
1920,5/30/22 23:53,73.845,1.548,,,,
1921,5/30/22 23:58,73.856,1.548,,,,
1922,5/31/22 0:03,73.845,1.548,,,,
1923,5/31/22 0:08,73.845,1.548,,,,
1924,5/31/22 0:13,73.845,1.548,,,,
1925,5/31/22 0:18,73.823,1.548,,,,
1926,5/31/22 0:23,73.823,1.548,,,,
1927,5/31/22 0:28,73.845,1.548,,,,
1928,5/31/22 0:33,73.845,1.548,,,,
1929,5/31/22 0:38,73.834,1.548,,,,
1930,5/31/22 0:43,73.834,1.548,,,,
1931,5/31/22 0:48,73.834,1.548,,,,
1932,5/31/22 0:53,73.834,1.548,,,,
1933,5/31/22 0:58,73.834,1.548,,,,
1934,5/31/22 1:03,73.845,1.548,,,,
1935,5/31/22 1:08,73.845,1.548,,,,
1936,5/31/22 1:13,73.834,1.548,,,,
1937,5/31/22 1:18,73.845,1.548,,,,
1938,5/31/22 1:23,73.834,1.548,,,,
1939,5/31/22 1:28,73.856,1.548,,,,
1940,5/31/22 1:33,73.856,1.548,,,,
1941,5/31/22 1:38,73.856,1.548,,,,
1942,5/31/22 1:43,73.856,1.548,,,,
1943,5/31/22 1:48,73.867,1.548,,,,
1944,5/31/22 1:53,73.856,1.548,,,,
1945,5/31/22 1:58,73.867,1.548,,,,
1946,5/31/22 2:03,73.867,1.548,,,,
1947,5/31/22 2:08,73.867,1.548,,,,
1948,5/31/22 2:13,73.867,1.548,,,,
1949,5/31/22 2:18,73.856,1.548,,,,
1950,5/31/22 2:23,73.877,1.548,,,,
1951,5/31/22 2:28,73.867,1.548,,,,
1952,5/31/22 2:33,73.867,1.548,,,,
1953,5/31/22 2:38,73.867,1.548,,,,
1954,5/31/22 2:43,73.888,1.548,,,,
1955,5/31/22 2:48,73.877,1.548,,,,
1956,5/31/22 2:53,73.899,1.548,,,,
1957,5/31/22 2:58,73.899,1.548,,,,
1958,5/31/22 3:03,73.91,1.548,,,,
1959,5/31/22 3:08,73.899,1.548,,,,
1960,5/31/22 3:13,73.888,1.548,,,,
1961,5/31/22 3:18,73.899,1.548,,,,
1962,5/31/22 3:23,73.877,1.548,,,,
1963,5/31/22 3:28,73.899,1.548,,,,
1964,5/31/22 3:33,73.899,1.548,,,,
1965,5/31/22 3:38,73.877,1.548,,,,
1966,5/31/22 3:43,73.899,1.548,,,,
1967,5/31/22 3:48,73.888,1.548,,,,
1968,5/31/22 3:53,73.888,1.548,,,,
1969,5/31/22 3:58,73.91,1.548,,,,
1970,5/31/22 4:03,73.899,1.548,,,,
1971,5/31/22 4:08,73.91,1.548,,,,
1972,5/31/22 4:13,73.888,1.548,,,,
1973,5/31/22 4:18,73.91,1.548,,,,
1974,5/31/22 4:23,73.91,1.548,,,,
1975,5/31/22 4:28,73.91,1.548,,,,
1976,5/31/22 4:33,73.899,1.548,,,,
1977,5/31/22 4:38,73.91,1.548,,,,
1978,5/31/22 4:43,73.91,1.548,,,,
1979,5/31/22 4:48,73.899,1.548,,,,
1980,5/31/22 4:53,73.91,1.548,,,,
1981,5/31/22 4:58,73.91,1.548,,,,
1982,5/31/22 5:03,73.899,1.548,,,,
1983,5/31/22 5:08,73.899,1.548,,,,
1984,5/31/22 5:13,73.899,1.548,,,,
1985,5/31/22 5:18,73.91,1.548,,,,
1986,5/31/22 5:23,73.91,1.548,,,,
1987,5/31/22 5:28,73.921,1.548,,,,
1988,5/31/22 5:33,73.921,1.548,,,,
1989,5/31/22 5:38,73.899,1.548,,,,
1990,5/31/22 5:43,73.91,1.548,,,,
1991,5/31/22 5:48,73.91,1.548,,,,
1992,5/31/22 5:53,73.91,1.548,,,,
1993,5/31/22 5:58,73.921,1.548,,,,
1994,5/31/22 6:03,73.921,1.548,,,,
1995,5/31/22 6:08,73.921,1.548,,,,
1996,5/31/22 6:13,73.91,1.548,,,,
1997,5/31/22 6:18,73.899,1.548,,,,
1998,5/31/22 6:23,73.899,1.548,,,,
1999,5/31/22 6:28,73.899,1.548,,,,
2000,5/31/22 6:33,73.91,1.548,,,,
2001,5/31/22 6:38,73.899,1.548,,,,
2002,5/31/22 6:43,73.899,1.548,,,,
2003,5/31/22 6:48,73.91,1.548,,,,
2004,5/31/22 6:53,73.91,1.548,,,,
2005,5/31/22 6:58,73.921,1.548,,,,
2006,5/31/22 7:03,73.91,1.548,,,,
2007,5/31/22 7:08,73.921,1.548,,,,
2008,5/31/22 7:13,73.932,1.548,,,,
2009,5/31/22 7:18,73.932,1.548,,,,
2010,5/31/22 7:23,73.932,1.548,,,,
2011,5/31/22 7:28,73.932,1.548,,,,
2012,5/31/22 7:33,73.921,1.548,,,,
2013,5/31/22 7:38,73.932,1.548,,,,
2014,5/31/22 7:43,73.932,1.548,,,,
2015,5/31/22 7:48,73.932,1.548,,,,
2016,5/31/22 7:53,73.921,1.548,,,,
2017,5/31/22 7:58,73.921,1.548,,,,
2018,5/31/22 8:03,73.921,1.548,,,,
2019,5/31/22 8:08,73.921,1.548,,,,
2020,5/31/22 8:13,73.932,1.548,,,,
2021,5/31/22 8:18,73.932,1.548,,,,
2022,5/31/22 8:23,73.932,1.548,,,,
2023,5/31/22 8:28,72.295,1.764,,,,
2024,5/31/22 8:30,,,,Logged,,
2025,5/31/22 8:30,,,Logged,,,
2026,5/31/22 8:30,,,,Logged,,
2027,5/31/22 8:30,,,,,Logged,Logged