Plot Title:  21190576,,,,,,,
#,"Date Time, GMT-06:00","Abs Pres, kPa (LGR S/N: 21190576, SEN S/N: 21190576)","Temp, °C (LGR S/N: 21190576, SEN S/N: 21190576)",Coupler Detached (LGR S/N: 21190576),Coupler Attached (LGR S/N: 21190576),Host Connected (LGR S/N: 21190576),End Of File (LGR S/N: 21190576)
1,5/24/22 8:11,72.74,12.98,,,,
2,5/24/22 8:11,,,Logged,,,
3,5/24/22 8:16,72.74,14.9,,,,
4,5/24/22 8:21,72.725,14.804,,,,
5,5/24/22 8:26,72.733,14.709,,,,
6,5/24/22 8:31,72.73,14.613,,,,
7,5/24/22 8:36,72.219,14.517,,,,
8,5/24/22 8:41,72.242,14.23,,,,
9,5/24/22 8:46,72.237,13.75,,,,
10,5/24/22 8:51,72.238,13.461,,,,
11,5/24/22 8:56,72.224,13.365,,,,
12,5/24/22 9:01,72.217,13.173,,,,
13,5/24/22 9:06,72.203,13.076,,,,
14,5/24/22 9:11,72.21,12.98,,,,
15,5/24/22 9:16,72.207,12.883,,,,
16,5/24/22 9:21,72.185,12.883,,,,
17,5/24/22 9:26,72.182,12.787,,,,
18,5/24/22 9:31,72.2,12.69,,,,
19,5/24/22 9:36,72.189,12.69,,,,
20,5/24/22 9:41,72.186,12.594,,,,
21,5/24/22 9:46,72.197,12.594,,,,
22,5/24/22 9:51,72.205,12.497,,,,
23,5/24/22 9:56,72.205,12.497,,,,
24,5/24/22 10:01,72.179,12.401,,,,
25,5/24/22 10:06,72.179,12.401,,,,
26,5/24/22 10:11,72.187,12.304,,,,
27,5/24/22 10:16,72.176,12.304,,,,
28,5/24/22 10:21,72.172,12.207,,,,
29,5/24/22 10:26,72.169,12.11,,,,
30,5/24/22 10:31,72.169,12.11,,,,
31,5/24/22 10:36,72.154,12.013,,,,
32,5/24/22 10:41,72.143,12.013,,,,
33,5/24/22 10:46,72.154,12.013,,,,
34,5/24/22 10:51,72.143,12.013,,,,
35,5/24/22 10:56,72.146,12.401,,,,
36,5/24/22 11:01,72.111,12.98,,,,
37,5/24/22 11:06,72.128,13.461,,,,
38,5/24/22 11:11,72.097,14.517,,,,
39,5/24/22 11:16,72.087,15.569,,,,
40,5/24/22 11:21,72.077,15.951,,,,
41,5/24/22 11:26,72.121,16.999,,,,
42,5/24/22 11:31,72.112,16.713,,,,
43,5/24/22 11:36,73.773,17.094,,,,
44,5/24/22 11:41,72.101,9.373,,,,
45,5/24/22 11:46,73.732,6.674,,,,
46,5/24/22 11:51,73.686,5.347,,,,
47,5/24/22 11:56,73.666,4.623,,,,
48,5/24/22 12:01,73.625,4.207,,,,
49,5/24/22 12:06,73.607,3.788,,,,
50,5/24/22 12:11,73.586,3.578,,,,
51,5/24/22 12:16,73.56,3.472,,,,
52,5/24/22 12:21,73.544,3.367,,,,
53,5/24/22 12:26,73.539,3.261,,,,
54,5/24/22 12:31,73.534,3.155,,,,
55,5/24/22 12:36,72.023,3.998,,,,
56,5/24/22 12:41,72.101,4.519,,,,
57,5/24/22 12:46,72.1,3.998,,,,
58,5/24/22 12:51,72.119,3.683,,,,
59,5/24/22 12:56,72.143,3.472,,,,
60,5/24/22 13:01,72.127,3.367,,,,
61,5/24/22 13:06,72.156,3.261,,,,
62,5/24/22 13:11,72.173,3.155,,,,
63,5/24/22 13:16,73.666,3.155,,,,
64,5/24/22 13:21,74.397,3.049,,,,
65,5/24/22 13:26,74.32,3.049,,,,
66,5/24/22 13:31,74.243,3.049,,,,
67,5/24/22 13:36,74.161,2.943,,,,
68,5/24/22 13:41,74.095,2.943,,,,
69,5/24/22 13:46,74.03,2.943,,,,
70,5/24/22 13:51,73.953,2.943,,,,
71,5/24/22 13:56,73.887,2.943,,,,
72,5/24/22 14:01,73.832,2.943,,,,
73,5/24/22 14:06,73.788,2.943,,,,
74,5/24/22 14:11,73.733,2.943,,,,
75,5/24/22 14:16,73.711,2.943,,,,
76,5/24/22 14:21,73.667,2.943,,,,
77,5/24/22 14:26,73.623,2.943,,,,
78,5/24/22 14:31,73.591,2.943,,,,
79,5/24/22 14:36,73.558,2.943,,,,
80,5/24/22 14:41,73.525,2.943,,,,
81,5/24/22 14:46,73.503,2.943,,,,
82,5/24/22 14:51,73.481,2.943,,,,
83,5/24/22 14:56,73.448,2.943,,,,
84,5/24/22 15:01,73.437,2.943,,,,
85,5/24/22 15:06,73.404,2.943,,,,
86,5/24/22 15:11,73.404,2.943,,,,
87,5/24/22 15:16,73.382,2.943,,,,
88,5/24/22 15:21,73.371,2.943,,,,
89,5/24/22 15:26,73.371,2.943,,,,
90,5/24/22 15:31,73.349,2.943,,,,
91,5/24/22 15:36,73.338,2.943,,,,
92,5/24/22 15:41,73.327,2.943,,,,
93,5/24/22 15:46,73.294,2.943,,,,
94,5/24/22 15:51,73.294,2.943,,,,
95,5/24/22 15:56,73.272,2.943,,,,
96,5/24/22 16:01,73.272,2.943,,,,
97,5/24/22 16:06,73.261,2.943,,,,
98,5/24/22 16:11,73.234,2.837,,,,
99,5/24/22 16:16,73.228,2.943,,,,
100,5/24/22 16:21,73.228,2.943,,,,
101,5/24/22 16:26,73.217,2.943,,,,
102,5/24/22 16:31,73.202,2.837,,,,
103,5/24/22 16:36,73.195,2.943,,,,
104,5/24/22 16:41,73.195,2.943,,,,
105,5/24/22 16:46,73.169,2.837,,,,
106,5/24/22 16:51,73.184,2.943,,,,
107,5/24/22 16:56,73.169,2.837,,,,
108,5/24/22 17:01,73.169,2.837,,,,
109,5/24/22 17:06,73.158,2.837,,,,
110,5/24/22 17:11,73.169,2.837,,,,
111,5/24/22 17:16,73.158,2.837,,,,
112,5/24/22 17:21,73.147,2.837,,,,
113,5/24/22 17:26,73.147,2.837,,,,
114,5/24/22 17:31,73.147,2.837,,,,
115,5/24/22 17:36,73.136,2.837,,,,
116,5/24/22 17:41,73.125,2.837,,,,
117,5/24/22 17:46,73.125,2.837,,,,
118,5/24/22 17:51,73.136,2.837,,,,
119,5/24/22 17:56,73.114,2.837,,,,
120,5/24/22 18:01,73.125,2.837,,,,
121,5/24/22 18:06,73.103,2.837,,,,
122,5/24/22 18:11,73.092,2.837,,,,
123,5/24/22 18:16,73.103,2.837,,,,
124,5/24/22 18:21,73.103,2.837,,,,
125,5/24/22 18:26,73.103,2.837,,,,
126,5/24/22 18:31,73.092,2.837,,,,
127,5/24/22 18:36,73.092,2.837,,,,
128,5/24/22 18:41,73.092,2.837,,,,
129,5/24/22 18:46,73.07,2.837,,,,
130,5/24/22 18:51,73.092,2.837,,,,
131,5/24/22 18:56,73.081,2.837,,,,
132,5/24/22 19:01,73.081,2.837,,,,
133,5/24/22 19:06,73.081,2.837,,,,
134,5/24/22 19:11,73.081,2.837,,,,
135,5/24/22 19:16,73.081,2.837,,,,
136,5/24/22 19:21,73.059,2.837,,,,
137,5/24/22 19:26,73.059,2.837,,,,
138,5/24/22 19:31,73.048,2.837,,,,
139,5/24/22 19:36,73.059,2.837,,,,
140,5/24/22 19:41,73.07,2.837,,,,
141,5/24/22 19:46,73.07,2.837,,,,
142,5/24/22 19:51,73.07,2.837,,,,
143,5/24/22 19:56,73.059,2.837,,,,
144,5/24/22 20:01,73.07,2.837,,,,
145,5/24/22 20:06,73.048,2.837,,,,
146,5/24/22 20:11,73.059,2.837,,,,
147,5/24/22 20:16,73.059,2.837,,,,
148,5/24/22 20:21,73.037,2.837,,,,
149,5/24/22 20:26,73.07,2.837,,,,
150,5/24/22 20:31,73.048,2.837,,,,
151,5/24/22 20:36,73.059,2.837,,,,
152,5/24/22 20:41,73.048,2.837,,,,
153,5/24/22 20:46,73.037,2.837,,,,
154,5/24/22 20:51,73.059,2.837,,,,
155,5/24/22 20:56,73.059,2.837,,,,
156,5/24/22 21:01,73.059,2.837,,,,
157,5/24/22 21:06,73.059,2.837,,,,
158,5/24/22 21:11,73.048,2.837,,,,
159,5/24/22 21:16,73.059,2.837,,,,
160,5/24/22 21:21,73.059,2.837,,,,
161,5/24/22 21:26,73.07,2.837,,,,
162,5/24/22 21:31,73.059,2.837,,,,
163,5/24/22 21:36,73.081,2.837,,,,
164,5/24/22 21:41,73.092,2.837,,,,
165,5/24/22 21:46,73.07,2.837,,,,
166,5/24/22 21:51,73.07,2.837,,,,
167,5/24/22 21:56,73.07,2.837,,,,
168,5/24/22 22:01,73.07,2.837,,,,
169,5/24/22 22:06,73.07,2.837,,,,
170,5/24/22 22:11,73.07,2.837,,,,
171,5/24/22 22:16,73.092,2.837,,,,
172,5/24/22 22:21,73.081,2.837,,,,
173,5/24/22 22:26,73.081,2.837,,,,
174,5/24/22 22:31,73.081,2.837,,,,
175,5/24/22 22:36,73.081,2.837,,,,
176,5/24/22 22:41,73.07,2.837,,,,
177,5/24/22 22:46,73.07,2.837,,,,
178,5/24/22 22:51,73.07,2.837,,,,
179,5/24/22 22:56,73.092,2.837,,,,
180,5/24/22 23:01,73.07,2.837,,,,
181,5/24/22 23:06,73.092,2.837,,,,
182,5/24/22 23:11,73.092,2.837,,,,
183,5/24/22 23:16,73.103,2.837,,,,
184,5/24/22 23:21,73.092,2.837,,,,
185,5/24/22 23:26,73.092,2.837,,,,
186,5/24/22 23:31,73.092,2.837,,,,
187,5/24/22 23:36,73.081,2.837,,,,
188,5/24/22 23:41,73.103,2.837,,,,
189,5/24/22 23:46,73.103,2.837,,,,
190,5/24/22 23:51,73.081,2.837,,,,
191,5/24/22 23:56,73.092,2.837,,,,
192,5/25/22 0:01,73.103,2.837,,,,
193,5/25/22 0:06,73.103,2.837,,,,
194,5/25/22 0:11,73.081,2.837,,,,
195,5/25/22 0:16,73.092,2.837,,,,
196,5/25/22 0:21,73.103,2.837,,,,
197,5/25/22 0:26,73.114,2.837,,,,
198,5/25/22 0:31,73.103,2.837,,,,
199,5/25/22 0:36,73.103,2.837,,,,
200,5/25/22 0:41,73.103,2.837,,,,
201,5/25/22 0:46,73.092,2.837,,,,
202,5/25/22 0:51,73.114,2.837,,,,
203,5/25/22 0:56,73.114,2.837,,,,
204,5/25/22 1:01,73.103,2.837,,,,
205,5/25/22 1:06,73.103,2.837,,,,
206,5/25/22 1:11,73.092,2.837,,,,
207,5/25/22 1:16,73.103,2.837,,,,
208,5/25/22 1:21,73.103,2.837,,,,
209,5/25/22 1:26,73.114,2.837,,,,
210,5/25/22 1:31,73.114,2.837,,,,
211,5/25/22 1:36,73.103,2.837,,,,
212,5/25/22 1:41,73.092,2.837,,,,
213,5/25/22 1:46,73.114,2.837,,,,
214,5/25/22 1:51,73.103,2.837,,,,
215,5/25/22 1:56,73.125,2.837,,,,
216,5/25/22 2:01,73.125,2.837,,,,
217,5/25/22 2:06,73.125,2.837,,,,
218,5/25/22 2:11,73.136,2.837,,,,
219,5/25/22 2:16,73.125,2.837,,,,
220,5/25/22 2:21,73.114,2.837,,,,
221,5/25/22 2:26,73.114,2.837,,,,
222,5/25/22 2:31,73.136,2.837,,,,
223,5/25/22 2:36,73.114,2.837,,,,
224,5/25/22 2:41,73.136,2.837,,,,
225,5/25/22 2:46,73.136,2.837,,,,
226,5/25/22 2:51,73.125,2.837,,,,
227,5/25/22 2:56,73.136,2.837,,,,
228,5/25/22 3:01,73.125,2.837,,,,
229,5/25/22 3:06,73.147,2.837,,,,
230,5/25/22 3:11,73.147,2.837,,,,
231,5/25/22 3:16,73.125,2.837,,,,
232,5/25/22 3:21,73.125,2.837,,,,
233,5/25/22 3:26,73.147,2.837,,,,
234,5/25/22 3:31,73.136,2.837,,,,
235,5/25/22 3:36,73.147,2.837,,,,
236,5/25/22 3:41,73.147,2.837,,,,
237,5/25/22 3:46,73.18,2.837,,,,
238,5/25/22 3:51,73.147,2.837,,,,
239,5/25/22 3:56,73.158,2.837,,,,
240,5/25/22 4:01,73.169,2.837,,,,
241,5/25/22 4:06,73.158,2.837,,,,
242,5/25/22 4:11,73.169,2.837,,,,
243,5/25/22 4:16,73.169,2.837,,,,
244,5/25/22 4:21,73.169,2.837,,,,
245,5/25/22 4:26,73.169,2.837,,,,
246,5/25/22 4:31,73.169,2.837,,,,
247,5/25/22 4:36,73.18,2.837,,,,
248,5/25/22 4:41,73.18,2.837,,,,
249,5/25/22 4:46,73.18,2.837,,,,
250,5/25/22 4:51,73.202,2.837,,,,
251,5/25/22 4:56,73.191,2.837,,,,
252,5/25/22 5:01,73.18,2.837,,,,
253,5/25/22 5:06,73.18,2.837,,,,
254,5/25/22 5:11,73.18,2.837,,,,
255,5/25/22 5:16,73.191,2.837,,,,
256,5/25/22 5:21,73.191,2.837,,,,
257,5/25/22 5:26,73.202,2.837,,,,
258,5/25/22 5:31,73.202,2.837,,,,
259,5/25/22 5:36,73.202,2.837,,,,
260,5/25/22 5:41,73.223,2.837,,,,
261,5/25/22 5:46,73.212,2.837,,,,
262,5/25/22 5:51,73.223,2.837,,,,
263,5/25/22 5:56,73.202,2.837,,,,
264,5/25/22 6:01,73.223,2.837,,,,
265,5/25/22 6:06,73.212,2.837,,,,
266,5/25/22 6:11,73.234,2.837,,,,
267,5/25/22 6:16,73.245,2.837,,,,
268,5/25/22 6:21,73.245,2.837,,,,
269,5/25/22 6:26,73.245,2.837,,,,
270,5/25/22 6:31,73.256,2.837,,,,
271,5/25/22 6:36,73.245,2.837,,,,
272,5/25/22 6:41,73.245,2.837,,,,
273,5/25/22 6:46,73.267,2.837,,,,
274,5/25/22 6:51,73.267,2.837,,,,
275,5/25/22 6:56,73.267,2.837,,,,
276,5/25/22 7:01,73.267,2.837,,,,
277,5/25/22 7:06,73.267,2.837,,,,
278,5/25/22 7:11,73.256,2.837,,,,
279,5/25/22 7:16,73.267,2.837,,,,
280,5/25/22 7:21,73.256,2.837,,,,
281,5/25/22 7:26,73.267,2.837,,,,
282,5/25/22 7:31,73.278,2.837,,,,
283,5/25/22 7:36,73.278,2.837,,,,
284,5/25/22 7:41,73.289,2.837,,,,
285,5/25/22 7:46,73.3,2.837,,,,
286,5/25/22 7:51,73.289,2.837,,,,
287,5/25/22 7:56,73.289,2.837,,,,
288,5/25/22 8:01,73.3,2.837,,,,
289,5/25/22 8:06,73.3,2.837,,,,
290,5/25/22 8:11,73.3,2.837,,,,
291,5/25/22 8:16,73.311,2.837,,,,
292,5/25/22 8:21,73.311,2.837,,,,
293,5/25/22 8:26,73.322,2.837,,,,
294,5/25/22 8:31,73.322,2.837,,,,
295,5/25/22 8:36,73.333,2.837,,,,
296,5/25/22 8:41,73.333,2.837,,,,
297,5/25/22 8:46,73.333,2.837,,,,
298,5/25/22 8:51,73.333,2.837,,,,
299,5/25/22 8:56,73.333,2.837,,,,
300,5/25/22 9:01,73.344,2.837,,,,
301,5/25/22 9:06,73.333,2.837,,,,
302,5/25/22 9:11,73.355,2.837,,,,
303,5/25/22 9:16,73.355,2.837,,,,
304,5/25/22 9:21,73.355,2.837,,,,
305,5/25/22 9:26,73.366,2.837,,,,
306,5/25/22 9:31,73.366,2.837,,,,
307,5/25/22 9:36,73.355,2.837,,,,
308,5/25/22 9:41,73.355,2.837,,,,
309,5/25/22 9:46,73.377,2.837,,,,
310,5/25/22 9:51,73.377,2.837,,,,
311,5/25/22 9:56,73.377,2.837,,,,
312,5/25/22 10:01,73.366,2.837,,,,
313,5/25/22 10:06,73.388,2.837,,,,
314,5/25/22 10:11,73.388,2.837,,,,
315,5/25/22 10:16,73.388,2.837,,,,
316,5/25/22 10:21,73.388,2.837,,,,
317,5/25/22 10:26,73.399,2.837,,,,
318,5/25/22 10:31,73.388,2.837,,,,
319,5/25/22 10:36,73.399,2.837,,,,
320,5/25/22 10:41,73.399,2.837,,,,
321,5/25/22 10:46,73.399,2.837,,,,
322,5/25/22 10:51,73.399,2.837,,,,
323,5/25/22 10:56,73.399,2.837,,,,
324,5/25/22 11:01,73.41,2.837,,,,
325,5/25/22 11:06,73.399,2.837,,,,
326,5/25/22 11:11,73.421,2.837,,,,
327,5/25/22 11:16,73.41,2.837,,,,
328,5/25/22 11:21,73.41,2.837,,,,
329,5/25/22 11:26,73.421,2.837,,,,
330,5/25/22 11:31,73.41,2.837,,,,
331,5/25/22 11:36,73.41,2.837,,,,
332,5/25/22 11:41,73.421,2.837,,,,
333,5/25/22 11:46,73.432,2.837,,,,
334,5/25/22 11:51,73.421,2.837,,,,
335,5/25/22 11:56,73.421,2.837,,,,
336,5/25/22 12:01,73.421,2.837,,,,
337,5/25/22 12:06,73.41,2.837,,,,
338,5/25/22 12:11,73.421,2.837,,,,
339,5/25/22 12:16,73.421,2.837,,,,
340,5/25/22 12:21,73.432,2.837,,,,
341,5/25/22 12:26,73.421,2.837,,,,
342,5/25/22 12:31,73.432,2.837,,,,
343,5/25/22 12:36,73.41,2.837,,,,
344,5/25/22 12:41,73.421,2.837,,,,
345,5/25/22 12:46,73.443,2.837,,,,
346,5/25/22 12:51,73.432,2.837,,,,
347,5/25/22 12:56,73.443,2.837,,,,
348,5/25/22 13:01,73.443,2.837,,,,
349,5/25/22 13:06,73.432,2.837,,,,
350,5/25/22 13:11,73.443,2.837,,,,
351,5/25/22 13:16,73.432,2.837,,,,
352,5/25/22 13:21,73.421,2.837,,,,
353,5/25/22 13:26,73.421,2.837,,,,
354,5/25/22 13:31,73.421,2.837,,,,
355,5/25/22 13:36,73.443,2.837,,,,
356,5/25/22 13:41,73.432,2.837,,,,
357,5/25/22 13:46,73.443,2.837,,,,
358,5/25/22 13:51,73.432,2.837,,,,
359,5/25/22 13:56,73.443,2.837,,,,
360,5/25/22 14:01,73.421,2.837,,,,
361,5/25/22 14:06,73.443,2.837,,,,
362,5/25/22 14:11,73.421,2.837,,,,
363,5/25/22 14:16,73.432,2.837,,,,
364,5/25/22 14:21,73.443,2.837,,,,
365,5/25/22 14:26,73.443,2.837,,,,
366,5/25/22 14:31,73.443,2.837,,,,
367,5/25/22 14:36,73.443,2.837,,,,
368,5/25/22 14:41,73.454,2.837,,,,
369,5/25/22 14:46,73.443,2.837,,,,
370,5/25/22 14:51,73.443,2.837,,,,
371,5/25/22 14:56,73.443,2.837,,,,
372,5/25/22 15:01,73.443,2.837,,,,
373,5/25/22 15:06,73.454,2.837,,,,
374,5/25/22 15:11,73.443,2.837,,,,
375,5/25/22 15:16,73.454,2.837,,,,
376,5/25/22 15:21,73.454,2.837,,,,
377,5/25/22 15:26,73.454,2.837,,,,
378,5/25/22 15:31,73.421,2.837,,,,
379,5/25/22 15:36,73.443,2.837,,,,
380,5/25/22 15:41,73.432,2.837,,,,
381,5/25/22 15:46,73.465,2.837,,,,
382,5/25/22 15:51,73.454,2.837,,,,
383,5/25/22 15:56,73.454,2.837,,,,
384,5/25/22 16:01,73.465,2.837,,,,
385,5/25/22 16:06,73.465,2.837,,,,
386,5/25/22 16:11,73.454,2.837,,,,
387,5/25/22 16:16,73.465,2.837,,,,
388,5/25/22 16:21,73.454,2.837,,,,
389,5/25/22 16:26,73.476,2.837,,,,
390,5/25/22 16:31,73.476,2.837,,,,
391,5/25/22 16:36,73.454,2.837,,,,
392,5/25/22 16:41,73.476,2.837,,,,
393,5/25/22 16:46,73.476,2.837,,,,
394,5/25/22 16:51,73.465,2.837,,,,
395,5/25/22 16:56,73.476,2.837,,,,
396,5/25/22 17:01,73.476,2.837,,,,
397,5/25/22 17:06,73.465,2.837,,,,
398,5/25/22 17:11,73.465,2.837,,,,
399,5/25/22 17:16,73.487,2.837,,,,
400,5/25/22 17:21,73.476,2.837,,,,
401,5/25/22 17:26,73.487,2.837,,,,
402,5/25/22 17:31,73.498,2.837,,,,
403,5/25/22 17:36,73.487,2.837,,,,
404,5/25/22 17:41,73.509,2.837,,,,
405,5/25/22 17:46,73.498,2.837,,,,
406,5/25/22 17:51,73.487,2.837,,,,
407,5/25/22 17:56,73.498,2.837,,,,
408,5/25/22 18:01,73.487,2.837,,,,
409,5/25/22 18:06,73.509,2.837,,,,
410,5/25/22 18:11,73.52,2.837,,,,
411,5/25/22 18:16,73.52,2.837,,,,
412,5/25/22 18:21,73.52,2.837,,,,
413,5/25/22 18:26,73.531,2.837,,,,
414,5/25/22 18:31,73.542,2.837,,,,
415,5/25/22 18:36,73.531,2.837,,,,
416,5/25/22 18:41,73.542,2.837,,,,
417,5/25/22 18:46,73.553,2.837,,,,
418,5/25/22 18:51,73.542,2.837,,,,
419,5/25/22 18:56,73.553,2.837,,,,
420,5/25/22 19:01,73.553,2.837,,,,
421,5/25/22 19:06,73.575,2.837,,,,
422,5/25/22 19:11,73.575,2.837,,,,
423,5/25/22 19:16,73.564,2.837,,,,
424,5/25/22 19:21,73.575,2.837,,,,
425,5/25/22 19:26,73.586,2.837,,,,
426,5/25/22 19:31,73.564,2.837,,,,
427,5/25/22 19:36,73.586,2.837,,,,
428,5/25/22 19:41,73.597,2.837,,,,
429,5/25/22 19:46,73.619,2.837,,,,
430,5/25/22 19:51,73.619,2.837,,,,
431,5/25/22 19:56,73.614,2.73,,,,
432,5/25/22 20:01,73.641,2.837,,,,
433,5/25/22 20:06,73.641,2.837,,,,
434,5/25/22 20:11,73.619,2.837,,,,
435,5/25/22 20:16,73.63,2.837,,,,
436,5/25/22 20:21,73.647,2.73,,,,
437,5/25/22 20:26,73.652,2.837,,,,
438,5/25/22 20:31,73.652,2.837,,,,
439,5/25/22 20:36,73.658,2.73,,,,
440,5/25/22 20:41,73.658,2.73,,,,
441,5/25/22 20:46,73.669,2.73,,,,
442,5/25/22 20:51,73.669,2.73,,,,
443,5/25/22 20:56,73.669,2.73,,,,
444,5/25/22 21:01,73.68,2.73,,,,
445,5/25/22 21:06,73.691,2.73,,,,
446,5/25/22 21:11,73.684,2.837,,,,
447,5/25/22 21:16,73.691,2.73,,,,
448,5/25/22 21:21,73.702,2.73,,,,
449,5/25/22 21:26,73.723,2.73,,,,
450,5/25/22 21:31,73.712,2.73,,,,
451,5/25/22 21:36,73.723,2.73,,,,
452,5/25/22 21:41,73.745,2.73,,,,
453,5/25/22 21:46,73.756,2.73,,,,
454,5/25/22 21:51,73.756,2.73,,,,
455,5/25/22 21:56,73.756,2.73,,,,
456,5/25/22 22:01,73.767,2.73,,,,
457,5/25/22 22:06,73.767,2.73,,,,
458,5/25/22 22:11,73.778,2.73,,,,
459,5/25/22 22:16,73.778,2.73,,,,
460,5/25/22 22:21,73.789,2.73,,,,
461,5/25/22 22:26,73.8,2.73,,,,
462,5/25/22 22:31,73.789,2.73,,,,
463,5/25/22 22:36,73.8,2.73,,,,
464,5/25/22 22:41,73.822,2.73,,,,
465,5/25/22 22:46,73.833,2.73,,,,
466,5/25/22 22:51,73.822,2.73,,,,
467,5/25/22 22:56,73.844,2.73,,,,
468,5/25/22 23:01,73.833,2.73,,,,
469,5/25/22 23:06,73.855,2.73,,,,
470,5/25/22 23:11,73.866,2.73,,,,
471,5/25/22 23:16,73.844,2.73,,,,
472,5/25/22 23:21,73.866,2.73,,,,
473,5/25/22 23:26,73.877,2.73,,,,
474,5/25/22 23:31,73.888,2.73,,,,
475,5/25/22 23:36,73.888,2.73,,,,
476,5/25/22 23:41,73.888,2.73,,,,
477,5/25/22 23:46,73.899,2.73,,,,
478,5/25/22 23:51,73.91,2.73,,,,
479,5/25/22 23:56,73.91,2.73,,,,
480,5/26/22 0:01,73.921,2.73,,,,
481,5/26/22 0:06,73.921,2.73,,,,
482,5/26/22 0:11,73.921,2.73,,,,
483,5/26/22 0:16,73.943,2.73,,,,
484,5/26/22 0:21,73.932,2.73,,,,
485,5/26/22 0:26,73.943,2.73,,,,
486,5/26/22 0:31,73.954,2.73,,,,
487,5/26/22 0:36,73.965,2.73,,,,
488,5/26/22 0:41,73.976,2.73,,,,
489,5/26/22 0:46,73.976,2.73,,,,
490,5/26/22 0:51,73.965,2.73,,,,
491,5/26/22 0:56,73.976,2.73,,,,
492,5/26/22 1:01,73.987,2.73,,,,
493,5/26/22 1:06,73.998,2.73,,,,
494,5/26/22 1:11,73.998,2.73,,,,
495,5/26/22 1:16,73.998,2.73,,,,
496,5/26/22 1:21,74.009,2.73,,,,
497,5/26/22 1:26,74.009,2.73,,,,
498,5/26/22 1:31,74.02,2.73,,,,
499,5/26/22 1:36,74.02,2.73,,,,
500,5/26/22 1:41,74.02,2.73,,,,
501,5/26/22 1:46,74.031,2.73,,,,
502,5/26/22 1:51,74.02,2.73,,,,
503,5/26/22 1:56,74.031,2.73,,,,
504,5/26/22 2:01,74.031,2.73,,,,
505,5/26/22 2:06,74.042,2.73,,,,
506,5/26/22 2:11,74.042,2.73,,,,
507,5/26/22 2:16,74.053,2.73,,,,
508,5/26/22 2:21,74.053,2.73,,,,
509,5/26/22 2:26,74.064,2.73,,,,
510,5/26/22 2:31,74.075,2.73,,,,
511,5/26/22 2:36,74.075,2.73,,,,
512,5/26/22 2:41,74.075,2.73,,,,
513,5/26/22 2:46,74.086,2.73,,,,
514,5/26/22 2:51,74.086,2.73,,,,
515,5/26/22 2:56,74.108,2.73,,,,
516,5/26/22 3:01,74.108,2.73,,,,
517,5/26/22 3:06,74.108,2.73,,,,
518,5/26/22 3:11,74.108,2.73,,,,
519,5/26/22 3:16,74.119,2.73,,,,
520,5/26/22 3:21,74.141,2.73,,,,
521,5/26/22 3:26,74.13,2.73,,,,
522,5/26/22 3:31,74.13,2.73,,,,
523,5/26/22 3:36,74.119,2.73,,,,
524,5/26/22 3:41,74.141,2.73,,,,
525,5/26/22 3:46,74.141,2.73,,,,
526,5/26/22 3:51,74.141,2.73,,,,
527,5/26/22 3:56,74.151,2.73,,,,
528,5/26/22 4:01,74.151,2.73,,,,
529,5/26/22 4:06,74.141,2.73,,,,
530,5/26/22 4:11,74.173,2.73,,,,
531,5/26/22 4:16,74.173,2.73,,,,
532,5/26/22 4:21,74.173,2.73,,,,
533,5/26/22 4:26,74.173,2.73,,,,
534,5/26/22 4:31,74.184,2.73,,,,
535,5/26/22 4:36,74.195,2.73,,,,
536,5/26/22 4:41,74.206,2.73,,,,
537,5/26/22 4:46,74.195,2.73,,,,
538,5/26/22 4:51,74.206,2.73,,,,
539,5/26/22 4:56,74.206,2.73,,,,
540,5/26/22 5:01,74.217,2.73,,,,
541,5/26/22 5:06,74.228,2.73,,,,
542,5/26/22 5:11,74.228,2.73,,,,
543,5/26/22 5:16,74.25,2.73,,,,
544,5/26/22 5:21,74.239,2.73,,,,
545,5/26/22 5:26,74.25,2.73,,,,
546,5/26/22 5:31,74.25,2.73,,,,
547,5/26/22 5:36,74.239,2.73,,,,
548,5/26/22 5:41,74.261,2.73,,,,
549,5/26/22 5:46,74.25,2.73,,,,
550,5/26/22 5:51,74.261,2.73,,,,
551,5/26/22 5:56,74.272,2.73,,,,
552,5/26/22 6:01,74.272,2.73,,,,
553,5/26/22 6:06,74.283,2.73,,,,
554,5/26/22 6:11,74.272,2.73,,,,
555,5/26/22 6:16,74.272,2.73,,,,
556,5/26/22 6:21,74.283,2.73,,,,
557,5/26/22 6:26,74.294,2.73,,,,
558,5/26/22 6:31,74.294,2.73,,,,
559,5/26/22 6:36,74.294,2.73,,,,
560,5/26/22 6:41,74.294,2.73,,,,
561,5/26/22 6:46,74.305,2.73,,,,
562,5/26/22 6:51,74.305,2.73,,,,
563,5/26/22 6:56,74.305,2.73,,,,
564,5/26/22 7:01,74.305,2.73,,,,
565,5/26/22 7:06,74.316,2.73,,,,
566,5/26/22 7:11,74.327,2.73,,,,
567,5/26/22 7:16,74.316,2.73,,,,
568,5/26/22 7:21,74.327,2.73,,,,
569,5/26/22 7:26,74.327,2.73,,,,
570,5/26/22 7:31,74.316,2.73,,,,
571,5/26/22 7:36,74.316,2.73,,,,
572,5/26/22 7:41,74.327,2.73,,,,
573,5/26/22 7:46,74.338,2.73,,,,
574,5/26/22 7:51,74.327,2.73,,,,
575,5/26/22 7:56,74.316,2.73,,,,
576,5/26/22 8:01,74.327,2.73,,,,
577,5/26/22 8:06,74.327,2.73,,,,
578,5/26/22 8:11,74.327,2.73,,,,
579,5/26/22 8:16,74.327,2.73,,,,
580,5/26/22 8:21,74.327,2.73,,,,
581,5/26/22 8:26,74.327,2.73,,,,
582,5/26/22 8:31,74.316,2.73,,,,
583,5/26/22 8:36,74.338,2.73,,,,
584,5/26/22 8:41,74.338,2.73,,,,
585,5/26/22 8:46,74.349,2.73,,,,
586,5/26/22 8:51,74.349,2.73,,,,
587,5/26/22 8:56,74.36,2.73,,,,
588,5/26/22 9:01,74.338,2.73,,,,
589,5/26/22 9:06,74.349,2.73,,,,
590,5/26/22 9:11,74.36,2.73,,,,
591,5/26/22 9:16,74.349,2.73,,,,
592,5/26/22 9:21,74.36,2.73,,,,
593,5/26/22 9:26,74.36,2.73,,,,
594,5/26/22 9:31,74.349,2.73,,,,
595,5/26/22 9:36,74.36,2.73,,,,
596,5/26/22 9:41,74.349,2.73,,,,
597,5/26/22 9:46,74.36,2.73,,,,
598,5/26/22 9:51,74.371,2.73,,,,
599,5/26/22 9:56,74.36,2.73,,,,
600,5/26/22 10:01,74.36,2.73,,,,
601,5/26/22 10:06,74.371,2.73,,,,
602,5/26/22 10:11,74.349,2.73,,,,
603,5/26/22 10:16,74.36,2.73,,,,
604,5/26/22 10:21,74.36,2.73,,,,
605,5/26/22 10:26,74.349,2.73,,,,
606,5/26/22 10:31,74.36,2.73,,,,
607,5/26/22 10:36,74.36,2.73,,,,
608,5/26/22 10:41,74.349,2.73,,,,
609,5/26/22 10:46,74.36,2.73,,,,
610,5/26/22 10:51,74.349,2.73,,,,
611,5/26/22 10:56,74.349,2.73,,,,
612,5/26/22 11:01,74.338,2.73,,,,
613,5/26/22 11:06,74.349,2.73,,,,
614,5/26/22 11:11,74.338,2.73,,,,
615,5/26/22 11:16,74.338,2.73,,,,
616,5/26/22 11:21,74.338,2.73,,,,
617,5/26/22 11:26,74.327,2.73,,,,
618,5/26/22 11:31,74.349,2.73,,,,
619,5/26/22 11:36,74.349,2.73,,,,
620,5/26/22 11:41,74.338,2.73,,,,
621,5/26/22 11:46,74.338,2.73,,,,
622,5/26/22 11:51,74.327,2.73,,,,
623,5/26/22 11:56,74.327,2.73,,,,
624,5/26/22 12:01,74.327,2.73,,,,
625,5/26/22 12:06,74.316,2.73,,,,
626,5/26/22 12:11,74.305,2.73,,,,
627,5/26/22 12:16,74.327,2.73,,,,
628,5/26/22 12:21,74.321,2.837,,,,
629,5/26/22 12:26,74.316,2.73,,,,
630,5/26/22 12:31,74.316,2.73,,,,
631,5/26/22 12:36,74.283,2.73,,,,
632,5/26/22 12:41,74.305,2.73,,,,
633,5/26/22 12:46,74.294,2.73,,,,
634,5/26/22 12:51,74.299,2.837,,,,
635,5/26/22 12:56,74.283,2.73,,,,
636,5/26/22 13:01,74.283,2.73,,,,
637,5/26/22 13:06,74.288,2.837,,,,
638,5/26/22 13:11,74.299,2.837,,,,
639,5/26/22 13:16,74.25,2.73,,,,
640,5/26/22 13:21,74.277,2.837,,,,
641,5/26/22 13:26,74.266,2.837,,,,
642,5/26/22 13:31,74.261,2.73,,,,
643,5/26/22 13:36,74.288,2.837,,,,
644,5/26/22 13:41,74.277,2.837,,,,
645,5/26/22 13:46,74.266,2.837,,,,
646,5/26/22 13:51,74.266,2.837,,,,
647,5/26/22 13:56,74.266,2.837,,,,
648,5/26/22 14:01,74.255,2.837,,,,
649,5/26/22 14:06,74.255,2.837,,,,
650,5/26/22 14:11,74.255,2.837,,,,
651,5/26/22 14:16,74.255,2.837,,,,
652,5/26/22 14:21,74.266,2.837,,,,
653,5/26/22 14:26,74.266,2.837,,,,
654,5/26/22 14:31,74.244,2.837,,,,
655,5/26/22 14:36,74.255,2.837,,,,
656,5/26/22 14:41,74.244,2.837,,,,
657,5/26/22 14:46,74.244,2.837,,,,
658,5/26/22 14:51,74.244,2.837,,,,
659,5/26/22 14:56,74.244,2.837,,,,
660,5/26/22 15:01,74.244,2.837,,,,
661,5/26/22 15:06,74.244,2.837,,,,
662,5/26/22 15:11,74.233,2.837,,,,
663,5/26/22 15:16,74.233,2.837,,,,
664,5/26/22 15:21,74.233,2.837,,,,
665,5/26/22 15:26,74.233,2.837,,,,
666,5/26/22 15:31,74.233,2.837,,,,
667,5/26/22 15:36,74.233,2.837,,,,
668,5/26/22 15:41,74.233,2.837,,,,
669,5/26/22 15:46,74.222,2.837,,,,
670,5/26/22 15:51,74.211,2.837,,,,
671,5/26/22 15:56,74.233,2.837,,,,
672,5/26/22 16:01,74.222,2.837,,,,
673,5/26/22 16:06,74.222,2.837,,,,
674,5/26/22 16:11,74.233,2.837,,,,
675,5/26/22 16:16,74.233,2.837,,,,
676,5/26/22 16:21,74.233,2.837,,,,
677,5/26/22 16:26,74.244,2.837,,,,
678,5/26/22 16:31,74.222,2.837,,,,
679,5/26/22 16:36,74.222,2.837,,,,
680,5/26/22 16:41,74.233,2.837,,,,
681,5/26/22 16:46,74.233,2.837,,,,
682,5/26/22 16:51,74.244,2.837,,,,
683,5/26/22 16:56,74.233,2.837,,,,
684,5/26/22 17:01,74.211,2.837,,,,
685,5/26/22 17:06,74.222,2.837,,,,
686,5/26/22 17:11,74.233,2.837,,,,
687,5/26/22 17:16,74.233,2.837,,,,
688,5/26/22 17:21,74.222,2.837,,,,
689,5/26/22 17:26,74.211,2.837,,,,
690,5/26/22 17:31,74.233,2.837,,,,
691,5/26/22 17:36,74.244,2.837,,,,
692,5/26/22 17:41,74.222,2.837,,,,
693,5/26/22 17:46,74.233,2.837,,,,
694,5/26/22 17:51,74.233,2.837,,,,
695,5/26/22 17:56,74.244,2.837,,,,
696,5/26/22 18:01,74.233,2.837,,,,
697,5/26/22 18:06,74.244,2.837,,,,
698,5/26/22 18:11,74.222,2.837,,,,
699,5/26/22 18:16,74.233,2.837,,,,
700,5/26/22 18:21,74.233,2.837,,,,
701,5/26/22 18:26,74.233,2.837,,,,
702,5/26/22 18:31,74.233,2.837,,,,
703,5/26/22 18:36,74.233,2.837,,,,
704,5/26/22 18:41,74.244,2.837,,,,
705,5/26/22 18:46,74.244,2.837,,,,
706,5/26/22 18:51,74.233,2.837,,,,
707,5/26/22 18:56,74.233,2.837,,,,
708,5/26/22 19:01,74.233,2.837,,,,
709,5/26/22 19:06,74.244,2.837,,,,
710,5/26/22 19:11,74.233,2.837,,,,
711,5/26/22 19:16,74.255,2.837,,,,
712,5/26/22 19:21,74.255,2.837,,,,
713,5/26/22 19:26,74.255,2.837,,,,
714,5/26/22 19:31,74.244,2.837,,,,
715,5/26/22 19:36,74.255,2.837,,,,
716,5/26/22 19:41,74.244,2.837,,,,
717,5/26/22 19:46,74.255,2.837,,,,
718,5/26/22 19:51,74.244,2.837,,,,
719,5/26/22 19:56,74.244,2.837,,,,
720,5/26/22 20:01,74.244,2.837,,,,
721,5/26/22 20:06,74.244,2.837,,,,
722,5/26/22 20:11,74.244,2.837,,,,
723,5/26/22 20:16,74.244,2.837,,,,
724,5/26/22 20:21,74.266,2.837,,,,
725,5/26/22 20:26,74.244,2.837,,,,
726,5/26/22 20:31,74.244,2.837,,,,
727,5/26/22 20:36,74.244,2.837,,,,
728,5/26/22 20:41,74.277,2.837,,,,
729,5/26/22 20:46,74.277,2.837,,,,
730,5/26/22 20:51,74.277,2.837,,,,
731,5/26/22 20:56,74.277,2.837,,,,
732,5/26/22 21:01,74.266,2.837,,,,
733,5/26/22 21:06,74.266,2.837,,,,
734,5/26/22 21:11,74.266,2.837,,,,
735,5/26/22 21:16,74.277,2.837,,,,
736,5/26/22 21:21,74.277,2.837,,,,
737,5/26/22 21:26,74.277,2.837,,,,
738,5/26/22 21:31,74.288,2.837,,,,
739,5/26/22 21:36,74.277,2.837,,,,
740,5/26/22 21:41,74.288,2.837,,,,
741,5/26/22 21:46,74.288,2.837,,,,
742,5/26/22 21:51,74.288,2.837,,,,
743,5/26/22 21:56,74.277,2.837,,,,
744,5/26/22 22:01,74.288,2.837,,,,
745,5/26/22 22:06,74.277,2.837,,,,
746,5/26/22 22:11,74.277,2.837,,,,
747,5/26/22 22:16,74.288,2.837,,,,
748,5/26/22 22:21,74.299,2.837,,,,
749,5/26/22 22:26,74.277,2.837,,,,
750,5/26/22 22:31,74.288,2.837,,,,
751,5/26/22 22:36,74.288,2.837,,,,
752,5/26/22 22:41,74.277,2.837,,,,
753,5/26/22 22:46,74.277,2.837,,,,
754,5/26/22 22:51,74.277,2.837,,,,
755,5/26/22 22:56,74.277,2.837,,,,
756,5/26/22 23:01,74.277,2.837,,,,
757,5/26/22 23:06,74.277,2.837,,,,
758,5/26/22 23:11,74.277,2.837,,,,
759,5/26/22 23:16,74.266,2.837,,,,
760,5/26/22 23:21,74.277,2.837,,,,
761,5/26/22 23:26,74.266,2.837,,,,
762,5/26/22 23:31,74.255,2.837,,,,
763,5/26/22 23:36,74.277,2.837,,,,
764,5/26/22 23:41,74.266,2.837,,,,
765,5/26/22 23:46,74.266,2.837,,,,
766,5/26/22 23:51,74.266,2.837,,,,
767,5/26/22 23:56,74.266,2.837,,,,
768,5/27/22 0:01,74.266,2.837,,,,
769,5/27/22 0:06,74.255,2.837,,,,
770,5/27/22 0:11,74.255,2.837,,,,
771,5/27/22 0:16,74.255,2.837,,,,
772,5/27/22 0:21,74.255,2.837,,,,
773,5/27/22 0:26,74.244,2.837,,,,
774,5/27/22 0:31,74.244,2.837,,,,
775,5/27/22 0:36,74.233,2.837,,,,
776,5/27/22 0:41,74.244,2.837,,,,
777,5/27/22 0:46,74.244,2.837,,,,
778,5/27/22 0:51,74.255,2.837,,,,
779,5/27/22 0:56,74.233,2.837,,,,
780,5/27/22 1:01,74.244,2.837,,,,
781,5/27/22 1:06,74.244,2.837,,,,
782,5/27/22 1:11,74.233,2.837,,,,
783,5/27/22 1:16,74.244,2.837,,,,
784,5/27/22 1:21,74.233,2.837,,,,
785,5/27/22 1:26,74.233,2.837,,,,
786,5/27/22 1:31,74.233,2.837,,,,
787,5/27/22 1:36,74.233,2.837,,,,
788,5/27/22 1:41,74.233,2.837,,,,
789,5/27/22 1:46,74.233,2.837,,,,
790,5/27/22 1:51,74.233,2.837,,,,
791,5/27/22 1:56,74.233,2.837,,,,
792,5/27/22 2:01,74.211,2.837,,,,
793,5/27/22 2:06,74.211,2.837,,,,
794,5/27/22 2:11,74.211,2.837,,,,
795,5/27/22 2:16,74.211,2.837,,,,
796,5/27/22 2:21,74.211,2.837,,,,
797,5/27/22 2:26,74.211,2.837,,,,
798,5/27/22 2:31,74.211,2.837,,,,
799,5/27/22 2:36,74.211,2.837,,,,
800,5/27/22 2:41,74.211,2.837,,,,
801,5/27/22 2:46,74.211,2.837,,,,
802,5/27/22 2:51,74.211,2.837,,,,
803,5/27/22 2:56,74.211,2.837,,,,
804,5/27/22 3:01,74.211,2.837,,,,
805,5/27/22 3:06,74.211,2.837,,,,
806,5/27/22 3:11,74.2,2.837,,,,
807,5/27/22 3:16,74.2,2.837,,,,
808,5/27/22 3:21,74.189,2.837,,,,
809,5/27/22 3:26,74.189,2.837,,,,
810,5/27/22 3:31,74.189,2.837,,,,
811,5/27/22 3:36,74.178,2.837,,,,
812,5/27/22 3:41,74.2,2.837,,,,
813,5/27/22 3:46,74.2,2.837,,,,
814,5/27/22 3:51,74.189,2.837,,,,
815,5/27/22 3:56,74.189,2.837,,,,
816,5/27/22 4:01,74.189,2.837,,,,
817,5/27/22 4:06,74.2,2.837,,,,
818,5/27/22 4:11,74.178,2.837,,,,
819,5/27/22 4:16,74.189,2.837,,,,
820,5/27/22 4:21,74.178,2.837,,,,
821,5/27/22 4:26,74.178,2.837,,,,
822,5/27/22 4:31,74.178,2.837,,,,
823,5/27/22 4:36,74.178,2.837,,,,
824,5/27/22 4:41,74.189,2.837,,,,
825,5/27/22 4:46,74.178,2.837,,,,
826,5/27/22 4:51,74.189,2.837,,,,
827,5/27/22 4:56,74.167,2.837,,,,
828,5/27/22 5:01,74.178,2.837,,,,
829,5/27/22 5:06,74.189,2.837,,,,
830,5/27/22 5:11,74.189,2.837,,,,
831,5/27/22 5:16,74.189,2.837,,,,
832,5/27/22 5:21,74.178,2.837,,,,
833,5/27/22 5:26,74.167,2.837,,,,
834,5/27/22 5:31,74.189,2.837,,,,
835,5/27/22 5:36,74.178,2.837,,,,
836,5/27/22 5:41,74.189,2.837,,,,
837,5/27/22 5:46,74.167,2.837,,,,
838,5/27/22 5:51,74.178,2.837,,,,
839,5/27/22 5:56,74.167,2.837,,,,
840,5/27/22 6:01,74.167,2.837,,,,
841,5/27/22 6:06,74.167,2.837,,,,
842,5/27/22 6:11,74.178,2.837,,,,
843,5/27/22 6:16,74.178,2.837,,,,
844,5/27/22 6:21,74.178,2.837,,,,
845,5/27/22 6:26,74.167,2.837,,,,
846,5/27/22 6:31,74.167,2.837,,,,
847,5/27/22 6:36,74.167,2.837,,,,
848,5/27/22 6:41,74.178,2.837,,,,
849,5/27/22 6:46,74.178,2.837,,,,
850,5/27/22 6:51,74.167,2.837,,,,
851,5/27/22 6:56,74.167,2.837,,,,
852,5/27/22 7:01,74.167,2.837,,,,
853,5/27/22 7:06,74.156,2.837,,,,
854,5/27/22 7:11,74.156,2.837,,,,
855,5/27/22 7:16,74.156,2.837,,,,
856,5/27/22 7:21,74.156,2.837,,,,
857,5/27/22 7:26,74.156,2.837,,,,
858,5/27/22 7:31,74.156,2.837,,,,
859,5/27/22 7:36,74.156,2.837,,,,
860,5/27/22 7:41,74.145,2.837,,,,
861,5/27/22 7:46,74.145,2.837,,,,
862,5/27/22 7:51,74.167,2.837,,,,
863,5/27/22 7:56,74.156,2.837,,,,
864,5/27/22 8:01,74.145,2.837,,,,
865,5/27/22 8:06,74.156,2.837,,,,
866,5/27/22 8:11,74.167,2.837,,,,
867,5/27/22 8:16,74.134,2.837,,,,
868,5/27/22 8:21,74.178,2.837,,,,
869,5/27/22 8:26,74.145,2.837,,,,
870,5/27/22 8:31,74.134,2.837,,,,
871,5/27/22 8:36,74.156,2.837,,,,
872,5/27/22 8:41,74.156,2.837,,,,
873,5/27/22 8:46,74.134,2.837,,,,
874,5/27/22 8:51,74.156,2.837,,,,
875,5/27/22 8:56,74.145,2.837,,,,
876,5/27/22 9:01,74.145,2.837,,,,
877,5/27/22 9:06,74.15,2.943,,,,
878,5/27/22 9:11,74.145,2.837,,,,
879,5/27/22 9:16,74.145,2.837,,,,
880,5/27/22 9:21,74.134,2.837,,,,
881,5/27/22 9:26,74.134,2.837,,,,
882,5/27/22 9:31,74.134,2.837,,,,
883,5/27/22 9:36,74.139,2.943,,,,
884,5/27/22 9:41,74.128,2.943,,,,
885,5/27/22 9:46,74.123,2.837,,,,
886,5/27/22 9:51,74.128,2.943,,,,
887,5/27/22 9:56,74.117,2.943,,,,
888,5/27/22 10:01,74.106,2.943,,,,
889,5/27/22 10:06,74.106,2.943,,,,
890,5/27/22 10:11,74.106,2.943,,,,
891,5/27/22 10:16,74.095,2.943,,,,
892,5/27/22 10:21,74.095,2.943,,,,
893,5/27/22 10:26,74.117,2.943,,,,
894,5/27/22 10:31,74.117,2.943,,,,
895,5/27/22 10:36,74.095,2.943,,,,
896,5/27/22 10:41,74.095,2.943,,,,
897,5/27/22 10:46,74.084,2.943,,,,
898,5/27/22 10:51,74.084,2.943,,,,
899,5/27/22 10:56,74.084,2.943,,,,
900,5/27/22 11:01,74.095,2.943,,,,
901,5/27/22 11:06,74.062,2.943,,,,
902,5/27/22 11:11,74.052,2.943,,,,
903,5/27/22 11:16,74.073,2.943,,,,
904,5/27/22 11:21,74.041,2.943,,,,
905,5/27/22 11:26,74.062,2.943,,,,
906,5/27/22 11:31,74.073,2.943,,,,
907,5/27/22 11:36,74.062,2.943,,,,
908,5/27/22 11:41,74.062,2.943,,,,
909,5/27/22 11:46,74.062,2.943,,,,
910,5/27/22 11:51,74.062,2.943,,,,
911,5/27/22 11:56,74.052,2.943,,,,
912,5/27/22 12:01,74.062,2.943,,,,
913,5/27/22 12:06,74.052,2.943,,,,
914,5/27/22 12:11,74.052,2.943,,,,
915,5/27/22 12:16,74.062,2.943,,,,
916,5/27/22 12:21,74.052,2.943,,,,
917,5/27/22 12:26,74.041,2.943,,,,
918,5/27/22 12:31,74.03,2.943,,,,
919,5/27/22 12:36,74.041,2.943,,,,
920,5/27/22 12:41,74.041,2.943,,,,
921,5/27/22 12:46,74.03,2.943,,,,
922,5/27/22 12:51,74.03,2.943,,,,
923,5/27/22 12:56,74.008,2.943,,,,
924,5/27/22 13:01,74.03,2.943,,,,
925,5/27/22 13:06,74.019,2.943,,,,
926,5/27/22 13:11,74.03,2.943,,,,
927,5/27/22 13:16,74.019,2.943,,,,
928,5/27/22 13:21,74.019,2.943,,,,
929,5/27/22 13:26,74.008,2.943,,,,
930,5/27/22 13:31,74.008,2.943,,,,
931,5/27/22 13:36,74.008,2.943,,,,
932,5/27/22 13:41,73.997,2.943,,,,
933,5/27/22 13:46,73.986,2.943,,,,
934,5/27/22 13:51,73.997,2.943,,,,
935,5/27/22 13:56,74.008,2.943,,,,
936,5/27/22 14:01,73.997,2.943,,,,
937,5/27/22 14:06,73.997,2.943,,,,
938,5/27/22 14:11,73.986,2.943,,,,
939,5/27/22 14:16,73.986,2.943,,,,
940,5/27/22 14:21,73.975,2.943,,,,
941,5/27/22 14:26,73.986,2.943,,,,
942,5/27/22 14:31,73.986,2.943,,,,
943,5/27/22 14:36,73.964,2.943,,,,
944,5/27/22 14:41,73.975,2.943,,,,
945,5/27/22 14:46,73.975,2.943,,,,
946,5/27/22 14:51,73.964,2.943,,,,
947,5/27/22 14:56,73.975,2.943,,,,
948,5/27/22 15:01,73.964,2.943,,,,
949,5/27/22 15:06,73.953,2.943,,,,
950,5/27/22 15:11,73.964,2.943,,,,
951,5/27/22 15:16,73.953,2.943,,,,
952,5/27/22 15:21,73.92,2.943,,,,
953,5/27/22 15:26,73.931,2.943,,,,
954,5/27/22 15:31,73.931,2.943,,,,
955,5/27/22 15:36,73.92,2.943,,,,
956,5/27/22 15:41,73.931,2.943,,,,
957,5/27/22 15:46,73.942,2.943,,,,
958,5/27/22 15:51,73.931,2.943,,,,
959,5/27/22 15:56,73.942,2.943,,,,
960,5/27/22 16:01,73.92,2.943,,,,
961,5/27/22 16:06,73.931,2.943,,,,
962,5/27/22 16:11,73.931,2.943,,,,
963,5/27/22 16:16,73.931,2.943,,,,
964,5/27/22 16:21,73.931,2.943,,,,
965,5/27/22 16:26,73.92,2.943,,,,
966,5/27/22 16:31,73.92,2.943,,,,
967,5/27/22 16:36,73.92,2.943,,,,
968,5/27/22 16:41,73.92,2.943,,,,
969,5/27/22 16:46,73.909,2.943,,,,
970,5/27/22 16:51,73.898,2.943,,,,
971,5/27/22 16:56,73.898,2.943,,,,
972,5/27/22 17:01,73.898,2.943,,,,
973,5/27/22 17:06,73.909,2.943,,,,
974,5/27/22 17:11,73.898,2.943,,,,
975,5/27/22 17:16,73.876,2.943,,,,
976,5/27/22 17:21,73.887,2.943,,,,
977,5/27/22 17:26,73.887,2.943,,,,
978,5/27/22 17:31,73.876,2.943,,,,
979,5/27/22 17:36,73.876,2.943,,,,
980,5/27/22 17:41,73.865,2.943,,,,
981,5/27/22 17:46,73.865,2.943,,,,
982,5/27/22 17:51,73.865,2.943,,,,
983,5/27/22 17:56,73.854,2.943,,,,
984,5/27/22 18:01,73.854,2.943,,,,
985,5/27/22 18:06,73.854,2.943,,,,
986,5/27/22 18:11,73.843,2.943,,,,
987,5/27/22 18:16,73.865,2.943,,,,
988,5/27/22 18:21,73.854,2.943,,,,
989,5/27/22 18:26,73.843,2.943,,,,
990,5/27/22 18:31,73.854,2.943,,,,
991,5/27/22 18:36,73.843,2.943,,,,
992,5/27/22 18:41,73.843,2.943,,,,
993,5/27/22 18:46,73.854,2.943,,,,
994,5/27/22 18:51,73.832,2.943,,,,
995,5/27/22 18:56,73.843,2.943,,,,
996,5/27/22 19:01,73.843,2.943,,,,
997,5/27/22 19:06,73.832,2.943,,,,
998,5/27/22 19:11,73.837,3.049,,,,
999,5/27/22 19:16,73.832,2.943,,,,
1000,5/27/22 19:21,73.821,2.943,,,,
1001,5/27/22 19:26,73.821,2.943,,,,
1002,5/27/22 19:31,73.81,2.943,,,,
1003,5/27/22 19:36,73.815,3.049,,,,
1004,5/27/22 19:41,73.815,3.049,,,,
1005,5/27/22 19:46,73.815,3.049,,,,
1006,5/27/22 19:51,73.815,3.049,,,,
1007,5/27/22 19:56,73.815,3.049,,,,
1008,5/27/22 20:01,73.826,3.049,,,,
1009,5/27/22 20:06,73.815,3.049,,,,
1010,5/27/22 20:11,73.815,3.049,,,,
1011,5/27/22 20:16,73.815,3.049,,,,
1012,5/27/22 20:21,73.815,3.049,,,,
1013,5/27/22 20:26,73.815,3.049,,,,
1014,5/27/22 20:31,73.826,3.049,,,,
1015,5/27/22 20:36,73.815,3.049,,,,
1016,5/27/22 20:41,73.804,3.049,,,,
1017,5/27/22 20:46,73.826,3.049,,,,
1018,5/27/22 20:51,73.826,3.049,,,,
1019,5/27/22 20:56,73.826,3.049,,,,
1020,5/27/22 21:01,73.826,3.049,,,,
1021,5/27/22 21:06,73.815,3.049,,,,
1022,5/27/22 21:11,73.826,3.049,,,,
1023,5/27/22 21:16,73.826,3.049,,,,
1024,5/27/22 21:21,73.826,3.049,,,,
1025,5/27/22 21:26,73.815,3.049,,,,
1026,5/27/22 21:31,73.826,3.049,,,,
1027,5/27/22 21:36,73.837,3.049,,,,
1028,5/27/22 21:41,73.804,3.049,,,,
1029,5/27/22 21:46,73.815,3.049,,,,
1030,5/27/22 21:51,73.815,3.049,,,,
1031,5/27/22 21:56,73.815,3.049,,,,
1032,5/27/22 22:01,73.804,3.049,,,,
1033,5/27/22 22:06,73.804,3.049,,,,
1034,5/27/22 22:11,73.815,3.049,,,,
1035,5/27/22 22:16,73.804,3.049,,,,
1036,5/27/22 22:21,73.815,3.049,,,,
1037,5/27/22 22:26,73.804,3.049,,,,
1038,5/27/22 22:31,73.804,3.049,,,,
1039,5/27/22 22:36,73.804,3.049,,,,
1040,5/27/22 22:41,73.815,3.049,,,,
1041,5/27/22 22:46,73.804,3.049,,,,
1042,5/27/22 22:51,73.804,3.049,,,,
1043,5/27/22 22:56,73.804,3.049,,,,
1044,5/27/22 23:01,73.793,3.049,,,,
1045,5/27/22 23:06,73.793,3.049,,,,
1046,5/27/22 23:11,73.793,3.049,,,,
1047,5/27/22 23:16,73.793,3.049,,,,
1048,5/27/22 23:21,73.793,3.049,,,,
1049,5/27/22 23:26,73.793,3.049,,,,
1050,5/27/22 23:31,73.793,3.049,,,,
1051,5/27/22 23:36,73.793,3.049,,,,
1052,5/27/22 23:41,73.804,3.049,,,,
1053,5/27/22 23:46,73.771,3.049,,,,
1054,5/27/22 23:51,73.771,3.049,,,,
1055,5/27/22 23:56,73.771,3.049,,,,
1056,5/28/22 0:01,73.771,3.049,,,,
1057,5/28/22 0:06,73.782,3.049,,,,
1058,5/28/22 0:11,73.76,3.049,,,,
1059,5/28/22 0:16,73.771,3.049,,,,
1060,5/28/22 0:21,73.76,3.049,,,,
1061,5/28/22 0:26,73.782,3.049,,,,
1062,5/28/22 0:31,73.76,3.049,,,,
1063,5/28/22 0:36,73.76,3.049,,,,
1064,5/28/22 0:41,73.76,3.049,,,,
1065,5/28/22 0:46,73.738,3.049,,,,
1066,5/28/22 0:51,73.749,3.049,,,,
1067,5/28/22 0:56,73.738,3.049,,,,
1068,5/28/22 1:01,73.727,3.049,,,,
1069,5/28/22 1:06,73.727,3.049,,,,
1070,5/28/22 1:11,73.738,3.049,,,,
1071,5/28/22 1:16,73.738,3.049,,,,
1072,5/28/22 1:21,73.727,3.049,,,,
1073,5/28/22 1:26,73.727,3.049,,,,
1074,5/28/22 1:31,73.705,3.049,,,,
1075,5/28/22 1:36,73.705,3.049,,,,
1076,5/28/22 1:41,73.705,3.049,,,,
1077,5/28/22 1:46,73.727,3.049,,,,
1078,5/28/22 1:51,73.716,3.049,,,,
1079,5/28/22 1:56,73.694,3.049,,,,
1080,5/28/22 2:01,73.683,3.049,,,,
1081,5/28/22 2:06,73.683,3.049,,,,
1082,5/28/22 2:11,73.683,3.049,,,,
1083,5/28/22 2:16,73.683,3.049,,,,
1084,5/28/22 2:21,73.683,3.049,,,,
1085,5/28/22 2:26,73.672,3.049,,,,
1086,5/28/22 2:31,73.683,3.049,,,,
1087,5/28/22 2:36,73.672,3.049,,,,
1088,5/28/22 2:41,73.661,3.049,,,,
1089,5/28/22 2:46,73.661,3.049,,,,
1090,5/28/22 2:51,73.661,3.049,,,,
1091,5/28/22 2:56,73.65,3.049,,,,
1092,5/28/22 3:01,73.65,3.049,,,,
1093,5/28/22 3:06,73.639,3.049,,,,
1094,5/28/22 3:11,73.628,3.049,,,,
1095,5/28/22 3:16,73.639,3.049,,,,
1096,5/28/22 3:21,73.628,3.049,,,,
1097,5/28/22 3:26,73.617,3.049,,,,
1098,5/28/22 3:31,73.606,3.049,,,,
1099,5/28/22 3:36,73.606,3.049,,,,
1100,5/28/22 3:41,73.595,3.049,,,,
1101,5/28/22 3:46,73.595,3.049,,,,
1102,5/28/22 3:51,73.595,3.049,,,,
1103,5/28/22 3:56,73.595,3.049,,,,
1104,5/28/22 4:01,73.584,3.049,,,,
1105,5/28/22 4:06,73.584,3.049,,,,
1106,5/28/22 4:11,73.573,3.049,,,,
1107,5/28/22 4:16,73.573,3.049,,,,
1108,5/28/22 4:21,73.573,3.049,,,,
1109,5/28/22 4:26,73.562,3.049,,,,
1110,5/28/22 4:31,73.551,3.049,,,,
1111,5/28/22 4:36,73.562,3.049,,,,
1112,5/28/22 4:41,73.573,3.049,,,,
1113,5/28/22 4:46,73.551,3.049,,,,
1114,5/28/22 4:51,73.562,3.049,,,,
1115,5/28/22 4:56,73.551,3.049,,,,
1116,5/28/22 5:01,73.551,3.049,,,,
1117,5/28/22 5:06,73.54,3.049,,,,
1118,5/28/22 5:11,73.54,3.049,,,,
1119,5/28/22 5:16,73.529,3.049,,,,
1120,5/28/22 5:21,73.54,3.049,,,,
1121,5/28/22 5:26,73.54,3.049,,,,
1122,5/28/22 5:31,73.529,3.049,,,,
1123,5/28/22 5:36,73.54,3.049,,,,
1124,5/28/22 5:41,73.529,3.049,,,,
1125,5/28/22 5:46,73.518,3.049,,,,
1126,5/28/22 5:51,73.518,3.049,,,,
1127,5/28/22 5:56,73.518,3.049,,,,
1128,5/28/22 6:01,73.508,3.049,,,,
1129,5/28/22 6:06,73.497,3.049,,,,
1130,5/28/22 6:11,73.508,3.049,,,,
1131,5/28/22 6:16,73.508,3.049,,,,
1132,5/28/22 6:21,73.486,3.049,,,,
1133,5/28/22 6:26,73.486,3.049,,,,
1134,5/28/22 6:31,73.49,3.155,,,,
1135,5/28/22 6:36,73.475,3.049,,,,
1136,5/28/22 6:41,73.475,3.049,,,,
1137,5/28/22 6:46,73.475,3.049,,,,
1138,5/28/22 6:51,73.475,3.049,,,,
1139,5/28/22 6:56,73.464,3.049,,,,
1140,5/28/22 7:01,73.49,3.155,,,,
1141,5/28/22 7:06,73.453,3.049,,,,
1142,5/28/22 7:11,73.468,3.155,,,,
1143,5/28/22 7:16,73.446,3.155,,,,
1144,5/28/22 7:21,73.457,3.155,,,,
1145,5/28/22 7:26,73.457,3.155,,,,
1146,5/28/22 7:31,73.446,3.155,,,,
1147,5/28/22 7:36,73.446,3.155,,,,
1148,5/28/22 7:41,73.446,3.155,,,,
1149,5/28/22 7:46,73.446,3.155,,,,
1150,5/28/22 7:51,73.446,3.155,,,,
1151,5/28/22 7:56,73.446,3.155,,,,
1152,5/28/22 8:01,73.435,3.155,,,,
1153,5/28/22 8:06,73.446,3.155,,,,
1154,5/28/22 8:11,73.435,3.155,,,,
1155,5/28/22 8:16,73.424,3.155,,,,
1156,5/28/22 8:21,73.414,3.155,,,,
1157,5/28/22 8:26,73.424,3.155,,,,
1158,5/28/22 8:31,73.392,3.155,,,,
1159,5/28/22 8:36,73.403,3.155,,,,
1160,5/28/22 8:41,73.392,3.155,,,,
1161,5/28/22 8:46,73.381,3.155,,,,
1162,5/28/22 8:51,73.392,3.155,,,,
1163,5/28/22 8:56,73.381,3.155,,,,
1164,5/28/22 9:01,73.392,3.155,,,,
1165,5/28/22 9:06,73.37,3.155,,,,
1166,5/28/22 9:11,73.381,3.155,,,,
1167,5/28/22 9:16,73.37,3.155,,,,
1168,5/28/22 9:21,73.37,3.155,,,,
1169,5/28/22 9:26,73.37,3.155,,,,
1170,5/28/22 9:31,73.37,3.155,,,,
1171,5/28/22 9:36,73.37,3.155,,,,
1172,5/28/22 9:41,73.37,3.155,,,,
1173,5/28/22 9:46,73.348,3.155,,,,
1174,5/28/22 9:51,73.359,3.155,,,,
1175,5/28/22 9:56,73.348,3.155,,,,
1176,5/28/22 10:01,73.348,3.155,,,,
1177,5/28/22 10:06,73.326,3.155,,,,
1178,5/28/22 10:11,73.337,3.155,,,,
1179,5/28/22 10:16,73.337,3.155,,,,
1180,5/28/22 10:21,73.326,3.155,,,,
1181,5/28/22 10:26,73.315,3.155,,,,
1182,5/28/22 10:31,73.315,3.155,,,,
1183,5/28/22 10:36,73.304,3.155,,,,
1184,5/28/22 10:41,73.304,3.155,,,,
1185,5/28/22 10:46,73.315,3.155,,,,
1186,5/28/22 10:51,73.315,3.155,,,,
1187,5/28/22 10:56,73.293,3.155,,,,
1188,5/28/22 11:01,73.304,3.155,,,,
1189,5/28/22 11:06,73.304,3.155,,,,
1190,5/28/22 11:11,73.293,3.155,,,,
1191,5/28/22 11:16,73.293,3.155,,,,
1192,5/28/22 11:21,73.271,3.155,,,,
1193,5/28/22 11:26,73.282,3.155,,,,
1194,5/28/22 11:31,73.271,3.155,,,,
1195,5/28/22 11:36,73.26,3.155,,,,
1196,5/28/22 11:41,73.271,3.155,,,,
1197,5/28/22 11:46,73.271,3.155,,,,
1198,5/28/22 11:51,73.26,3.155,,,,
1199,5/28/22 11:56,73.271,3.155,,,,
1200,5/28/22 12:01,73.26,3.155,,,,
1201,5/28/22 12:06,73.238,3.155,,,,
1202,5/28/22 12:11,73.227,3.155,,,,
1203,5/28/22 12:16,73.216,3.155,,,,
1204,5/28/22 12:21,73.227,3.155,,,,
1205,5/28/22 12:26,73.205,3.155,,,,
1206,5/28/22 12:31,73.216,3.155,,,,
1207,5/28/22 12:36,73.205,3.155,,,,
1208,5/28/22 12:41,73.216,3.155,,,,
1209,5/28/22 12:46,73.216,3.155,,,,
1210,5/28/22 12:51,73.205,3.155,,,,
1211,5/28/22 12:56,73.205,3.155,,,,
1212,5/28/22 13:01,73.194,3.155,,,,
1213,5/28/22 13:06,73.194,3.155,,,,
1214,5/28/22 13:11,73.172,3.155,,,,
1215,5/28/22 13:16,73.194,3.155,,,,
1216,5/28/22 13:21,73.194,3.155,,,,
1217,5/28/22 13:26,73.172,3.155,,,,
1218,5/28/22 13:31,73.172,3.155,,,,
1219,5/28/22 13:36,73.172,3.155,,,,
1220,5/28/22 13:41,73.161,3.155,,,,
1221,5/28/22 13:46,73.15,3.155,,,,
1222,5/28/22 13:51,73.15,3.155,,,,
1223,5/28/22 13:56,73.15,3.155,,,,
1224,5/28/22 14:01,73.139,3.155,,,,
1225,5/28/22 14:06,73.117,3.155,,,,
1226,5/28/22 14:11,73.128,3.155,,,,
1227,5/28/22 14:16,73.117,3.155,,,,
1228,5/28/22 14:21,73.106,3.155,,,,
1229,5/28/22 14:26,73.117,3.155,,,,
1230,5/28/22 14:31,73.106,3.155,,,,
1231,5/28/22 14:36,73.106,3.155,,,,
1232,5/28/22 14:41,73.084,3.155,,,,
1233,5/28/22 14:46,73.084,3.155,,,,
1234,5/28/22 14:51,73.084,3.155,,,,
1235,5/28/22 14:56,73.084,3.155,,,,
1236,5/28/22 15:01,73.084,3.155,,,,
1237,5/28/22 15:06,73.084,3.155,,,,
1238,5/28/22 15:11,73.073,3.155,,,,
1239,5/28/22 15:16,73.073,3.155,,,,
1240,5/28/22 15:21,73.062,3.155,,,,
1241,5/28/22 15:26,73.073,3.155,,,,
1242,5/28/22 15:31,73.073,3.155,,,,
1243,5/28/22 15:36,73.078,3.261,,,,
1244,5/28/22 15:41,73.073,3.155,,,,
1245,5/28/22 15:46,73.078,3.261,,,,
1246,5/28/22 15:51,73.067,3.261,,,,
1247,5/28/22 15:56,73.067,3.261,,,,
1248,5/28/22 16:01,73.062,3.155,,,,
1249,5/28/22 16:06,73.045,3.261,,,,
1250,5/28/22 16:11,73.067,3.261,,,,
1251,5/28/22 16:16,73.056,3.261,,,,
1252,5/28/22 16:21,73.067,3.261,,,,
1253,5/28/22 16:26,73.056,3.261,,,,
1254,5/28/22 16:31,73.056,3.261,,,,
1255,5/28/22 16:36,73.056,3.261,,,,
1256,5/28/22 16:41,73.045,3.261,,,,
1257,5/28/22 16:46,73.034,3.261,,,,
1258,5/28/22 16:51,73.045,3.261,,,,
1259,5/28/22 16:56,73.034,3.261,,,,
1260,5/28/22 17:01,73.034,3.261,,,,
1261,5/28/22 17:06,73.023,3.261,,,,
1262,5/28/22 17:11,73.045,3.261,,,,
1263,5/28/22 17:16,73.034,3.261,,,,
1264,5/28/22 17:21,73.034,3.261,,,,
1265,5/28/22 17:26,73.045,3.261,,,,
1266,5/28/22 17:31,73.045,3.261,,,,
1267,5/28/22 17:36,73.023,3.261,,,,
1268,5/28/22 17:41,73.034,3.261,,,,
1269,5/28/22 17:46,73.012,3.261,,,,
1270,5/28/22 17:51,73.012,3.261,,,,
1271,5/28/22 17:56,73.023,3.261,,,,
1272,5/28/22 18:01,73.012,3.261,,,,
1273,5/28/22 18:06,73.001,3.261,,,,
1274,5/28/22 18:11,73.012,3.261,,,,
1275,5/28/22 18:16,73.001,3.261,,,,
1276,5/28/22 18:21,73.012,3.261,,,,
1277,5/28/22 18:26,73.001,3.261,,,,
1278,5/28/22 18:31,73.001,3.261,,,,
1279,5/28/22 18:36,72.99,3.261,,,,
1280,5/28/22 18:41,73.001,3.261,,,,
1281,5/28/22 18:46,72.99,3.261,,,,
1282,5/28/22 18:51,72.99,3.261,,,,
1283,5/28/22 18:56,72.99,3.261,,,,
1284,5/28/22 19:01,72.99,3.261,,,,
1285,5/28/22 19:06,72.979,3.261,,,,
1286,5/28/22 19:11,72.979,3.261,,,,
1287,5/28/22 19:16,72.99,3.261,,,,
1288,5/28/22 19:21,72.968,3.261,,,,
1289,5/28/22 19:26,72.979,3.261,,,,
1290,5/28/22 19:31,72.968,3.261,,,,
1291,5/28/22 19:36,72.968,3.261,,,,
1292,5/28/22 19:41,72.957,3.261,,,,
1293,5/28/22 19:46,72.957,3.261,,,,
1294,5/28/22 19:51,72.968,3.261,,,,
1295,5/28/22 19:56,72.957,3.261,,,,
1296,5/28/22 20:01,72.946,3.261,,,,
1297,5/28/22 20:06,72.935,3.261,,,,
1298,5/28/22 20:11,72.935,3.261,,,,
1299,5/28/22 20:16,72.924,3.261,,,,
1300,5/28/22 20:21,72.935,3.261,,,,
1301,5/28/22 20:26,72.946,3.261,,,,
1302,5/28/22 20:31,72.935,3.261,,,,
1303,5/28/22 20:36,72.935,3.261,,,,
1304,5/28/22 20:41,72.935,3.261,,,,
1305,5/28/22 20:46,72.924,3.261,,,,
1306,5/28/22 20:51,72.913,3.261,,,,
1307,5/28/22 20:56,72.913,3.261,,,,
1308,5/28/22 21:01,72.924,3.261,,,,
1309,5/28/22 21:06,72.924,3.261,,,,
1310,5/28/22 21:11,72.924,3.261,,,,
1311,5/28/22 21:16,72.924,3.261,,,,
1312,5/28/22 21:21,72.924,3.261,,,,
1313,5/28/22 21:26,72.924,3.261,,,,
1314,5/28/22 21:31,72.913,3.261,,,,
1315,5/28/22 21:36,72.924,3.261,,,,
1316,5/28/22 21:41,72.913,3.261,,,,
1317,5/28/22 21:46,72.902,3.261,,,,
1318,5/28/22 21:51,72.913,3.261,,,,
1319,5/28/22 21:56,72.913,3.261,,,,
1320,5/28/22 22:01,72.902,3.261,,,,
1321,5/28/22 22:06,72.902,3.261,,,,
1322,5/28/22 22:11,72.924,3.261,,,,
1323,5/28/22 22:16,72.902,3.261,,,,
1324,5/28/22 22:21,72.902,3.261,,,,
1325,5/28/22 22:26,72.902,3.261,,,,
1326,5/28/22 22:31,72.88,3.261,,,,
1327,5/28/22 22:36,72.891,3.261,,,,
1328,5/28/22 22:41,72.891,3.261,,,,
1329,5/28/22 22:46,72.891,3.261,,,,
1330,5/28/22 22:51,72.88,3.261,,,,
1331,5/28/22 22:56,72.869,3.261,,,,
1332,5/28/22 23:01,72.869,3.261,,,,
1333,5/28/22 23:06,72.869,3.261,,,,
1334,5/28/22 23:11,72.869,3.261,,,,
1335,5/28/22 23:16,72.869,3.261,,,,
1336,5/28/22 23:21,72.858,3.261,,,,
1337,5/28/22 23:26,72.869,3.261,,,,
1338,5/28/22 23:31,72.858,3.261,,,,
1339,5/28/22 23:36,72.847,3.261,,,,
1340,5/28/22 23:41,72.847,3.261,,,,
1341,5/28/22 23:46,72.847,3.261,,,,
1342,5/28/22 23:51,72.836,3.261,,,,
1343,5/28/22 23:56,72.825,3.261,,,,
1344,5/29/22 0:01,72.836,3.261,,,,
1345,5/29/22 0:06,72.836,3.261,,,,
1346,5/29/22 0:11,72.836,3.261,,,,
1347,5/29/22 0:16,72.836,3.261,,,,
1348,5/29/22 0:21,72.825,3.261,,,,
1349,5/29/22 0:26,72.814,3.261,,,,
1350,5/29/22 0:31,72.825,3.261,,,,
1351,5/29/22 0:36,72.814,3.261,,,,
1352,5/29/22 0:41,72.803,3.261,,,,
1353,5/29/22 0:46,72.803,3.261,,,,
1354,5/29/22 0:51,72.803,3.261,,,,
1355,5/29/22 0:56,72.803,3.261,,,,
1356,5/29/22 1:01,72.793,3.261,,,,
1357,5/29/22 1:06,72.803,3.261,,,,
1358,5/29/22 1:11,72.771,3.261,,,,
1359,5/29/22 1:16,72.782,3.261,,,,
1360,5/29/22 1:21,72.782,3.261,,,,
1361,5/29/22 1:26,72.782,3.261,,,,
1362,5/29/22 1:31,72.782,3.261,,,,
1363,5/29/22 1:36,72.782,3.261,,,,
1364,5/29/22 1:41,72.771,3.261,,,,
1365,5/29/22 1:46,72.771,3.261,,,,
1366,5/29/22 1:51,72.771,3.261,,,,
1367,5/29/22 1:56,72.76,3.261,,,,
1368,5/29/22 2:01,72.749,3.261,,,,
1369,5/29/22 2:06,72.771,3.261,,,,
1370,5/29/22 2:11,72.76,3.261,,,,
1371,5/29/22 2:16,72.771,3.261,,,,
1372,5/29/22 2:21,72.749,3.261,,,,
1373,5/29/22 2:26,72.76,3.261,,,,
1374,5/29/22 2:31,72.76,3.261,,,,
1375,5/29/22 2:36,72.76,3.261,,,,
1376,5/29/22 2:41,72.749,3.261,,,,
1377,5/29/22 2:46,72.76,3.261,,,,
1378,5/29/22 2:51,72.749,3.261,,,,
1379,5/29/22 2:56,72.749,3.261,,,,
1380,5/29/22 3:01,72.749,3.261,,,,
1381,5/29/22 3:06,72.738,3.261,,,,
1382,5/29/22 3:11,72.749,3.261,,,,
1383,5/29/22 3:16,72.738,3.261,,,,
1384,5/29/22 3:21,72.738,3.261,,,,
1385,5/29/22 3:26,72.738,3.261,,,,
1386,5/29/22 3:31,72.727,3.261,,,,
1387,5/29/22 3:36,72.727,3.261,,,,
1388,5/29/22 3:41,72.749,3.261,,,,
1389,5/29/22 3:46,72.738,3.261,,,,
1390,5/29/22 3:51,72.727,3.261,,,,
1391,5/29/22 3:56,72.738,3.261,,,,
1392,5/29/22 4:01,72.727,3.261,,,,
1393,5/29/22 4:06,72.727,3.261,,,,
1394,5/29/22 4:11,72.716,3.261,,,,
1395,5/29/22 4:16,72.716,3.261,,,,
1396,5/29/22 4:21,72.727,3.261,,,,
1397,5/29/22 4:26,72.727,3.261,,,,
1398,5/29/22 4:31,72.705,3.261,,,,
1399,5/29/22 4:36,72.705,3.261,,,,
1400,5/29/22 4:41,72.694,3.261,,,,
1401,5/29/22 4:46,72.716,3.261,,,,
1402,5/29/22 4:51,72.705,3.261,,,,
1403,5/29/22 4:56,72.698,3.367,,,,
1404,5/29/22 5:01,72.709,3.367,,,,
1405,5/29/22 5:06,72.705,3.261,,,,
1406,5/29/22 5:11,72.705,3.261,,,,
1407,5/29/22 5:16,72.698,3.367,,,,
1408,5/29/22 5:21,72.698,3.367,,,,
1409,5/29/22 5:26,72.698,3.367,,,,
1410,5/29/22 5:31,72.698,3.367,,,,
1411,5/29/22 5:36,72.698,3.367,,,,
1412,5/29/22 5:41,72.709,3.367,,,,
1413,5/29/22 5:46,72.698,3.367,,,,
1414,5/29/22 5:51,72.709,3.367,,,,
1415,5/29/22 5:56,72.698,3.367,,,,
1416,5/29/22 6:01,72.676,3.367,,,,
1417,5/29/22 6:06,72.687,3.367,,,,
1418,5/29/22 6:11,72.676,3.367,,,,
1419,5/29/22 6:16,72.687,3.367,,,,
1420,5/29/22 6:21,72.687,3.367,,,,
1421,5/29/22 6:26,72.687,3.367,,,,
1422,5/29/22 6:31,72.687,3.367,,,,
1423,5/29/22 6:36,72.676,3.367,,,,
1424,5/29/22 6:41,72.676,3.367,,,,
1425,5/29/22 6:46,72.665,3.367,,,,
1426,5/29/22 6:51,72.665,3.367,,,,
1427,5/29/22 6:56,72.655,3.367,,,,
1428,5/29/22 7:01,72.655,3.367,,,,
1429,5/29/22 7:06,72.655,3.367,,,,
1430,5/29/22 7:11,72.633,3.367,,,,
1431,5/29/22 7:16,72.633,3.367,,,,
1432,5/29/22 7:21,72.622,3.367,,,,
1433,5/29/22 7:26,72.622,3.367,,,,
1434,5/29/22 7:31,72.622,3.367,,,,
1435,5/29/22 7:36,72.611,3.367,,,,
1436,5/29/22 7:41,72.611,3.367,,,,
1437,5/29/22 7:46,72.6,3.367,,,,
1438,5/29/22 7:51,72.589,3.367,,,,
1439,5/29/22 7:56,72.589,3.367,,,,
1440,5/29/22 8:01,72.578,3.367,,,,
1441,5/29/22 8:06,72.578,3.367,,,,
1442,5/29/22 8:11,72.567,3.367,,,,
1443,5/29/22 8:16,72.567,3.367,,,,
1444,5/29/22 8:21,72.556,3.367,,,,
1445,5/29/22 8:26,72.534,3.367,,,,
1446,5/29/22 8:31,72.534,3.367,,,,
1447,5/29/22 8:36,72.545,3.367,,,,
1448,5/29/22 8:41,72.534,3.367,,,,
1449,5/29/22 8:46,72.523,3.367,,,,
1450,5/29/22 8:51,72.523,3.367,,,,
1451,5/29/22 8:56,72.523,3.367,,,,
1452,5/29/22 9:01,72.49,3.367,,,,
1453,5/29/22 9:06,72.501,3.367,,,,
1454,5/29/22 9:11,72.49,3.367,,,,
1455,5/29/22 9:16,72.49,3.367,,,,
1456,5/29/22 9:21,72.49,3.367,,,,
1457,5/29/22 9:26,72.49,3.367,,,,
1458,5/29/22 9:31,72.468,3.367,,,,
1459,5/29/22 9:36,72.457,3.367,,,,
1460,5/29/22 9:41,72.468,3.367,,,,
1461,5/29/22 9:46,72.468,3.367,,,,
1462,5/29/22 9:51,72.457,3.367,,,,
1463,5/29/22 9:56,72.435,3.367,,,,
1464,5/29/22 10:01,72.435,3.367,,,,
1465,5/29/22 10:06,72.424,3.367,,,,
1466,5/29/22 10:11,72.424,3.367,,,,
1467,5/29/22 10:16,72.424,3.367,,,,
1468,5/29/22 10:21,72.413,3.367,,,,
1469,5/29/22 10:26,72.413,3.367,,,,
1470,5/29/22 10:31,72.424,3.367,,,,
1471,5/29/22 10:36,72.413,3.367,,,,
1472,5/29/22 10:41,72.413,3.367,,,,
1473,5/29/22 10:46,72.402,3.367,,,,
1474,5/29/22 10:51,72.391,3.367,,,,
1475,5/29/22 10:56,72.38,3.367,,,,
1476,5/29/22 11:01,72.38,3.367,,,,
1477,5/29/22 11:06,72.38,3.367,,,,
1478,5/29/22 11:11,72.391,3.367,,,,
1479,5/29/22 11:16,72.369,3.367,,,,
1480,5/29/22 11:21,72.369,3.367,,,,
1481,5/29/22 11:26,72.347,3.367,,,,
1482,5/29/22 11:31,72.347,3.367,,,,
1483,5/29/22 11:36,72.347,3.367,,,,
1484,5/29/22 11:41,72.336,3.367,,,,
1485,5/29/22 11:46,72.336,3.367,,,,
1486,5/29/22 11:51,72.325,3.367,,,,
1487,5/29/22 11:56,72.314,3.367,,,,
1488,5/29/22 12:01,72.303,3.367,,,,
1489,5/29/22 12:06,72.303,3.367,,,,
1490,5/29/22 12:11,72.292,3.367,,,,
1491,5/29/22 12:16,72.281,3.367,,,,
1492,5/29/22 12:21,72.281,3.367,,,,
1493,5/29/22 12:26,72.27,3.367,,,,
1494,5/29/22 12:31,72.292,3.367,,,,
1495,5/29/22 12:36,72.281,3.367,,,,
1496,5/29/22 12:41,72.281,3.367,,,,
1497,5/29/22 12:46,72.292,3.367,,,,
1498,5/29/22 12:51,72.27,3.367,,,,
1499,5/29/22 12:56,72.292,3.367,,,,
1500,5/29/22 13:01,72.281,3.367,,,,
1501,5/29/22 13:06,72.281,3.367,,,,
1502,5/29/22 13:11,72.292,3.367,,,,
1503,5/29/22 13:16,72.281,3.367,,,,
1504,5/29/22 13:21,72.281,3.367,,,,
1505,5/29/22 13:26,72.281,3.367,,,,
1506,5/29/22 13:31,72.281,3.367,,,,
1507,5/29/22 13:36,72.27,3.367,,,,
1508,5/29/22 13:41,72.281,3.367,,,,
1509,5/29/22 13:46,72.27,3.367,,,,
1510,5/29/22 13:51,72.281,3.367,,,,
1511,5/29/22 13:56,72.27,3.367,,,,
1512,5/29/22 14:01,72.281,3.367,,,,
1513,5/29/22 14:06,72.27,3.367,,,,
1514,5/29/22 14:11,72.27,3.367,,,,
1515,5/29/22 14:16,72.27,3.367,,,,
1516,5/29/22 14:21,72.27,3.367,,,,
1517,5/29/22 14:26,72.27,3.367,,,,
1518,5/29/22 14:31,72.259,3.367,,,,
1519,5/29/22 14:36,72.259,3.367,,,,
1520,5/29/22 14:41,72.259,3.367,,,,
1521,5/29/22 14:46,72.281,3.367,,,,
1522,5/29/22 14:51,72.248,3.367,,,,
1523,5/29/22 14:56,72.259,3.367,,,,
1524,5/29/22 15:01,72.259,3.367,,,,
1525,5/29/22 15:06,72.237,3.367,,,,
1526,5/29/22 15:11,72.248,3.367,,,,
1527,5/29/22 15:16,72.237,3.367,,,,
1528,5/29/22 15:21,72.248,3.367,,,,
1529,5/29/22 15:26,72.248,3.367,,,,
1530,5/29/22 15:31,72.248,3.367,,,,
1531,5/29/22 15:36,72.237,3.367,,,,
1532,5/29/22 15:41,72.237,3.367,,,,
1533,5/29/22 15:46,72.237,3.367,,,,
1534,5/29/22 15:51,72.226,3.367,,,,
1535,5/29/22 15:56,72.226,3.367,,,,
1536,5/29/22 16:01,72.226,3.367,,,,
1537,5/29/22 16:06,72.215,3.367,,,,
1538,5/29/22 16:11,72.226,3.367,,,,
1539,5/29/22 16:16,72.193,3.367,,,,
1540,5/29/22 16:21,72.204,3.367,,,,
1541,5/29/22 16:26,72.215,3.367,,,,
1542,5/29/22 16:31,72.215,3.367,,,,
1543,5/29/22 16:36,72.215,3.367,,,,
1544,5/29/22 16:41,72.215,3.367,,,,
1545,5/29/22 16:46,72.215,3.367,,,,
1546,5/29/22 16:51,72.215,3.367,,,,
1547,5/29/22 16:56,72.204,3.367,,,,
1548,5/29/22 17:01,72.215,3.367,,,,
1549,5/29/22 17:06,72.204,3.367,,,,
1550,5/29/22 17:11,72.204,3.367,,,,
1551,5/29/22 17:16,72.215,3.367,,,,
1552,5/29/22 17:21,72.193,3.367,,,,
1553,5/29/22 17:26,72.204,3.367,,,,
1554,5/29/22 17:31,72.204,3.367,,,,
1555,5/29/22 17:36,72.215,3.367,,,,
1556,5/29/22 17:41,72.215,3.367,,,,
1557,5/29/22 17:46,72.215,3.367,,,,
1558,5/29/22 17:51,72.204,3.367,,,,
1559,5/29/22 17:56,72.204,3.367,,,,
1560,5/29/22 18:01,72.193,3.367,,,,
1561,5/29/22 18:06,72.193,3.367,,,,
1562,5/29/22 18:11,72.204,3.367,,,,
1563,5/29/22 18:16,72.204,3.367,,,,
1564,5/29/22 18:21,72.204,3.367,,,,
1565,5/29/22 18:26,72.204,3.367,,,,
1566,5/29/22 18:31,72.204,3.367,,,,
1567,5/29/22 18:36,72.215,3.367,,,,
1568,5/29/22 18:41,72.226,3.367,,,,
1569,5/29/22 18:46,72.204,3.367,,,,
1570,5/29/22 18:51,72.204,3.367,,,,
1571,5/29/22 18:56,72.204,3.367,,,,
1572,5/29/22 19:01,72.215,3.367,,,,
1573,5/29/22 19:06,72.215,3.367,,,,
1574,5/29/22 19:11,72.226,3.367,,,,
1575,5/29/22 19:16,72.204,3.367,,,,
1576,5/29/22 19:21,72.204,3.367,,,,
1577,5/29/22 19:26,72.204,3.367,,,,
1578,5/29/22 19:31,72.204,3.367,,,,
1579,5/29/22 19:36,72.204,3.367,,,,
1580,5/29/22 19:41,72.193,3.367,,,,
1581,5/29/22 19:46,72.193,3.367,,,,
1582,5/29/22 19:51,72.193,3.367,,,,
1583,5/29/22 19:56,72.193,3.367,,,,
1584,5/29/22 20:01,72.193,3.367,,,,
1585,5/29/22 20:06,72.204,3.367,,,,
1586,5/29/22 20:11,72.204,3.367,,,,
1587,5/29/22 20:16,72.182,3.367,,,,
1588,5/29/22 20:21,72.204,3.367,,,,
1589,5/29/22 20:26,72.204,3.367,,,,
1590,5/29/22 20:31,72.193,3.367,,,,
1591,5/29/22 20:36,72.193,3.367,,,,
1592,5/29/22 20:41,72.193,3.367,,,,
1593,5/29/22 20:46,72.204,3.367,,,,
1594,5/29/22 20:51,72.204,3.367,,,,
1595,5/29/22 20:56,72.209,3.472,,,,
1596,5/29/22 21:01,72.204,3.367,,,,
1597,5/29/22 21:06,72.204,3.367,,,,
1598,5/29/22 21:11,72.215,3.367,,,,
1599,5/29/22 21:16,72.215,3.367,,,,
1600,5/29/22 21:21,72.22,3.472,,,,
1601,5/29/22 21:26,72.215,3.367,,,,
1602,5/29/22 21:31,72.22,3.472,,,,
1603,5/29/22 21:36,72.22,3.472,,,,
1604,5/29/22 21:41,72.226,3.367,,,,
1605,5/29/22 21:46,72.231,3.472,,,,
1606,5/29/22 21:51,72.22,3.472,,,,
1607,5/29/22 21:56,72.22,3.472,,,,
1608,5/29/22 22:01,72.237,3.367,,,,
1609,5/29/22 22:06,72.237,3.367,,,,
1610,5/29/22 22:11,72.231,3.472,,,,
1611,5/29/22 22:16,72.22,3.472,,,,
1612,5/29/22 22:21,72.253,3.472,,,,
1613,5/29/22 22:26,72.242,3.472,,,,
1614,5/29/22 22:31,72.253,3.472,,,,
1615,5/29/22 22:36,72.242,3.472,,,,
1616,5/29/22 22:41,72.242,3.472,,,,
1617,5/29/22 22:46,72.264,3.472,,,,
1618,5/29/22 22:51,72.253,3.472,,,,
1619,5/29/22 22:56,72.253,3.472,,,,
1620,5/29/22 23:01,72.253,3.472,,,,
1621,5/29/22 23:06,72.242,3.472,,,,
1622,5/29/22 23:11,72.264,3.472,,,,
1623,5/29/22 23:16,72.242,3.472,,,,
1624,5/29/22 23:21,72.253,3.472,,,,
1625,5/29/22 23:26,72.242,3.472,,,,
1626,5/29/22 23:31,72.242,3.472,,,,
1627,5/29/22 23:36,72.242,3.472,,,,
1628,5/29/22 23:41,72.253,3.472,,,,
1629,5/29/22 23:46,72.242,3.472,,,,
1630,5/29/22 23:51,72.242,3.472,,,,
1631,5/29/22 23:56,72.242,3.472,,,,
1632,5/30/22 0:01,72.231,3.472,,,,
1633,5/30/22 0:06,72.242,3.472,,,,
1634,5/30/22 0:11,72.231,3.472,,,,
1635,5/30/22 0:16,72.22,3.472,,,,
1636,5/30/22 0:21,72.209,3.472,,,,
1637,5/30/22 0:26,72.22,3.472,,,,
1638,5/30/22 0:31,72.209,3.472,,,,
1639,5/30/22 0:36,72.231,3.472,,,,
1640,5/30/22 0:41,72.22,3.472,,,,
1641,5/30/22 0:46,72.209,3.472,,,,
1642,5/30/22 0:51,72.198,3.472,,,,
1643,5/30/22 0:56,72.209,3.472,,,,
1644,5/30/22 1:01,72.187,3.472,,,,
1645,5/30/22 1:06,72.187,3.472,,,,
1646,5/30/22 1:11,72.198,3.472,,,,
1647,5/30/22 1:16,72.187,3.472,,,,
1648,5/30/22 1:21,72.187,3.472,,,,
1649,5/30/22 1:26,72.176,3.472,,,,
1650,5/30/22 1:31,72.187,3.472,,,,
1651,5/30/22 1:36,72.165,3.472,,,,
1652,5/30/22 1:41,72.165,3.472,,,,
1653,5/30/22 1:46,72.165,3.472,,,,
1654,5/30/22 1:51,72.165,3.472,,,,
1655,5/30/22 1:56,72.176,3.472,,,,
1656,5/30/22 2:01,72.176,3.472,,,,
1657,5/30/22 2:06,72.165,3.472,,,,
1658,5/30/22 2:11,72.165,3.472,,,,
1659,5/30/22 2:16,72.165,3.472,,,,
1660,5/30/22 2:21,72.154,3.472,,,,
1661,5/30/22 2:26,72.143,3.472,,,,
1662,5/30/22 2:31,72.154,3.472,,,,
1663,5/30/22 2:36,72.154,3.472,,,,
1664,5/30/22 2:41,72.143,3.472,,,,
1665,5/30/22 2:46,72.143,3.472,,,,
1666,5/30/22 2:51,72.143,3.472,,,,
1667,5/30/22 2:56,72.132,3.472,,,,
1668,5/30/22 3:01,72.143,3.472,,,,
1669,5/30/22 3:06,72.143,3.472,,,,
1670,5/30/22 3:11,72.143,3.472,,,,
1671,5/30/22 3:16,72.143,3.472,,,,
1672,5/30/22 3:21,72.132,3.472,,,,
1673,5/30/22 3:26,72.132,3.472,,,,
1674,5/30/22 3:31,72.143,3.472,,,,
1675,5/30/22 3:36,72.132,3.472,,,,
1676,5/30/22 3:41,72.132,3.472,,,,
1677,5/30/22 3:46,72.132,3.472,,,,
1678,5/30/22 3:51,72.132,3.472,,,,
1679,5/30/22 3:56,72.121,3.472,,,,
1680,5/30/22 4:01,72.121,3.472,,,,
1681,5/30/22 4:06,72.121,3.472,,,,
1682,5/30/22 4:11,72.11,3.472,,,,
1683,5/30/22 4:16,72.11,3.472,,,,
1684,5/30/22 4:21,72.11,3.472,,,,
1685,5/30/22 4:26,72.11,3.472,,,,
1686,5/30/22 4:31,72.099,3.472,,,,
1687,5/30/22 4:36,72.099,3.472,,,,
1688,5/30/22 4:41,72.11,3.472,,,,
1689,5/30/22 4:46,72.121,3.472,,,,
1690,5/30/22 4:51,72.11,3.472,,,,
1691,5/30/22 4:56,72.099,3.472,,,,
1692,5/30/22 5:01,72.11,3.472,,,,
1693,5/30/22 5:06,72.11,3.472,,,,
1694,5/30/22 5:11,72.11,3.472,,,,
1695,5/30/22 5:16,72.121,3.472,,,,
1696,5/30/22 5:21,72.121,3.472,,,,
1697,5/30/22 5:26,72.121,3.472,,,,
1698,5/30/22 5:31,72.121,3.472,,,,
1699,5/30/22 5:36,72.132,3.472,,,,
1700,5/30/22 5:41,72.11,3.472,,,,
1701,5/30/22 5:46,72.132,3.472,,,,
1702,5/30/22 5:51,72.11,3.472,,,,
1703,5/30/22 5:56,72.121,3.472,,,,
1704,5/30/22 6:01,72.132,3.472,,,,
1705,5/30/22 6:06,72.132,3.472,,,,
1706,5/30/22 6:11,72.132,3.472,,,,
1707,5/30/22 6:16,72.121,3.472,,,,
1708,5/30/22 6:21,72.121,3.472,,,,
1709,5/30/22 6:26,72.121,3.472,,,,
1710,5/30/22 6:31,72.132,3.472,,,,
1711,5/30/22 6:36,72.132,3.472,,,,
1712,5/30/22 6:41,72.132,3.472,,,,
1713,5/30/22 6:46,72.143,3.472,,,,
1714,5/30/22 6:51,72.132,3.472,,,,
1715,5/30/22 6:56,72.132,3.472,,,,
1716,5/30/22 7:01,72.143,3.472,,,,
1717,5/30/22 7:06,72.143,3.472,,,,
1718,5/30/22 7:11,72.132,3.472,,,,
1719,5/30/22 7:16,72.143,3.472,,,,
1720,5/30/22 7:21,72.176,3.472,,,,
1721,5/30/22 7:26,72.143,3.472,,,,
1722,5/30/22 7:31,72.154,3.472,,,,
1723,5/30/22 7:36,72.143,3.472,,,,
1724,5/30/22 7:41,72.165,3.472,,,,
1725,5/30/22 7:46,72.154,3.472,,,,
1726,5/30/22 7:51,72.143,3.472,,,,
1727,5/30/22 7:56,72.165,3.472,,,,
1728,5/30/22 8:01,72.154,3.472,,,,
1729,5/30/22 8:06,72.165,3.472,,,,
1730,5/30/22 8:11,72.154,3.472,,,,
1731,5/30/22 8:16,72.165,3.472,,,,
1732,5/30/22 8:21,72.165,3.472,,,,
1733,5/30/22 8:26,72.165,3.472,,,,
1734,5/30/22 8:31,72.165,3.472,,,,
1735,5/30/22 8:36,72.154,3.472,,,,
1736,5/30/22 8:41,72.165,3.472,,,,
1737,5/30/22 8:46,72.154,3.472,,,,
1738,5/30/22 8:51,72.154,3.472,,,,
1739,5/30/22 8:56,72.165,3.472,,,,
1740,5/30/22 9:01,72.165,3.472,,,,
1741,5/30/22 9:06,72.165,3.472,,,,
1742,5/30/22 9:11,72.176,3.472,,,,
1743,5/30/22 9:16,72.154,3.472,,,,
1744,5/30/22 9:21,72.165,3.472,,,,
1745,5/30/22 9:26,72.176,3.472,,,,
1746,5/30/22 9:31,72.154,3.472,,,,
1747,5/30/22 9:36,72.187,3.472,,,,
1748,5/30/22 9:41,72.165,3.472,,,,
1749,5/30/22 9:46,72.165,3.472,,,,
1750,5/30/22 9:51,72.176,3.472,,,,
1751,5/30/22 9:56,72.187,3.472,,,,
1752,5/30/22 10:01,72.176,3.472,,,,
1753,5/30/22 10:06,72.176,3.472,,,,
1754,5/30/22 10:11,72.176,3.472,,,,
1755,5/30/22 10:16,72.165,3.472,,,,
1756,5/30/22 10:21,72.176,3.472,,,,
1757,5/30/22 10:26,72.154,3.472,,,,
1758,5/30/22 10:31,72.187,3.472,,,,
1759,5/30/22 10:36,72.165,3.472,,,,
1760,5/30/22 10:41,72.187,3.472,,,,
1761,5/30/22 10:46,72.187,3.472,,,,
1762,5/30/22 10:51,72.176,3.472,,,,
1763,5/30/22 10:56,72.198,3.472,,,,
1764,5/30/22 11:01,72.198,3.472,,,,
1765,5/30/22 11:06,72.198,3.472,,,,
1766,5/30/22 11:11,72.176,3.472,,,,
1767,5/30/22 11:16,72.187,3.472,,,,
1768,5/30/22 11:21,72.187,3.472,,,,
1769,5/30/22 11:26,72.198,3.472,,,,
1770,5/30/22 11:31,72.198,3.472,,,,
1771,5/30/22 11:36,72.198,3.472,,,,
1772,5/30/22 11:41,72.198,3.472,,,,
1773,5/30/22 11:46,72.22,3.472,,,,
1774,5/30/22 11:51,72.209,3.472,,,,
1775,5/30/22 11:56,72.209,3.472,,,,
1776,5/30/22 12:01,72.22,3.472,,,,
1777,5/30/22 12:06,72.209,3.472,,,,
1778,5/30/22 12:11,72.209,3.472,,,,
1779,5/30/22 12:16,72.22,3.472,,,,
1780,5/30/22 12:21,72.209,3.472,,,,
1781,5/30/22 12:26,72.22,3.472,,,,
1782,5/30/22 12:31,72.231,3.472,,,,
1783,5/30/22 12:36,72.22,3.472,,,,
1784,5/30/22 12:41,72.242,3.472,,,,
1785,5/30/22 12:46,72.231,3.472,,,,
1786,5/30/22 12:51,72.209,3.472,,,,
1787,5/30/22 12:56,72.231,3.472,,,,
1788,5/30/22 13:01,72.22,3.472,,,,
1789,5/30/22 13:06,72.22,3.472,,,,
1790,5/30/22 13:11,72.231,3.472,,,,
1791,5/30/22 13:16,72.231,3.472,,,,
1792,5/30/22 13:21,72.231,3.472,,,,
1793,5/30/22 13:26,72.231,3.472,,,,
1794,5/30/22 13:31,72.231,3.472,,,,
1795,5/30/22 13:36,72.231,3.472,,,,
1796,5/30/22 13:41,72.231,3.472,,,,
1797,5/30/22 13:46,72.242,3.472,,,,
1798,5/30/22 13:51,72.242,3.472,,,,
1799,5/30/22 13:56,72.22,3.472,,,,
1800,5/30/22 14:01,72.242,3.472,,,,
1801,5/30/22 14:06,72.231,3.472,,,,
1802,5/30/22 14:11,72.231,3.472,,,,
1803,5/30/22 14:16,72.242,3.472,,,,
1804,5/30/22 14:21,72.231,3.472,,,,
1805,5/30/22 14:26,72.22,3.472,,,,
1806,5/30/22 14:31,72.231,3.472,,,,
1807,5/30/22 14:36,72.242,3.472,,,,
1808,5/30/22 14:41,72.242,3.472,,,,
1809,5/30/22 14:46,72.242,3.472,,,,
1810,5/30/22 14:51,72.253,3.472,,,,
1811,5/30/22 14:56,72.242,3.472,,,,
1812,5/30/22 15:01,72.253,3.472,,,,
1813,5/30/22 15:06,72.264,3.472,,,,
1814,5/30/22 15:11,72.264,3.472,,,,
1815,5/30/22 15:16,72.242,3.472,,,,
1816,5/30/22 15:21,72.264,3.472,,,,
1817,5/30/22 15:26,72.264,3.472,,,,
1818,5/30/22 15:31,72.264,3.472,,,,
1819,5/30/22 15:36,72.275,3.472,,,,
1820,5/30/22 15:41,72.286,3.472,,,,
1821,5/30/22 15:46,72.286,3.472,,,,
1822,5/30/22 15:51,72.297,3.472,,,,
1823,5/30/22 15:56,72.286,3.472,,,,
1824,5/30/22 16:01,72.286,3.472,,,,
1825,5/30/22 16:06,72.286,3.472,,,,
1826,5/30/22 16:11,72.297,3.472,,,,
1827,5/30/22 16:16,72.297,3.472,,,,
1828,5/30/22 16:21,72.297,3.472,,,,
1829,5/30/22 16:26,72.308,3.472,,,,
1830,5/30/22 16:31,72.308,3.472,,,,
1831,5/30/22 16:36,72.308,3.472,,,,
1832,5/30/22 16:41,72.319,3.472,,,,
1833,5/30/22 16:46,72.319,3.472,,,,
1834,5/30/22 16:51,72.319,3.472,,,,
1835,5/30/22 16:56,72.319,3.472,,,,
1836,5/30/22 17:01,72.319,3.472,,,,
1837,5/30/22 17:06,72.33,3.472,,,,
1838,5/30/22 17:11,72.319,3.472,,,,
1839,5/30/22 17:16,72.341,3.472,,,,
1840,5/30/22 17:21,72.341,3.472,,,,
1841,5/30/22 17:26,72.352,3.472,,,,
1842,5/30/22 17:31,72.363,3.472,,,,
1843,5/30/22 17:36,72.363,3.472,,,,
1844,5/30/22 17:41,72.374,3.472,,,,
1845,5/30/22 17:46,72.374,3.472,,,,
1846,5/30/22 17:51,72.363,3.472,,,,
1847,5/30/22 17:56,72.385,3.472,,,,
1848,5/30/22 18:01,72.407,3.472,,,,
1849,5/30/22 18:06,72.385,3.472,,,,
1850,5/30/22 18:11,72.385,3.472,,,,
1851,5/30/22 18:16,72.396,3.472,,,,
1852,5/30/22 18:21,72.396,3.472,,,,
1853,5/30/22 18:26,72.407,3.472,,,,
1854,5/30/22 18:31,72.407,3.472,,,,
1855,5/30/22 18:36,72.396,3.472,,,,
1856,5/30/22 18:41,72.407,3.472,,,,
1857,5/30/22 18:46,72.418,3.472,,,,
1858,5/30/22 18:51,72.44,3.472,,,,
1859,5/30/22 18:56,72.44,3.472,,,,
1860,5/30/22 19:01,72.462,3.472,,,,
1861,5/30/22 19:06,72.451,3.472,,,,
1862,5/30/22 19:11,72.44,3.472,,,,
1863,5/30/22 19:16,72.451,3.472,,,,
1864,5/30/22 19:21,72.462,3.472,,,,
1865,5/30/22 19:26,72.462,3.472,,,,
1866,5/30/22 19:31,72.462,3.472,,,,
1867,5/30/22 19:36,72.495,3.472,,,,
1868,5/30/22 19:41,72.484,3.472,,,,
1869,5/30/22 19:46,72.484,3.472,,,,
1870,5/30/22 19:51,72.505,3.472,,,,
1871,5/30/22 19:56,72.495,3.472,,,,
1872,5/30/22 20:01,72.505,3.472,,,,
1873,5/30/22 20:06,72.505,3.472,,,,
1874,5/30/22 20:11,72.527,3.472,,,,
1875,5/30/22 20:16,72.505,3.472,,,,
1876,5/30/22 20:21,72.527,3.472,,,,
1877,5/30/22 20:26,72.516,3.472,,,,
1878,5/30/22 20:31,72.527,3.472,,,,
1879,5/30/22 20:36,72.538,3.472,,,,
1880,5/30/22 20:41,72.538,3.472,,,,
1881,5/30/22 20:46,72.56,3.472,,,,
1882,5/30/22 20:51,72.56,3.472,,,,
1883,5/30/22 20:56,72.56,3.472,,,,
1884,5/30/22 21:01,72.571,3.472,,,,
1885,5/30/22 21:06,72.571,3.472,,,,
1886,5/30/22 21:11,72.582,3.472,,,,
1887,5/30/22 21:16,72.582,3.472,,,,
1888,5/30/22 21:21,72.582,3.472,,,,
1889,5/30/22 21:26,72.582,3.472,,,,
1890,5/30/22 21:31,72.582,3.472,,,,
1891,5/30/22 21:36,72.593,3.472,,,,
1892,5/30/22 21:41,72.582,3.472,,,,
1893,5/30/22 21:46,72.593,3.472,,,,
1894,5/30/22 21:51,72.593,3.472,,,,
1895,5/30/22 21:56,72.593,3.472,,,,
1896,5/30/22 22:01,72.604,3.472,,,,
1897,5/30/22 22:06,72.604,3.472,,,,
1898,5/30/22 22:11,72.604,3.472,,,,
1899,5/30/22 22:16,72.615,3.472,,,,
1900,5/30/22 22:21,72.604,3.472,,,,
1901,5/30/22 22:26,72.626,3.472,,,,
1902,5/30/22 22:31,72.626,3.472,,,,
1903,5/30/22 22:36,72.615,3.472,,,,
1904,5/30/22 22:41,72.626,3.472,,,,
1905,5/30/22 22:46,72.615,3.472,,,,
1906,5/30/22 22:51,72.626,3.472,,,,
1907,5/30/22 22:56,72.615,3.472,,,,
1908,5/30/22 23:01,72.626,3.472,,,,
1909,5/30/22 23:06,72.626,3.472,,,,
1910,5/30/22 23:11,72.637,3.472,,,,
1911,5/30/22 23:16,72.615,3.472,,,,
1912,5/30/22 23:21,72.615,3.472,,,,
1913,5/30/22 23:26,72.626,3.472,,,,
1914,5/30/22 23:31,72.626,3.472,,,,
1915,5/30/22 23:36,72.615,3.472,,,,
1916,5/30/22 23:41,72.626,3.472,,,,
1917,5/30/22 23:46,72.637,3.472,,,,
1918,5/30/22 23:51,72.626,3.472,,,,
1919,5/30/22 23:56,72.626,3.472,,,,
1920,5/31/22 0:01,72.626,3.472,,,,
1921,5/31/22 0:06,72.615,3.472,,,,
1922,5/31/22 0:11,72.626,3.472,,,,
1923,5/31/22 0:16,72.626,3.472,,,,
1924,5/31/22 0:21,72.637,3.472,,,,
1925,5/31/22 0:26,72.637,3.472,,,,
1926,5/31/22 0:31,72.637,3.472,,,,
1927,5/31/22 0:36,72.648,3.472,,,,
1928,5/31/22 0:41,72.637,3.472,,,,
1929,5/31/22 0:46,72.637,3.472,,,,
1930,5/31/22 0:51,72.648,3.472,,,,
1931,5/31/22 0:56,72.626,3.472,,,,
1932,5/31/22 1:01,72.648,3.472,,,,
1933,5/31/22 1:06,72.637,3.472,,,,
1934,5/31/22 1:11,72.626,3.472,,,,
1935,5/31/22 1:16,72.648,3.472,,,,
1936,5/31/22 1:21,72.648,3.472,,,,
1937,5/31/22 1:26,72.637,3.472,,,,
1938,5/31/22 1:31,72.637,3.472,,,,
1939,5/31/22 1:36,72.626,3.472,,,,
1940,5/31/22 1:41,72.626,3.472,,,,
1941,5/31/22 1:46,72.626,3.472,,,,
1942,5/31/22 1:51,72.615,3.472,,,,
1943,5/31/22 1:56,72.637,3.472,,,,
1944,5/31/22 2:01,72.637,3.472,,,,
1945,5/31/22 2:06,72.637,3.472,,,,
1946,5/31/22 2:11,72.637,3.472,,,,
1947,5/31/22 2:16,72.637,3.472,,,,
1948,5/31/22 2:21,72.637,3.472,,,,
1949,5/31/22 2:26,72.637,3.472,,,,
1950,5/31/22 2:31,72.626,3.472,,,,
1951,5/31/22 2:36,72.637,3.472,,,,
1952,5/31/22 2:41,72.637,3.472,,,,
1953,5/31/22 2:46,72.648,3.472,,,,
1954,5/31/22 2:51,72.648,3.472,,,,
1955,5/31/22 2:56,72.648,3.472,,,,
1956,5/31/22 3:01,72.637,3.472,,,,
1957,5/31/22 3:06,72.637,3.472,,,,
1958,5/31/22 3:11,72.648,3.472,,,,
1959,5/31/22 3:16,72.648,3.472,,,,
1960,5/31/22 3:21,72.659,3.472,,,,
1961,5/31/22 3:26,72.659,3.472,,,,
1962,5/31/22 3:31,72.659,3.472,,,,
1963,5/31/22 3:36,72.659,3.472,,,,
1964,5/31/22 3:41,72.67,3.472,,,,
1965,5/31/22 3:46,72.648,3.472,,,,
1966,5/31/22 3:51,72.659,3.472,,,,
1967,5/31/22 3:56,72.67,3.472,,,,
1968,5/31/22 4:01,72.681,3.472,,,,
1969,5/31/22 4:06,72.67,3.472,,,,
1970,5/31/22 4:11,72.67,3.472,,,,
1971,5/31/22 4:16,72.67,3.472,,,,
1972,5/31/22 4:21,72.67,3.472,,,,
1973,5/31/22 4:26,72.67,3.472,,,,
1974,5/31/22 4:31,72.67,3.472,,,,
1975,5/31/22 4:36,72.67,3.472,,,,
1976,5/31/22 4:41,72.681,3.472,,,,
1977,5/31/22 4:46,72.67,3.472,,,,
1978,5/31/22 4:51,72.681,3.472,,,,
1979,5/31/22 4:56,72.681,3.472,,,,
1980,5/31/22 5:01,72.681,3.472,,,,
1981,5/31/22 5:06,72.681,3.472,,,,
1982,5/31/22 5:11,72.67,3.472,,,,
1983,5/31/22 5:16,72.681,3.472,,,,
1984,5/31/22 5:21,72.692,3.472,,,,
1985,5/31/22 5:26,72.681,3.472,,,,
1986,5/31/22 5:31,72.692,3.472,,,,
1987,5/31/22 5:36,72.67,3.472,,,,
1988,5/31/22 5:41,72.692,3.472,,,,
1989,5/31/22 5:46,72.692,3.472,,,,
1990,5/31/22 5:51,72.703,3.472,,,,
1991,5/31/22 5:56,72.703,3.472,,,,
1992,5/31/22 6:01,72.692,3.472,,,,
1993,5/31/22 6:06,72.692,3.472,,,,
1994,5/31/22 6:11,72.692,3.472,,,,
1995,5/31/22 6:16,72.703,3.472,,,,
1996,5/31/22 6:21,72.703,3.472,,,,
1997,5/31/22 6:26,72.703,3.472,,,,
1998,5/31/22 6:31,72.681,3.472,,,,
1999,5/31/22 6:36,72.692,3.472,,,,
2000,5/31/22 6:41,72.692,3.472,,,,
2001,5/31/22 6:46,72.714,3.472,,,,
2002,5/31/22 6:51,72.703,3.472,,,,
2003,5/31/22 6:56,72.692,3.472,,,,
2004,5/31/22 7:01,72.703,3.472,,,,
2005,5/31/22 7:06,72.703,3.472,,,,
2006,5/31/22 7:11,72.703,3.472,,,,
2007,5/31/22 7:16,72.703,3.472,,,,
2008,5/31/22 7:21,72.703,3.472,,,,
2009,5/31/22 7:26,72.703,3.472,,,,
2010,5/31/22 7:31,72.692,3.472,,,,
2011,5/31/22 7:36,72.703,3.472,,,,
2012,5/31/22 7:41,72.714,3.472,,,,
2013,5/31/22 7:46,72.714,3.472,,,,
2014,5/31/22 7:51,72.703,3.472,,,,
2015,5/31/22 7:56,72.714,3.472,,,,
2016,5/31/22 8:01,72.714,3.472,,,,
2017,5/31/22 8:06,72.714,3.472,,,,
2018,5/31/22 8:11,72.148,3.578,,,,
2019,5/31/22 8:14,,,,Logged,,
2020,5/31/22 8:14,,,Logged,,,
2021,5/31/22 8:15,,,,Logged,,
2022,5/31/22 8:15,,,,,Logged,Logged