Plot Title: 10778334,,,,
ID,datetime,low_range_uScm,full_range_uScm,temp_C
1,5/13/21 14:20,9.1,9.5,6.79
2,5/13/21 14:30,8.8,9.5,6.28
3,5/13/21 14:40,8.6,9.5,5.86
4,5/13/21 14:50,8.5,9.1,5.58
5,5/13/21 15:00,8.4,9.1,5.33
6,5/13/21 15:10,8.5,9.1,5.17
7,5/13/21 15:20,8.4,9.1,5.05
8,5/13/21 15:30,8.4,9.5,4.96
9,5/13/21 15:40,8.4,9.5,4.92
10,5/13/21 15:50,8.4,9.1,4.88
11,5/13/21 16:00,8.3,9.5,4.84
12,5/13/21 16:10,8.3,9.5,4.81
13,5/13/21 16:20,8.2,9.1,4.73
14,5/13/21 16:30,8.1,9.1,4.65
15,5/13/21 16:40,8.1,9.1,4.55
16,5/13/21 16:50,7.9,9.1,4.48
17,5/13/21 17:00,7.8,9.1,4.42
18,5/13/21 17:10,7.8,9.1,4.35
19,5/13/21 17:20,7.8,9.1,4.3
20,5/13/21 17:30,7.7,9.1,4.28
21,5/13/21 17:40,7.7,9.1,4.26
22,5/13/21 17:50,7.6,9.1,4.25
23,5/13/21 18:00,7.6,9.1,4.28
24,5/13/21 18:10,7.7,9.1,4.29
25,5/13/21 18:20,7.6,9.1,4.31
26,5/13/21 18:30,7.7,9.1,4.35
27,5/13/21 18:40,7.7,9.1,4.39
28,5/13/21 18:50,7.8,9.1,4.42
29,5/13/21 19:00,7.8,9.1,4.44
30,5/13/21 19:10,7.8,9.1,4.47
31,5/13/21 19:20,7.8,9.1,4.5
32,5/13/21 19:30,7.8,9.1,4.53
33,5/13/21 19:40,7.8,9.1,4.56
34,5/13/21 19:50,7.8,9.1,4.6
35,5/13/21 20:00,7.8,9.1,4.65
36,5/13/21 20:10,7.8,9.1,4.69
37,5/13/21 20:20,7.8,9.1,4.73
38,5/13/21 20:30,7.8,9.1,4.77
39,5/13/21 20:40,7.8,9.1,4.82
40,5/13/21 20:50,7.8,9.1,4.87
41,5/13/21 21:00,7.8,9.1,4.91
42,5/13/21 21:10,7.8,9.1,4.96
43,5/13/21 21:20,7.8,9.1,5
44,5/13/21 21:30,7.8,9.1,5.06
45,5/13/21 21:40,7.8,9.1,5.1
46,5/13/21 21:50,7.8,9.1,5.15
47,5/13/21 22:00,7.8,9.1,5.21
48,5/13/21 22:10,7.8,9.1,5.26
49,5/13/21 22:20,7.8,9.1,5.3
50,5/13/21 22:30,7.8,9.1,5.33
51,5/13/21 22:40,7.8,9.1,5.37
52,5/13/21 22:50,7.8,9.1,5.42
53,5/13/21 23:00,7.8,9.1,5.46
54,5/13/21 23:10,7.8,9.1,5.5
55,5/13/21 23:20,7.8,9.1,5.53
56,5/13/21 23:30,7.8,9.1,5.55
57,5/13/21 23:40,7.8,9.1,5.59
58,5/13/21 23:50,7.8,9.1,5.63
59,5/14/21 0:00,7.8,9.1,5.64
60,5/14/21 0:10,7.9,9.1,5.68
61,5/14/21 0:20,7.8,9.1,5.71
62,5/14/21 0:30,7.8,9.1,5.72
63,5/14/21 0:40,7.9,9.1,5.75
64,5/14/21 0:50,7.8,9.1,5.79
65,5/14/21 1:00,7.9,9.1,5.8
66,5/14/21 1:10,7.9,9.1,5.82
67,5/14/21 1:20,7.9,9.1,5.84
68,5/14/21 1:30,7.9,9.1,5.84
69,5/14/21 1:40,8,9.1,5.86
70,5/14/21 1:50,7.9,9.1,5.88
71,5/14/21 2:00,7.9,9.5,5.89
72,5/14/21 2:10,8,9.1,5.9
73,5/14/21 2:20,7.9,9.1,5.92
74,5/14/21 2:30,7.9,9.1,5.9
75,5/14/21 2:40,8,9.5,5.92
76,5/14/21 2:50,8,9.1,5.94
77,5/14/21 3:00,8,9.1,5.95
78,5/14/21 3:10,8,9.1,5.95
79,5/14/21 3:20,8,9.1,5.97
80,5/14/21 3:30,8,9.1,5.98
81,5/14/21 3:40,8,9.1,5.99
82,5/14/21 3:50,8,9.1,5.99
83,5/14/21 4:00,8,9.1,6.01
84,5/14/21 4:10,8,9.1,5.99
85,5/14/21 4:20,8,9.1,6.01
86,5/14/21 4:30,8,9.1,6.01
87,5/14/21 4:40,8,9.5,6.01
88,5/14/21 4:50,8,9.1,5.99
89,5/14/21 5:00,8,9.1,5.98
90,5/14/21 5:10,8,9.1,5.98
91,5/14/21 5:20,8,9.1,5.97
92,5/14/21 5:30,8,9.1,5.95
93,5/14/21 5:40,8,9.1,5.95
94,5/14/21 5:50,8,9.1,5.95
95,5/14/21 6:00,8,9.1,5.94
96,5/14/21 6:10,8,9.1,5.94
97,5/14/21 6:20,8,9.1,5.93
98,5/14/21 6:30,8,9.1,5.92
99,5/14/21 6:40,8,9.1,5.9
100,5/14/21 6:50,8,9.1,5.9
101,5/14/21 7:00,8,9.1,5.89
102,5/14/21 7:10,8,9.1,5.88
103,5/14/21 7:20,8,9.5,5.88
104,5/14/21 7:30,8,9.1,5.88
105,5/14/21 7:40,8,9.1,5.86
106,5/14/21 7:50,8,9.1,5.88
107,5/14/21 8:00,8,9.1,5.88
108,5/14/21 8:10,8,9.1,5.89
109,5/14/21 8:20,8,9.1,5.88
110,5/14/21 8:30,8,9.1,5.88
111,5/14/21 8:40,8,9.1,5.88
112,5/14/21 8:50,8,9.1,5.88
113,5/14/21 9:00,8,9.1,5.89
114,5/14/21 9:10,8,9.1,5.89
115,5/14/21 9:20,8,9.1,5.9
116,5/14/21 9:30,8,9.1,5.9
117,5/14/21 9:40,8,9.1,5.93
118,5/14/21 9:50,8,9.1,5.93
119,5/14/21 10:00,8.1,9.1,5.94
120,5/14/21 10:10,8,9.1,5.97
121,5/14/21 10:20,8,9.1,5.98
122,5/14/21 10:30,8.1,9.1,6.02
123,5/14/21 10:40,8.1,9.1,6.01
124,5/14/21 10:50,8.1,9.1,6.06
125,5/14/21 11:00,8,9.5,6.1
126,5/14/21 11:10,8.1,9.1,6.12
127,5/14/21 11:20,8.1,9.1,6.13
128,5/14/21 11:30,8.1,9.1,6.16
129,5/14/21 11:40,8.1,9.1,6.2
130,5/14/21 11:50,8.1,9.1,6.22
131,5/14/21 12:00,8.1,9.1,6.24
132,5/14/21 12:10,8.1,9.1,6.26
133,5/14/21 12:20,8.1,9.1,6.28
134,5/14/21 12:30,8.1,9.1,6.32
135,5/14/21 12:40,8.2,9.1,6.34
136,5/14/21 12:50,8.2,9.1,6.44
137,5/14/21 13:00,8.3,9.1,6.64
138,5/14/21 13:10,8.3,9.1,6.78
139,5/14/21 13:20,8.2,9.1,6.9
140,5/14/21 13:30,8.1,9.1,6.57
141,5/14/21 13:40,7.9,9.1,5.84
142,5/14/21 13:50,7.6,9.1,4.87
143,5/14/21 14:00,7.4,9.2,4.02
144,5/14/21 14:10,7.3,9.2,3.61
145,5/14/21 14:20,7.3,9.2,3.42
146,5/14/21 14:30,7.3,9.2,3.32
147,5/14/21 14:40,7.2,9.2,3.3
148,5/14/21 14:50,7.2,9.2,3.33
149,5/14/21 15:00,7.2,9.2,3.39
150,5/14/21 15:10,7.2,8.8,3.45
151,5/14/21 15:20,7.2,9.2,3.53
152,5/14/21 15:30,7.2,8.8,3.62
153,5/14/21 15:40,7.2,8.8,3.67
154,5/14/21 15:50,7.2,8.8,3.66
155,5/14/21 16:00,7.2,9.2,3.54
156,5/14/21 16:10,7.2,9.2,3.4
157,5/14/21 16:20,7.2,9.2,3.3
158,5/14/21 16:30,7.2,8.8,3.24
159,5/14/21 16:40,7.3,9.2,3.24
160,5/14/21 16:50,7.3,9.2,3.24
161,5/14/21 17:00,7.2,9.2,3.3
162,5/14/21 17:10,7.3,8.8,3.32
163,5/14/21 17:20,7.2,8.4,3.36
164,5/14/21 17:30,7.1,9.2,3.37
165,5/14/21 17:40,7.2,8.8,3.41
166,5/14/21 17:50,7.1,9.2,3.45
167,5/14/21 18:00,7.1,8.8,3.5
168,5/14/21 18:10,7.1,9.2,3.54
169,5/14/21 18:20,7.1,9.2,3.61
170,5/14/21 18:30,7.1,9.2,3.7
171,5/14/21 18:40,7.1,8.8,3.77
172,5/14/21 18:50,7.1,9.2,3.85
173,5/14/21 19:00,7.2,8.8,3.95
174,5/14/21 19:10,7.1,9.2,4.06
175,5/14/21 19:20,7.2,9.2,4.15
176,5/14/21 19:30,7.2,8.8,4.25
177,5/14/21 19:40,7.2,9.1,4.34
178,5/14/21 19:50,7.3,9.1,4.44
179,5/14/21 20:00,7.3,9.1,4.53
180,5/14/21 20:10,7.3,9.1,4.62
181,5/14/21 20:20,7.3,9.1,4.74
182,5/14/21 20:30,7.3,9.1,4.82
183,5/14/21 20:40,7.3,8.8,4.88
184,5/14/21 20:50,7.3,9.1,4.96
185,5/14/21 21:00,7.3,9.1,5.01
186,5/14/21 21:10,7.3,8.4,5.08
187,5/14/21 21:20,7.4,9.1,5.11
188,5/14/21 21:30,7.3,8.4,5.15
189,5/14/21 21:40,7.4,9.1,5.19
190,5/14/21 21:50,7.3,9.1,5.24
191,5/14/21 22:00,7.4,9.1,5.28
192,5/14/21 22:10,7.4,9.1,5.33
193,5/14/21 22:20,7.5,9.1,5.39
194,5/14/21 22:30,7.5,9.1,5.42
195,5/14/21 22:40,7.5,9.1,5.45
196,5/14/21 22:50,7.5,9.1,5.49
197,5/14/21 23:00,7.5,9.1,5.54
198,5/14/21 23:10,7.5,9.1,5.57
199,5/14/21 23:20,7.5,9.1,5.61
200,5/14/21 23:30,7.6,9.1,5.64
201,5/14/21 23:40,7.5,9.1,5.7
202,5/14/21 23:50,7.6,9.1,5.71
203,5/15/21 0:00,7.5,9.1,5.76
204,5/15/21 0:10,7.6,9.1,5.79
205,5/15/21 0:20,7.6,9.1,5.8
206,5/15/21 0:30,7.6,9.1,5.84
207,5/15/21 0:40,7.7,9.1,5.86
208,5/15/21 0:50,7.8,9.1,5.89
209,5/15/21 1:00,7.7,9.1,5.92
210,5/15/21 1:10,7.8,9.1,5.93
211,5/15/21 1:20,7.7,9.1,5.95
212,5/15/21 1:30,7.8,9.1,5.97
213,5/15/21 1:40,7.8,9.1,5.99
214,5/15/21 1:50,7.8,9.1,6.01
215,5/15/21 2:00,7.8,9.1,6.02
216,5/15/21 2:10,7.8,9.1,6.02
217,5/15/21 2:20,7.8,9.1,6.02
218,5/15/21 2:30,7.8,9.1,6.03
219,5/15/21 2:40,7.8,9.1,6.03
220,5/15/21 2:50,7.8,9.1,6.06
221,5/15/21 3:00,7.8,9.1,6.06
222,5/15/21 3:10,7.8,9.1,6.06
223,5/15/21 3:20,7.8,9.1,6.07
224,5/15/21 3:30,7.9,9.1,6.1
225,5/15/21 3:40,7.8,9.1,6.08
226,5/15/21 3:50,7.9,9.1,6.1
227,5/15/21 4:00,7.8,9.1,6.1
228,5/15/21 4:10,7.9,9.5,6.1
229,5/15/21 4:20,7.9,9.1,6.1
230,5/15/21 4:30,7.8,9.1,6.1
231,5/15/21 4:40,7.8,9.1,6.1
232,5/15/21 4:50,7.9,9.1,6.08
233,5/15/21 5:00,7.9,9.1,6.1
234,5/15/21 5:10,7.9,9.1,6.08
235,5/15/21 5:20,7.9,9.1,6.1
236,5/15/21 5:30,7.8,9.1,6.08
237,5/15/21 5:40,7.9,9.1,6.08
238,5/15/21 5:50,7.9,9.1,6.07
239,5/15/21 6:00,7.9,9.1,6.07
240,5/15/21 6:10,7.9,9.1,6.07
241,5/15/21 6:20,7.9,9.1,6.07
242,5/15/21 6:30,7.9,9.1,6.06
243,5/15/21 6:40,8,9.1,6.04
244,5/15/21 6:50,7.9,9.1,6.04
245,5/15/21 7:00,8,9.1,6.06
246,5/15/21 7:10,8,9.1,6.04
247,5/15/21 7:20,8,9.1,6.03
248,5/15/21 7:30,8,9.1,6.04
249,5/15/21 7:40,8,9.1,6.06
250,5/15/21 7:50,7.9,9.1,6.06
251,5/15/21 8:00,8,9.1,6.04
252,5/15/21 8:10,7.9,9.1,6.06
253,5/15/21 8:20,8,9.1,6.06
254,5/15/21 8:30,8,9.1,6.06
255,5/15/21 8:40,8,9.1,6.07
256,5/15/21 8:50,8,9.1,6.08
257,5/15/21 9:00,8,9.1,6.07
258,5/15/21 9:10,8,9.1,6.1
259,5/15/21 9:20,8,9.1,6.11
260,5/15/21 9:30,8,9.1,6.11
261,5/15/21 9:40,8,9.1,6.12
262,5/15/21 9:50,8,9.1,6.13
263,5/15/21 10:00,8,9.1,6.16
264,5/15/21 10:10,8,9.1,6.19
265,5/15/21 10:20,8,9.1,6.21
266,5/15/21 10:30,8,9.1,6.24
267,5/15/21 10:40,8,9.1,6.22
268,5/15/21 10:50,8,9.1,6.24
269,5/15/21 11:00,8,9.1,6.24
270,5/15/21 11:10,8,9.1,6.29
271,5/15/21 11:20,8,9.1,6.35
272,5/15/21 11:30,8,9.1,6.38
273,5/15/21 11:40,8.1,9.1,6.41
274,5/15/21 11:50,8,9.1,6.47
275,5/15/21 12:00,8.1,9.1,6.5
276,5/15/21 12:10,8.1,9.1,6.53
277,5/15/21 12:20,8.1,9.1,6.68
278,5/15/21 12:30,8.3,9.5,7.01
279,5/15/21 12:40,8.2,9.1,7.17
280,5/15/21 12:50,8.2,9.1,6.97
281,5/15/21 13:00,7.9,9.1,6.46
282,5/15/21 13:10,7.8,9.1,5.81
283,5/15/21 13:20,7.5,9.1,5.1
284,5/15/21 13:30,7.4,9.1,4.61
285,5/15/21 13:40,7.3,9.1,4.35
286,5/15/21 13:50,7.3,9.2,3.99
287,5/15/21 14:00,7.1,9.2,3.59
288,5/15/21 14:10,7.1,9.2,2.91
289,5/15/21 14:20,7.1,9.2,2.5
290,5/15/21 14:30,7.1,9.2,2.38
291,5/15/21 14:40,7.1,9.2,2.3
292,5/15/21 14:50,7.2,8.4,2.25
293,5/15/21 15:00,7.3,8.8,2.21
294,5/15/21 15:10,7.3,9.2,2.19
295,5/15/21 15:20,7.3,9.2,2.2
296,5/15/21 15:30,7.3,9.2,2.21
297,5/15/21 15:40,7.3,9.2,2.26
298,5/15/21 15:50,7.3,8.4,2.3
299,5/15/21 16:00,7.4,9.2,2.35
300,5/15/21 16:10,7.5,9.2,2.43
301,5/15/21 16:20,7.6,9.2,2.5
302,5/15/21 16:30,7.6,9.2,2.61
303,5/15/21 16:40,7.6,9.2,2.7
304,5/15/21 16:50,7.6,9.2,2.78
305,5/15/21 17:00,7.6,9.2,2.84
306,5/15/21 17:10,7.6,9.2,2.95
307,5/15/21 17:20,7.7,9.2,3.02
308,5/15/21 17:30,7.6,9.2,3.13
309,5/15/21 17:40,7.7,9.2,3.22
310,5/15/21 17:50,7.8,9.2,3.33
311,5/15/21 18:00,7.9,9.2,3.46
312,5/15/21 18:10,7.9,9.2,3.54
313,5/15/21 18:20,7.9,9.2,3.64
314,5/15/21 18:30,7.9,9.2,3.76
315,5/15/21 18:40,7.9,9.2,3.88
316,5/15/21 18:50,7.9,9.2,3.97
317,5/15/21 19:00,7.9,9.2,4.07
318,5/15/21 19:10,7.9,9.2,4.17
319,5/15/21 19:20,7.9,9.1,4.28
320,5/15/21 19:30,8,9.1,4.37
321,5/15/21 19:40,7.9,9.1,4.46
322,5/15/21 19:50,7.9,9.1,4.56
323,5/15/21 20:00,8,9.1,4.64
324,5/15/21 20:10,8,9.1,4.73
325,5/15/21 20:20,8.1,9.1,4.83
326,5/15/21 20:30,8.1,9.1,4.91
327,5/15/21 20:40,8,9.1,4.97
328,5/15/21 20:50,8,9.1,5.06
329,5/15/21 21:00,8,9.1,5.15
330,5/15/21 21:10,8.1,9.1,5.22
331,5/15/21 21:20,8.1,9.1,5.28
332,5/15/21 21:30,8.1,9.1,5.36
333,5/15/21 21:40,8.2,9.1,5.41
334,5/15/21 21:50,8.2,9.1,5.49
335,5/15/21 22:00,8.1,9.1,5.53
336,5/15/21 22:10,8.2,9.1,5.58
337,5/15/21 22:20,8.2,9.1,5.62
338,5/15/21 22:30,8.2,9.1,5.66
339,5/15/21 22:40,8.3,9.5,5.7
340,5/15/21 22:50,8.3,9.1,5.71
341,5/15/21 23:00,8.2,9.1,5.76
342,5/15/21 23:10,8.3,9.1,5.81
343,5/15/21 23:20,8.3,9.1,5.85
344,5/15/21 23:30,8.3,9.5,5.88
345,5/15/21 23:40,8.3,9.1,5.9
346,5/15/21 23:50,8.3,9.1,5.93
347,5/16/21 0:00,8.4,9.1,5.94
348,5/16/21 0:10,8.3,9.5,5.97
349,5/16/21 0:20,8.4,9.1,5.98
350,5/16/21 0:30,8.4,9.1,5.99
351,5/16/21 0:40,8.4,9.1,6.01
352,5/16/21 0:50,8.4,9.5,6.02
353,5/16/21 1:00,8.4,9.1,6.04
354,5/16/21 1:10,8.4,9.1,6.06
355,5/16/21 1:20,8.4,9.1,6.06
356,5/16/21 1:30,8.4,9.1,6.07
357,5/16/21 1:40,8.4,9.1,6.07
358,5/16/21 1:50,8.5,9.5,6.08
359,5/16/21 2:00,8.4,9.5,6.07
360,5/16/21 2:10,8.4,9.1,6.07
361,5/16/21 2:20,8.4,9.1,6.07
362,5/16/21 2:30,8.5,9.1,6.1
363,5/16/21 2:40,8.5,9.1,6.1
364,5/16/21 2:50,8.4,9.1,6.1
365,5/16/21 3:00,8.4,9.1,6.1
366,5/16/21 3:10,8.5,9.1,6.1
367,5/16/21 3:20,8.4,9.1,6.1
368,5/16/21 3:30,8.5,9.5,6.11
369,5/16/21 3:40,8.4,9.1,6.11
370,5/16/21 3:50,8.5,9.1,6.12
371,5/16/21 4:00,8.4,9.5,6.12
372,5/16/21 4:10,8.4,9.5,6.13
373,5/16/21 4:20,8.5,9.1,6.13
374,5/16/21 4:30,8.5,9.5,6.11
375,5/16/21 4:40,8.5,9.5,6.11
376,5/16/21 4:50,8.5,9.1,6.12
377,5/16/21 5:00,8.5,9.5,6.11
378,5/16/21 5:10,8.4,9.1,6.11
379,5/16/21 5:20,8.5,9.1,6.11
380,5/16/21 5:30,8.5,9.1,6.1
381,5/16/21 5:40,8.4,9.5,6.1
382,5/16/21 5:50,8.5,9.1,6.1
383,5/16/21 6:00,8.4,9.1,6.1
384,5/16/21 6:10,8.5,9.5,6.11
385,5/16/21 6:20,8.5,9.5,6.1
386,5/16/21 6:30,8.4,9.1,6.08
387,5/16/21 6:40,8.4,9.1,6.08
388,5/16/21 6:50,8.5,9.1,6.1
389,5/16/21 7:00,8.5,9.5,6.1
390,5/16/21 7:10,8.4,9.5,6.1
391,5/16/21 7:20,8.5,9.1,6.08
392,5/16/21 7:30,8.5,9.1,6.08
393,5/16/21 7:40,8.4,9.5,6.1
394,5/16/21 7:50,8.4,9.1,6.08
395,5/16/21 8:00,8.5,9.1,6.07
396,5/16/21 8:10,8.4,9.5,6.1
397,5/16/21 8:20,8.5,9.5,6.1
398,5/16/21 8:30,8.5,9.1,6.1
399,5/16/21 8:40,8.5,9.5,6.1
400,5/16/21 8:50,8.4,9.1,6.1
401,5/16/21 9:00,8.4,9.5,6.11
402,5/16/21 9:10,8.5,9.1,6.12
403,5/16/21 9:20,8.5,9.1,6.13
404,5/16/21 9:30,8.5,9.5,6.15
405,5/16/21 9:40,8.5,9.1,6.15
406,5/16/21 9:50,8.5,9.1,6.12
407,5/16/21 10:00,8.4,9.5,6.15
408,5/16/21 10:10,8.5,9.5,6.16
409,5/16/21 10:20,8.5,9.1,6.21
410,5/16/21 10:30,8.5,9.5,6.24
411,5/16/21 10:40,8.5,9.1,6.28
412,5/16/21 10:50,8.5,9.5,6.32
413,5/16/21 11:00,8.5,9.1,6.33
414,5/16/21 11:10,8.5,9.5,6.38
415,5/16/21 11:20,8.5,9.5,6.42
416,5/16/21 11:30,8.5,9.1,6.44
417,5/16/21 11:40,8.5,9.1,6.48
418,5/16/21 11:50,8.5,9.1,6.55
419,5/16/21 12:00,8.5,9.1,6.68
420,5/16/21 12:10,8.6,9.1,6.88
421,5/16/21 12:20,8.7,9.5,7.09
422,5/16/21 12:30,8.7,9.5,7.15
423,5/16/21 12:40,8.5,9.1,7.15
424,5/16/21 12:50,8.5,9.5,7
425,5/16/21 13:00,8.4,9.1,6.82
426,5/16/21 13:10,8.3,9.1,6.59
427,5/16/21 13:20,8.1,9.1,6.33
428,5/16/21 13:30,8.1,9.1,6.07
429,5/16/21 13:40,8,9.1,5.77
430,5/16/21 13:50,8,9.1,5.49
431,5/16/21 14:00,7.9,9.1,5.21
432,5/16/21 14:10,7.8,9.1,4.92
433,5/16/21 14:20,7.7,9.5,4.68
434,5/16/21 14:30,7.7,9.1,4.41
435,5/16/21 14:40,7.6,9.2,4.12
436,5/16/21 14:50,7.6,9.2,3.91
437,5/16/21 15:00,7.5,9.2,3.8
438,5/16/21 15:10,7.5,9.2,3.79
439,5/16/21 15:20,7.6,9.2,3.82
440,5/16/21 15:30,7.8,9.2,3.89
441,5/16/21 15:40,7.9,9.2,3.95
442,5/16/21 15:50,7.9,9.2,4.04
443,5/16/21 16:00,8,9.2,4.12
444,5/16/21 16:10,8,9.2,4.16
445,5/16/21 16:20,8,9.1,4.2
446,5/16/21 16:30,7.9,9.1,4.22
447,5/16/21 16:40,7.9,9.1,4.29
448,5/16/21 16:50,8,9.1,4.34
449,5/16/21 17:00,8,9.1,4.42
450,5/16/21 17:10,7.9,9.1,4.5
451,5/16/21 17:20,8.1,9.1,4.59
452,5/16/21 17:30,8.1,9.1,4.66
453,5/16/21 17:40,8.1,9.1,4.73
454,5/16/21 17:50,8.1,9.1,4.82
455,5/16/21 18:00,8.1,9.1,4.9
456,5/16/21 18:10,8.1,9.1,4.97
457,5/16/21 18:20,8.1,9.1,5.04
458,5/16/21 18:30,8,9.1,5.11
459,5/16/21 18:40,8.1,9.1,5.19
460,5/16/21 18:50,8,9.1,5.22
461,5/16/21 19:00,8,9.1,5.14
462,5/16/21 19:10,7.8,9.1,4.66
463,5/16/21 19:20,7.3,9.2,3.46
464,5/16/21 19:30,7.2,9.2,2.69
465,5/16/21 19:40,7.5,9.2,2.55
466,5/16/21 19:50,7.8,9.2,2.6
467,5/16/21 20:00,8.1,9.2,2.74
468,5/16/21 20:10,8,9.2,2.91
469,5/16/21 20:20,7.9,9.2,3.08
470,5/16/21 20:30,8,9.5,3.23
471,5/16/21 20:40,8,9.2,3.4
472,5/16/21 20:50,8,9.2,3.54
473,5/16/21 21:00,7.8,9.2,3.7
474,5/16/21 21:10,7.8,9.2,3.82
475,5/16/21 21:20,7.8,9.2,3.97
476,5/16/21 21:30,7.8,9.2,4.11
477,5/16/21 21:40,7.7,9.1,4.24
478,5/16/21 21:50,7.8,9.1,4.35
479,5/16/21 22:00,7.7,9.1,4.47
480,5/16/21 22:10,7.7,9.1,4.56
481,5/16/21 22:20,7.8,9.1,4.68
482,5/16/21 22:30,7.7,9.1,4.78
483,5/16/21 22:40,7.7,9.1,4.87
484,5/16/21 22:50,7.8,9.1,4.96
485,5/16/21 23:00,7.8,9.1,5.05
486,5/16/21 23:10,7.7,9.1,5.13
487,5/16/21 23:20,7.8,9.1,5.19
488,5/16/21 23:30,7.7,9.1,5.26
489,5/16/21 23:40,7.8,9.1,5.35
490,5/16/21 23:50,7.7,9.1,5.4
491,5/17/21 0:00,7.8,9.1,5.45
492,5/17/21 0:10,7.8,9.1,5.5
493,5/17/21 0:20,7.8,9.1,5.55
494,5/17/21 0:30,7.8,9.1,5.61
495,5/17/21 0:40,7.8,9.1,5.64
496,5/17/21 0:50,7.8,9.1,5.68
497,5/17/21 1:00,7.8,9.1,5.7
498,5/17/21 1:10,7.8,9.1,5.73
499,5/17/21 1:20,7.8,9.1,5.79
500,5/17/21 1:30,7.8,9.1,5.8
501,5/17/21 1:40,7.8,9.1,5.84
502,5/17/21 1:50,7.8,9.1,5.88
503,5/17/21 2:00,7.8,9.1,5.89
504,5/17/21 2:10,7.8,9.1,5.9
505,5/17/21 2:20,7.8,9.1,5.93
506,5/17/21 2:30,7.8,9.1,5.94
507,5/17/21 2:40,7.8,9.1,5.97
508,5/17/21 2:50,7.8,9.1,5.99
509,5/17/21 3:00,7.8,9.1,6.01
510,5/17/21 3:10,7.8,9.1,6.02
511,5/17/21 3:20,7.8,9.1,6.01
512,5/17/21 3:30,7.8,9.1,6.03
513,5/17/21 3:40,7.8,9.1,6.04
514,5/17/21 3:50,7.8,9.1,6.06
515,5/17/21 4:00,7.8,9.1,6.07
516,5/17/21 4:10,7.8,9.1,6.07
517,5/17/21 4:20,7.8,9.1,6.08
518,5/17/21 4:30,7.8,9.1,6.08
519,5/17/21 4:40,7.8,9.1,6.11
520,5/17/21 4:50,7.9,9.1,6.11
521,5/17/21 5:00,7.8,9.1,6.13
522,5/17/21 5:10,7.8,9.1,6.12
523,5/17/21 5:20,7.8,9.1,6.11
524,5/17/21 5:30,7.8,9.1,6.13
525,5/17/21 5:40,7.8,9.1,6.13
526,5/17/21 5:50,7.8,9.1,6.16
527,5/17/21 6:00,7.8,9.1,6.15
528,5/17/21 6:10,7.8,9.1,6.15
529,5/17/21 6:20,7.8,9.1,6.15
530,5/17/21 6:30,7.8,9.1,6.15
531,5/17/21 6:40,7.8,9.1,6.15
532,5/17/21 6:50,7.8,9.1,6.13
533,5/17/21 7:00,7.8,9.1,6.15
534,5/17/21 7:10,7.8,9.1,6.13
535,5/17/21 7:20,7.8,9.1,6.15
536,5/17/21 7:30,7.8,9.1,6.15
537,5/17/21 7:40,7.8,9.1,6.15
538,5/17/21 7:50,7.8,9.1,6.13
539,5/17/21 8:00,7.8,9.1,6.15
540,5/17/21 8:10,7.8,9.1,6.15
541,5/17/21 8:20,7.8,9.1,6.13
542,5/17/21 8:30,7.8,9.1,6.12
543,5/17/21 8:40,7.8,9.1,6.13
544,5/17/21 8:50,7.8,9.1,6.15
545,5/17/21 9:00,7.8,9.1,6.15
546,5/17/21 9:10,7.8,9.1,6.15
547,5/17/21 9:20,7.8,9.1,6.16
548,5/17/21 9:30,7.8,9.1,6.17
549,5/17/21 9:40,7.8,9.1,6.16
550,5/17/21 9:50,7.8,9.1,6.2
551,5/17/21 10:00,7.8,9.1,6.21
552,5/17/21 10:10,7.8,9.1,6.21
553,5/17/21 10:20,7.8,9.1,6.21
554,5/17/21 10:30,7.8,9.1,6.2
555,5/17/21 10:40,7.8,9.1,6.22
556,5/17/21 10:50,7.8,9.1,6.24
557,5/17/21 11:00,7.8,9.1,6.26
558,5/17/21 11:10,7.8,9.1,6.28
559,5/17/21 11:20,7.8,9.1,6.32
560,5/17/21 11:30,7.8,9.1,6.33
561,5/17/21 11:40,7.8,9.1,6.35
562,5/17/21 11:50,7.8,9.1,6.37
563,5/17/21 12:00,7.8,9.1,6.39
564,5/17/21 12:10,7.8,9.1,6.42
565,5/17/21 12:20,7.8,9.1,6.47
566,5/17/21 12:30,7.9,9.1,6.51
567,5/17/21 12:40,7.8,9.1,6.53
568,5/17/21 12:50,7.8,9.1,6.56
569,5/17/21 13:00,7.9,9.1,6.6
570,5/17/21 13:10,7.9,9.1,6.64
571,5/17/21 13:20,7.9,9.1,6.75
572,5/17/21 13:30,8,9.1,7.02
573,5/17/21 13:40,8,9.1,7.18
574,5/17/21 13:50,7.9,9.1,7.05
575,5/17/21 14:00,7.8,9.1,6.81
576,5/17/21 14:10,7.8,9.1,6.56
577,5/17/21 14:20,7.7,9.1,6.38
578,5/17/21 14:30,7.7,9.1,6.24
579,5/17/21 14:40,7.5,9.1,6.15
580,5/17/21 14:50,7.5,9.1,6.07
581,5/17/21 15:00,7.6,9.1,6.03
582,5/17/21 15:10,7.5,9.1,6.01
583,5/17/21 15:20,7.5,9.1,6.01
584,5/17/21 15:30,7.5,9.1,6.04
585,5/17/21 15:40,7.6,9.1,6.07
586,5/17/21 15:50,7.6,9.1,6.1
587,5/17/21 16:00,7.6,9.1,6.11
588,5/17/21 16:10,7.6,9.1,6.16
589,5/17/21 16:20,7.6,9.1,6.21
590,5/17/21 16:30,7.7,9.1,6.25
591,5/17/21 16:40,7.7,9.1,6.28
592,5/17/21 16:50,7.7,9.1,6.34
593,5/17/21 17:00,7.7,9.1,6.39
594,5/17/21 17:10,7.8,9.1,6.43
595,5/17/21 17:20,7.8,9.1,6.47
596,5/17/21 17:30,7.8,9.1,6.52
597,5/17/21 17:40,7.8,9.1,6.56
598,5/17/21 17:50,7.8,9.1,6.59
599,5/17/21 18:00,7.8,9.1,6.61
600,5/17/21 18:10,7.8,9.1,6.65
601,5/17/21 18:20,7.8,9.1,6.68
602,5/17/21 18:30,7.8,9.1,6.72
603,5/17/21 18:40,7.8,9.1,6.72
604,5/17/21 18:50,7.8,9.1,6.73
605,5/17/21 19:00,7.8,9.1,6.74
606,5/17/21 19:10,7.8,9.1,6.75
607,5/17/21 19:20,7.9,9.1,6.78
608,5/17/21 19:30,7.9,9.1,6.75
609,5/17/21 19:40,7.9,9.1,6.75
610,5/17/21 19:50,7.8,9.1,6.75
611,5/17/21 20:00,7.9,9.1,6.77
612,5/17/21 20:10,7.9,9.1,6.78
613,5/17/21 20:20,7.9,9.1,6.78
614,5/17/21 20:30,7.9,9.1,6.75
615,5/17/21 20:40,8,9.1,6.75
616,5/17/21 20:50,8,9.1,6.75
617,5/17/21 21:00,7.9,9.1,6.74
618,5/17/21 21:10,7.9,9.1,6.75
619,5/17/21 21:20,7.9,9.5,6.74
620,5/17/21 21:30,7.9,9.1,6.74
621,5/17/21 21:40,7.9,9.1,6.73
622,5/17/21 21:50,7.9,9.1,6.72
623,5/17/21 22:00,8,9.1,6.7
624,5/17/21 22:10,7.9,9.1,6.7
625,5/17/21 22:20,7.9,9.1,6.69
626,5/17/21 22:30,7.9,9.1,6.68
627,5/17/21 22:40,8,9.1,6.66
628,5/17/21 22:50,8,9.1,6.65
629,5/17/21 23:00,7.9,9.1,6.65
630,5/17/21 23:10,7.9,9.1,6.65
631,5/17/21 23:20,7.9,9.1,6.64
632,5/17/21 23:30,8,9.1,6.62
633,5/17/21 23:40,7.9,9.1,6.62
634,5/17/21 23:50,8,9.1,6.61
635,5/18/21 0:00,8,9.1,6.59
636,5/18/21 0:10,7.9,9.1,6.6
637,5/18/21 0:20,7.9,9.1,6.59
638,5/18/21 0:30,8,9.1,6.59
639,5/18/21 0:40,8,9.1,6.57
640,5/18/21 0:50,8,9.1,6.57
641,5/18/21 1:00,8,9.1,6.57
642,5/18/21 1:10,8,9.1,6.56
643,5/18/21 1:20,8,9.1,6.56
644,5/18/21 1:30,7.9,9.1,6.55
645,5/18/21 1:40,7.9,9.1,6.53
646,5/18/21 1:50,8,9.1,6.52
647,5/18/21 2:00,8,9.1,6.53
648,5/18/21 2:10,8,9.1,6.5
649,5/18/21 2:20,8,9.1,6.52
650,5/18/21 2:30,8,9.1,6.51
651,5/18/21 2:40,8,9.1,6.5
652,5/18/21 2:50,8,9.1,6.5
653,5/18/21 3:00,8,9.1,6.48
654,5/18/21 3:10,8,9.1,6.48
655,5/18/21 3:20,8,9.1,6.47
656,5/18/21 3:30,8,9.1,6.47
657,5/18/21 3:40,7.9,9.1,6.47
658,5/18/21 3:50,7.9,9.1,6.47
659,5/18/21 4:00,8,9.1,6.46
660,5/18/21 4:10,8,9.1,6.46
661,5/18/21 4:20,8,9.1,6.43
662,5/18/21 4:30,8,9.1,6.43
663,5/18/21 4:40,8,9.1,6.41
664,5/18/21 4:50,8,9.1,6.39
665,5/18/21 5:00,8,9.1,6.38
666,5/18/21 5:10,8,9.1,6.38
667,5/18/21 5:20,7.9,9.1,6.38
668,5/18/21 5:30,8,9.1,6.38
669,5/18/21 5:40,8,9.1,6.38
670,5/18/21 5:50,8,9.1,6.35
671,5/18/21 6:00,8,9.1,6.37
672,5/18/21 6:10,8,9.1,6.35
673,5/18/21 6:20,8,9.1,6.35
674,5/18/21 6:30,7.9,9.1,6.37
675,5/18/21 6:40,8,9.1,6.35
676,5/18/21 6:50,7.9,9.1,6.34
677,5/18/21 7:00,8,9.1,6.35
678,5/18/21 7:10,8,9.1,6.34
679,5/18/21 7:20,7.9,9.1,6.3
680,5/18/21 7:30,8,9.1,6.33
681,5/18/21 7:40,8,9.1,6.33
682,5/18/21 7:50,8,9.1,6.3
683,5/18/21 8:00,8,9.1,6.33
684,5/18/21 8:10,8,9.1,6.3
685,5/18/21 8:20,8,9.1,6.3
686,5/18/21 8:30,8,9.1,6.29
687,5/18/21 8:40,8,9.1,6.29
688,5/18/21 8:50,8,9.1,6.29
689,5/18/21 9:00,8,9.1,6.29
690,5/18/21 9:10,8,9.1,6.28
691,5/18/21 9:20,8,9.1,6.28
692,5/18/21 9:30,8,9.1,6.28
693,5/18/21 9:40,8,9.1,6.28
694,5/18/21 9:50,8,9.5,6.28
695,5/18/21 10:00,8,9.1,6.28
696,5/18/21 10:10,8,9.5,6.29
697,5/18/21 10:20,8,9.1,6.32
698,5/18/21 10:30,8,9.1,6.32
699,5/18/21 10:40,8,9.1,6.34
700,5/18/21 10:50,8,9.1,6.35
701,5/18/21 11:00,8,9.1,6.38
702,5/18/21 11:10,8,9.1,6.38
703,5/18/21 11:20,8,9.1,6.42
704,5/18/21 11:30,8,9.1,6.42
705,5/18/21 11:40,8,9.1,6.46
706,5/18/21 11:50,8,9.1,6.47
707,5/18/21 12:00,8,9.1,6.5
708,5/18/21 12:10,8.1,9.1,6.53
709,5/18/21 12:20,8.1,9.1,6.61
710,5/18/21 12:30,8.1,9.1,6.68
711,5/18/21 12:40,8.2,9.1,6.73
712,5/18/21 12:50,8.1,9.5,6.83
713,5/18/21 13:00,8.2,9.5,6.91
714,5/18/21 13:10,8.2,9.1,7.04
715,5/18/21 13:20,8.3,9.5,7.17
716,5/18/21 13:30,8.4,9.1,7.28
717,5/18/21 13:40,8.4,9.5,7.13
718,5/18/21 13:50,8.3,9.1,6.79
719,5/18/21 14:00,8.2,9.1,6.43
720,5/18/21 14:10,8.2,9.1,6.07
721,5/18/21 14:20,8.1,9.1,5.72
722,5/18/21 14:30,8,9.1,5.37
723,5/18/21 14:40,8,9.1,5.06
724,5/18/21 14:50,8,9.1,4.86
725,5/18/21 15:00,8,9.1,4.71
726,5/18/21 15:10,8,9.1,4.66
727,5/18/21 15:20,7.9,9.1,4.68
728,5/18/21 15:30,8,9.1,4.74
729,5/18/21 15:40,8,9.1,4.81
730,5/18/21 15:50,7.9,9.1,4.84
731,5/18/21 16:00,7.9,9.1,4.86
732,5/18/21 16:10,7.9,9.1,4.88
733,5/18/21 16:20,7.9,9.1,4.91
734,5/18/21 16:30,7.9,9.1,4.96
735,5/18/21 16:40,7.9,9.1,5.04
736,5/18/21 16:50,8,9.1,5.13
737,5/18/21 17:00,8,9.1,5.22
738,5/18/21 17:10,8,9.1,5.32
739,5/18/21 17:20,8.1,9.1,5.41
740,5/18/21 17:30,8.1,9.5,5.53
741,5/18/21 17:40,8.1,9.1,5.62
742,5/18/21 17:50,8.1,9.1,5.71
743,5/18/21 18:00,8.2,9.1,5.81
744,5/18/21 18:10,8.3,9.1,5.9
745,5/18/21 18:20,8.3,9.1,5.98
746,5/18/21 18:30,8.3,9.5,6.07
747,5/18/21 18:40,8.3,9.5,6.13
748,5/18/21 18:50,8.5,9.5,6.24
749,5/18/21 19:00,8.5,9.1,6.3
750,5/18/21 19:10,8.5,9.5,6.37
751,5/18/21 19:20,8.5,9.1,6.42
752,5/18/21 19:30,8.5,9.1,6.48
753,5/18/21 19:40,8.6,9.1,6.52
754,5/18/21 19:50,8.6,9.1,6.59
755,5/18/21 20:00,8.6,9.5,6.62
756,5/18/21 20:10,8.7,9.5,6.65
757,5/18/21 20:20,8.7,9.1,6.68
758,5/18/21 20:30,8.7,9.5,6.68
759,5/18/21 20:40,8.7,9.1,6.72
760,5/18/21 20:50,8.7,9.5,6.77
761,5/18/21 21:00,8.8,9.5,6.75
762,5/18/21 21:10,8.8,9.5,6.79
763,5/18/21 21:20,8.8,9.5,6.81
764,5/18/21 21:30,8.8,9.5,6.81
765,5/18/21 21:40,8.8,9.5,6.82
766,5/18/21 21:50,8.8,9.5,6.81
767,5/18/21 22:00,8.8,9.5,6.81
768,5/18/21 22:10,8.8,9.5,6.81
769,5/18/21 22:20,8.8,9.5,6.81
770,5/18/21 22:30,8.8,9.5,6.78
771,5/18/21 22:40,8.8,9.5,6.79
772,5/18/21 22:50,8.8,9.5,6.78
773,5/18/21 23:00,8.8,9.5,6.78
774,5/18/21 23:10,8.8,9.1,6.78
775,5/18/21 23:20,8.7,9.5,6.78
776,5/18/21 23:30,8.8,9.5,6.77
777,5/18/21 23:40,8.8,9.5,6.74
778,5/18/21 23:50,8.8,9.5,6.73
779,5/19/21 0:00,8.8,9.1,6.72
780,5/19/21 0:10,8.8,9.5,6.7
781,5/19/21 0:20,8.8,9.5,6.69
782,5/19/21 0:30,8.8,9.5,6.66
783,5/19/21 0:40,8.8,9.5,6.65
784,5/19/21 0:50,8.8,9.5,6.65
785,5/19/21 1:00,8.8,9.1,6.66
786,5/19/21 1:10,8.8,9.5,6.62
787,5/19/21 1:20,8.8,9.5,6.61
788,5/19/21 1:30,8.8,9.5,6.6
789,5/19/21 1:40,8.8,9.5,6.59
790,5/19/21 1:50,8.8,9.5,6.59
791,5/19/21 2:00,8.8,9.5,6.57
792,5/19/21 2:10,8.8,9.1,6.55
793,5/19/21 2:20,8.8,9.5,6.53
794,5/19/21 2:30,8.8,9.5,6.53
795,5/19/21 2:40,8.8,9.1,6.52
796,5/19/21 2:50,8.8,9.5,6.51
797,5/19/21 3:00,8.8,9.1,6.5
798,5/19/21 3:10,8.8,9.5,6.48
799,5/19/21 3:20,8.8,9.5,6.48
800,5/19/21 3:30,8.8,9.5,6.47
801,5/19/21 3:40,8.7,9.5,6.44
802,5/19/21 3:50,8.7,9.1,6.43
803,5/19/21 4:00,8.8,9.1,6.41
804,5/19/21 4:10,8.7,9.1,6.37
805,5/19/21 4:20,8.7,9.1,6.37
806,5/19/21 4:30,8.7,9.5,6.33
807,5/19/21 4:40,8.7,9.1,6.34
808,5/19/21 4:50,8.7,9.5,6.32
809,5/19/21 5:00,8.7,9.1,6.32
810,5/19/21 5:10,8.7,9.5,6.29
811,5/19/21 5:20,8.7,9.5,6.28
812,5/19/21 5:30,8.7,9.5,6.26
813,5/19/21 5:40,8.7,9.1,6.26
814,5/19/21 5:50,8.7,9.5,6.25
815,5/19/21 6:00,8.7,9.1,6.24
816,5/19/21 6:10,8.6,9.5,6.25
817,5/19/21 6:20,8.7,9.5,6.24
818,5/19/21 6:30,8.6,9.5,6.22
819,5/19/21 6:40,8.6,9.5,6.2
820,5/19/21 6:50,8.6,9.1,6.19
821,5/19/21 7:00,8.6,9.5,6.19
822,5/19/21 7:10,8.7,9.1,6.17
823,5/19/21 7:20,8.7,9.5,6.17
824,5/19/21 7:30,8.7,9.5,6.16
825,5/19/21 7:40,8.6,9.1,6.16
826,5/19/21 7:50,8.6,9.1,6.16
827,5/19/21 8:00,8.6,9.1,6.15
828,5/19/21 8:10,8.6,9.5,6.15
829,5/19/21 8:20,8.6,9.1,6.12
830,5/19/21 8:30,8.6,9.5,6.13
831,5/19/21 8:40,8.6,9.5,6.13
832,5/19/21 8:50,8.7,9.1,6.12
833,5/19/21 9:00,8.6,9.5,6.12
834,5/19/21 9:10,8.6,9.5,6.12
835,5/19/21 9:20,8.7,9.5,6.11
836,5/19/21 9:30,8.6,9.5,6.13
837,5/19/21 9:40,8.7,9.5,6.12
838,5/19/21 9:50,8.7,9.5,6.13
839,5/19/21 10:00,8.6,9.5,6.13
840,5/19/21 10:10,8.6,9.5,6.15
841,5/19/21 10:20,8.7,9.1,6.15
842,5/19/21 10:30,8.7,9.5,6.17
843,5/19/21 10:40,8.6,9.1,6.19
844,5/19/21 10:50,8.7,9.5,6.21
845,5/19/21 11:00,8.7,9.5,6.22
846,5/19/21 11:10,8.7,9.5,6.24
847,5/19/21 11:20,8.7,9.5,6.26
848,5/19/21 11:30,8.7,9.5,6.29
849,5/19/21 11:40,8.7,9.5,6.32
850,5/19/21 11:50,8.6,9.5,6.33
851,5/19/21 12:00,8.7,9.5,6.35
852,5/19/21 12:10,8.7,9.5,6.38
853,5/19/21 12:20,8.7,9.5,6.39
854,5/19/21 12:30,8.7,9.1,6.42
855,5/19/21 12:40,8.7,9.5,6.44
856,5/19/21 12:50,8.8,9.5,6.46
857,5/19/21 13:00,8.7,9.5,6.5
858,5/19/21 13:10,8.7,9.5,6.51
859,5/19/21 13:20,8.8,9.5,6.51
860,5/19/21 13:30,8.7,9.5,6.57
861,5/19/21 13:40,8.8,9.1,6.77
862,5/19/21 13:50,8.8,9.1,7.06
863,5/19/21 14:00,8.8,9.5,7.24
864,5/19/21 14:10,8.9,9.5,7.3
865,5/19/21 14:20,8.8,9.5,7.31
866,5/19/21 14:30,8.8,9.5,7.23
867,5/19/21 14:40,8.8,9.5,7.14
868,5/19/21 14:50,8.8,9.1,7.05
869,5/19/21 15:00,8.8,9.5,6.99
870,5/19/21 15:10,8.8,9.1,6.95
871,5/19/21 15:20,8.8,9.5,6.93
872,5/19/21 15:30,8.8,9.5,6.93
873,5/19/21 15:40,8.8,9.5,6.92
874,5/19/21 15:50,8.9,9.5,6.92
875,5/19/21 16:00,8.8,9.5,6.93
876,5/19/21 16:10,8.8,9.5,6.95
877,5/19/21 16:20,8.9,9.5,6.97
878,5/19/21 16:30,9,9.5,6.99
879,5/19/21 16:40,8.9,9.5,6.95
880,5/19/21 16:50,9,9.5,6.91
881,5/19/21 17:00,9,9.5,6.86
882,5/19/21 17:10,9,9.1,6.81
883,5/19/21 17:20,9,9.5,6.78
884,5/19/21 17:30,8.9,9.5,6.79
885,5/19/21 17:40,9,9.5,6.81
886,5/19/21 17:50,9,9.5,6.82
887,5/19/21 18:00,8.9,9.5,6.83
888,5/19/21 18:10,9,9.5,6.86
889,5/19/21 18:20,9,9.5,6.88
890,5/19/21 18:30,9,9.5,6.92
891,5/19/21 18:40,9,9.5,6.95
892,5/19/21 18:50,9,9.1,6.97
893,5/19/21 19:00,9,9.5,7.01
894,5/19/21 19:10,9,9.5,7.04
895,5/19/21 19:20,9,9.5,7.06
896,5/19/21 19:30,9,9.5,7.09
897,5/19/21 19:40,9,9.1,7.06
898,5/19/21 19:50,9,9.5,7.05
899,5/19/21 20:00,9,9.1,7.04
900,5/19/21 20:10,9,9.5,7.05
901,5/19/21 20:20,9,9.1,7.09
902,5/19/21 20:30,9,9.5,7.1
903,5/19/21 20:40,9,9.5,7.09
904,5/19/21 20:50,9,9.5,7.1
905,5/19/21 21:00,9.1,9.5,7.12
906,5/19/21 21:10,9.1,9.5,7.12
907,5/19/21 21:20,9.1,9.5,7.14
908,5/19/21 21:30,9,9.5,7.14
909,5/19/21 21:40,9.1,9.5,7.14
910,5/19/21 21:50,9.1,9.5,7.14
911,5/19/21 22:00,9.1,9.5,7.13
912,5/19/21 22:10,9.1,9.5,7.14
913,5/19/21 22:20,9.1,9.5,7.13
914,5/19/21 22:30,9.1,9.5,7.12
915,5/19/21 22:40,9.1,9.5,7.12
916,5/19/21 22:50,9.1,9.5,7.09
917,5/19/21 23:00,9.1,9.5,7.09
918,5/19/21 23:10,9.1,9.5,7.06
919,5/19/21 23:20,9.1,9.5,7.05
920,5/19/21 23:30,9.1,9.5,7.04
921,5/19/21 23:40,9,9.5,7.02
922,5/19/21 23:50,9,9.5,7.01
923,5/20/21 0:00,9,9.5,6.99
924,5/20/21 0:10,9,9.5,6.97
925,5/20/21 0:20,9,9.5,6.93
926,5/20/21 0:30,9,9.5,6.92
927,5/20/21 0:40,9,9.5,6.91
928,5/20/21 0:50,9,9.5,6.88
929,5/20/21 1:00,9,9.5,6.86
930,5/20/21 1:10,9,9.5,6.84
931,5/20/21 1:20,9,9.5,6.83
932,5/20/21 1:30,9,9.5,6.82
933,5/20/21 1:40,8.9,9.5,6.81
934,5/20/21 1:50,9,9.5,6.79
935,5/20/21 2:00,9,9.5,6.78
936,5/20/21 2:10,8.9,9.5,6.78
937,5/20/21 2:20,8.9,9.5,6.77
938,5/20/21 2:30,8.9,9.5,6.74
939,5/20/21 2:40,8.9,9.5,6.74
940,5/20/21 2:50,8.8,9.5,6.73
941,5/20/21 3:00,8.8,9.5,6.72
942,5/20/21 3:10,8.8,9.5,6.72
943,5/20/21 3:20,8.8,9.5,6.7
944,5/20/21 3:30,8.8,9.5,6.69
945,5/20/21 3:40,8.8,9.5,6.68
946,5/20/21 3:50,8.8,9.1,6.66
947,5/20/21 4:00,8.8,9.5,6.65
948,5/20/21 4:10,8.8,9.5,6.64
949,5/20/21 4:20,8.8,9.5,6.64
950,5/20/21 4:30,8.8,9.5,6.61
951,5/20/21 4:40,8.8,9.5,6.6
952,5/20/21 4:50,8.8,9.5,6.59
953,5/20/21 5:00,8.8,9.5,6.57
954,5/20/21 5:10,8.8,9.5,6.55
955,5/20/21 5:20,8.8,9.5,6.53
956,5/20/21 5:30,8.8,9.1,6.52
957,5/20/21 5:40,8.8,9.5,6.5
958,5/20/21 5:50,8.8,9.5,6.48
959,5/20/21 6:00,8.8,9.5,6.46
960,5/20/21 6:10,8.7,9.5,6.44
961,5/20/21 6:20,8.7,9.5,6.43
962,5/20/21 6:30,8.8,9.5,6.41
963,5/20/21 6:40,8.7,9.5,6.39
964,5/20/21 6:50,8.7,9.5,6.38
965,5/20/21 7:00,8.7,9.5,6.37
966,5/20/21 7:10,8.6,9.1,6.35
967,5/20/21 7:20,8.7,9.5,6.33
968,5/20/21 7:30,8.7,9.5,6.33
969,5/20/21 7:40,8.7,9.5,6.32
970,5/20/21 7:50,8.7,9.5,6.29
971,5/20/21 8:00,8.7,10.3,6.29
972,5/20/21 8:10,8.8,9.1,6.28
973,5/20/21 8:20,8.7,9.5,6.26
974,5/20/21 8:30,8.7,9.5,6.28
975,5/20/21 8:40,8.7,9.1,6.26
976,5/20/21 8:50,8.7,9.5,6.26
977,5/20/21 9:00,8.7,9.5,6.26
978,5/20/21 9:10,8.7,9.1,6.26
979,5/20/21 9:20,8.6,9.1,6.26
980,5/20/21 9:30,8.7,9.5,6.26
981,5/20/21 9:40,8.7,9.1,6.28
982,5/20/21 9:50,8.7,9.1,6.28
983,5/20/21 10:00,8.7,9.5,6.28
984,5/20/21 10:10,8.7,9.5,6.29
985,5/20/21 10:20,8.7,9.5,6.29
986,5/20/21 10:30,8.7,9.5,6.32
987,5/20/21 10:40,8.7,9.5,6.33
988,5/20/21 10:50,8.7,9.5,6.33
989,5/20/21 11:00,8.7,9.5,6.34
990,5/20/21 11:10,8.7,9.5,6.35
991,5/20/21 11:20,8.7,9.5,6.38
992,5/20/21 11:30,8.7,9.5,6.39
993,5/20/21 11:40,8.8,9.5,6.42
994,5/20/21 11:50,8.8,9.5,6.43
995,5/20/21 12:00,8.7,9.5,6.44
996,5/20/21 12:10,8.7,9.1,6.47
997,5/20/21 12:20,8.7,9.5,6.5
998,5/20/21 12:30,8.7,9.5,6.5
999,5/20/21 12:40,8.7,9.5,6.51
1000,5/20/21 12:50,8.8,9.5,6.53
1001,5/20/21 13:00,8.7,9.5,6.56
1002,5/20/21 13:10,8.7,9.5,6.69
1003,5/20/21 13:20,8.8,9.5,7.1
1004,5/20/21 13:30,8.8,9.5,7.36
1005,5/20/21 13:40,9,9.5,7.21
1006,5/20/21 13:50,8.8,9.1,6.66
1007,5/20/21 14:00,8.7,9.5,6.21
1008,5/20/21 14:10,8.6,9.1,5.8
1009,5/20/21 14:20,8.5,9.5,5.57
1010,5/20/21 14:30,8.6,9.5,5.42
1011,5/20/21 14:40,8.6,9.5,5.33
1012,5/20/21 14:50,8.6,9.5,5.32
1013,5/20/21 15:00,8.6,9.5,5.33
1014,5/20/21 15:10,8.7,9.5,5.39
1015,5/20/21 15:20,8.7,9.5,5.42
1016,5/20/21 15:30,8.7,9.1,5.49
1017,5/20/21 15:40,8.8,9.5,5.54
1018,5/20/21 15:50,8.7,9.5,5.59
1019,5/20/21 16:00,8.8,9.5,5.67
1020,5/20/21 16:10,8.8,9.5,5.76
1021,5/20/21 16:20,8.8,9.5,5.88
1022,5/20/21 16:30,8.8,9.1,5.99
1023,5/20/21 16:40,8.8,9.1,6.12
1024,5/20/21 16:50,8.9,9.5,6.25
1025,5/20/21 17:00,9,9.5,6.39
1026,5/20/21 17:10,9,9.5,6.55
1027,5/20/21 17:20,9.1,9.5,6.64
1028,5/20/21 17:30,9.1,9.1,6.72
1029,5/20/21 17:40,9.1,9.5,6.78
1030,5/20/21 17:50,9.1,9.5,6.82
1031,5/20/21 18:00,9.2,9.5,6.9
1032,5/20/21 18:10,9.2,9.5,7.01
1033,5/20/21 18:20,9.2,9.5,7.12
1034,5/20/21 18:30,9.3,9.5,7.18
1035,5/20/21 18:40,9.3,9.5,7.24
1036,5/20/21 18:50,9.3,9.5,7.31
1037,5/20/21 19:00,9.3,9.5,7.36
1038,5/20/21 19:10,9.3,9.9,7.4
1039,5/20/21 19:20,9.3,9.5,7.44
1040,5/20/21 19:30,9.3,9.5,7.48
1041,5/20/21 19:40,9.3,9.5,7.5
1042,5/20/21 19:50,9.4,9.5,7.53
1043,5/20/21 20:00,9.4,9.5,7.54
1044,5/20/21 20:10,9.3,9.9,7.58
1045,5/20/21 20:20,9.4,9.5,7.59
1046,5/20/21 20:30,9.4,9.9,7.61
1047,5/20/21 20:40,9.4,9.5,7.61
1048,5/20/21 20:50,9.4,9.5,7.62
1049,5/20/21 21:00,9.4,9.5,7.63
1050,5/20/21 21:10,9.4,9.5,7.63
1051,5/20/21 21:20,9.4,9.9,7.62
1052,5/20/21 21:30,9.5,9.5,7.62
1053,5/20/21 21:40,9.4,9.5,7.59
1054,5/20/21 21:50,9.4,9.5,7.58
1055,5/20/21 22:00,9.3,9.5,7.57
1056,5/20/21 22:10,9.4,9.5,7.57
1057,5/20/21 22:20,9.3,9.5,7.55
1058,5/20/21 22:30,9.3,9.5,7.53
1059,5/20/21 22:40,9.3,9.5,7.5
1060,5/20/21 22:50,9.3,9.5,7.5
1061,5/20/21 23:00,9.3,9.5,7.48
1062,5/20/21 23:10,9.3,9.5,7.46
1063,5/20/21 23:20,9.3,9.5,7.43
1064,5/20/21 23:30,9.3,9.5,7.41
1065,5/20/21 23:40,9.3,9.5,7.39
1066,5/20/21 23:50,9.4,9.5,7.37
1067,5/21/21 0:00,9.3,9.5,7.35
1068,5/21/21 0:10,9.3,9.5,7.33
1069,5/21/21 0:20,9.3,9.5,7.31
1070,5/21/21 0:30,9.3,9.5,7.28
1071,5/21/21 0:40,9.3,9.5,7.27
1072,5/21/21 0:50,9.2,9.5,7.24
1073,5/21/21 1:00,9.3,9.5,7.21
1074,5/21/21 1:10,9.2,9.5,7.19
1075,5/21/21 1:20,9.2,9.5,7.18
1076,5/21/21 1:30,9.2,9.5,7.13
1077,5/21/21 1:40,9.2,9.5,7.12
1078,5/21/21 1:50,9.2,9.5,7.08
1079,5/21/21 2:00,9.1,9.5,7.05
1080,5/21/21 2:10,9.1,9.5,7.02
1081,5/21/21 2:20,9.1,9.5,7.01
1082,5/21/21 2:30,9.1,9.5,7
1083,5/21/21 2:40,9.1,9.5,6.97
1084,5/21/21 2:50,9.1,9.1,6.95
1085,5/21/21 3:00,9.1,9.5,6.93
1086,5/21/21 3:10,9,9.5,6.9
1087,5/21/21 3:20,9,9.5,6.87
1088,5/21/21 3:30,9.1,9.5,6.87
1089,5/21/21 3:40,9,9.5,6.84
1090,5/21/21 3:50,9,9.5,6.83
1091,5/21/21 4:00,9,9.5,6.81
1092,5/21/21 4:10,9,9.5,6.79
1093,5/21/21 4:20,9,9.5,6.77
1094,5/21/21 4:30,9,9.5,6.75
1095,5/21/21 4:40,9,9.5,6.73
1096,5/21/21 4:50,9,9.5,6.72
1097,5/21/21 5:00,8.9,9.5,6.7
1098,5/21/21 5:10,9,9.5,6.69
1099,5/21/21 5:20,8.8,9.5,6.66
1100,5/21/21 5:30,8.8,9.5,6.65
1101,5/21/21 5:40,8.8,9.5,6.64
1102,5/21/21 5:50,8.8,9.5,6.62
1103,5/21/21 6:00,8.8,9.5,6.6
1104,5/21/21 6:10,8.8,9.5,6.6
1105,5/21/21 6:20,8.8,9.5,6.59
1106,5/21/21 6:30,8.8,9.5,6.57
1107,5/21/21 6:40,8.8,9.5,6.55
1108,5/21/21 6:50,8.8,9.5,6.53
1109,5/21/21 7:00,8.8,9.5,6.52
1110,5/21/21 7:10,8.8,9.5,6.5
1111,5/21/21 7:20,8.7,9.1,6.48
1112,5/21/21 7:30,8.8,9.5,6.47
1113,5/21/21 7:40,8.7,9.5,6.46
1114,5/21/21 7:50,8.7,9.5,6.44
1115,5/21/21 8:00,8.8,9.5,6.44
1116,5/21/21 8:10,8.8,9.5,6.43
1117,5/21/21 8:20,8.7,9.5,6.43
1118,5/21/21 8:30,8.7,9.5,6.42
1119,5/21/21 8:40,8.7,9.5,6.42
1120,5/21/21 8:50,8.7,9.5,6.41
1121,5/21/21 9:00,8.7,9.5,6.42
1122,5/21/21 9:10,8.6,9.5,6.41
1123,5/21/21 9:20,8.7,9.5,6.39
1124,5/21/21 9:30,8.6,9.5,6.41
1125,5/21/21 9:40,8.6,9.5,6.41
1126,5/21/21 9:50,8.6,9.5,6.39
1127,5/21/21 10:00,8.7,9.5,6.39
1128,5/21/21 10:10,8.6,9.1,6.41
1129,5/21/21 10:20,8.6,9.5,6.41
1130,5/21/21 10:30,8.6,9.5,6.42
1131,5/21/21 10:40,8.6,9.1,6.42
1132,5/21/21 10:50,8.6,9.5,6.42
1133,5/21/21 11:00,8.6,9.5,6.43
1134,5/21/21 11:10,8.5,9.5,6.44
1135,5/21/21 11:20,8.5,9.1,6.47
1136,5/21/21 11:30,8.6,9.5,6.46
1137,5/21/21 11:40,8.6,9.5,6.47
1138,5/21/21 11:50,8.5,9.1,6.48
1139,5/21/21 12:00,8.6,9.5,6.51
1140,5/21/21 12:10,8.6,9.1,6.52
1141,5/21/21 12:20,8.5,9.5,6.53
1142,5/21/21 12:30,8.5,9.5,6.55
1143,5/21/21 12:40,8.5,9.1,6.56
1144,5/21/21 12:50,8.5,9.5,6.57
1145,5/21/21 13:00,8.5,9.1,6.59
1146,5/21/21 13:10,8.5,9.5,6.59
1147,5/21/21 13:20,8.5,9.1,6.59
1148,5/21/21 13:30,8.6,9.1,6.6
1149,5/21/21 13:40,8.5,9.1,6.62
1150,5/21/21 13:50,8.5,9.5,6.61
1151,5/21/21 14:00,8.5,9.5,6.62
1152,5/21/21 14:10,8.5,9.5,6.65
1153,5/21/21 14:20,8.5,9.5,6.72
1154,5/21/21 14:30,8.6,9.5,6.81
1155,5/21/21 14:40,8.6,9.1,6.92
1156,5/21/21 14:50,8.6,9.5,7.05
1157,5/21/21 15:00,8.6,9.5,7.18
1158,5/21/21 15:10,8.6,9.5,7.3
1159,5/21/21 15:20,8.6,9.1,7.4
1160,5/21/21 15:30,8.7,9.1,7.46
1161,5/21/21 15:40,8.7,9.1,7.53
1162,5/21/21 15:50,8.7,9.5,7.58
1163,5/21/21 16:00,8.7,9.5,7.63
1164,5/21/21 16:10,8.7,9.5,7.67
1165,5/21/21 16:20,8.7,9.1,7.7
1166,5/21/21 16:30,8.7,9.5,7.73
1167,5/21/21 16:40,8.7,9.1,7.76
1168,5/21/21 16:50,8.8,9.5,7.77
1169,5/21/21 17:00,8.8,9.5,7.77
1170,5/21/21 17:10,9,9.5,7.77
1171,5/21/21 17:20,8.9,9.5,7.79
1172,5/21/21 17:30,9,9.5,7.77
1173,5/21/21 17:40,9,9.5,7.79
1174,5/21/21 17:50,9,9.5,7.79
1175,5/21/21 18:00,9.1,9.5,7.77
1176,5/21/21 18:10,9,9.5,7.77
1177,5/21/21 18:20,9.1,9.5,7.76
1178,5/21/21 18:30,9.1,9.5,7.76
1179,5/21/21 18:40,9.1,9.5,7.73
1180,5/21/21 18:50,9.1,9.5,7.75
1181,5/21/21 19:00,9.2,9.5,7.75
1182,5/21/21 19:10,9.2,9.5,7.73
1183,5/21/21 19:20,9.2,9.5,7.72
1184,5/21/21 19:30,9.2,9.5,7.71
1185,5/21/21 19:40,9.2,9.5,7.72
1186,5/21/21 19:50,9.2,9.5,7.71
1187,5/21/21 20:00,9.2,9.5,7.7
1188,5/21/21 20:10,9.2,9.5,7.68
1189,5/21/21 20:20,9.2,9.5,7.68
1190,5/21/21 20:30,9.3,9.5,7.66
1191,5/21/21 20:40,9.3,9.1,7.64
1192,5/21/21 20:50,9.3,9.5,7.63
1193,5/21/21 21:00,9.3,9.5,7.61
1194,5/21/21 21:10,9.3,9.5,7.58
1195,5/21/21 21:20,9.3,9.5,7.59
1196,5/21/21 21:30,9.3,9.5,7.55
1197,5/21/21 21:40,9.3,9.5,7.53
1198,5/21/21 21:50,9.3,9.5,7.52
1199,5/21/21 22:00,9.3,9.5,7.49
1200,5/21/21 22:10,9.3,9.5,7.48
1201,5/21/21 22:20,9.3,9.5,7.45
1202,5/21/21 22:30,9.3,9.5,7.44
1203,5/21/21 22:40,9.3,9.5,7.43
1204,5/21/21 22:50,9.3,9.5,7.4
1205,5/21/21 23:00,9.3,9.5,7.39
1206,5/21/21 23:10,9.3,9.5,7.37
1207,5/21/21 23:20,9.3,9.5,7.35
1208,5/21/21 23:30,9.3,9.5,7.33
1209,5/21/21 23:40,9.3,9.5,7.31
1210,5/21/21 23:50,9.3,9.5,7.3
1211,5/22/21 0:00,9.3,9.5,7.27
1212,5/22/21 0:10,9.3,9.5,7.26
1213,5/22/21 0:20,9.2,9.5,7.22
1214,5/22/21 0:30,9.2,9.5,7.19
1215,5/22/21 0:40,9.2,9.5,7.18
1216,5/22/21 0:50,9.2,9.5,7.17
1217,5/22/21 1:00,9.2,9.5,7.13
1218,5/22/21 1:10,9.2,9.5,7.12
1219,5/22/21 1:20,9.2,9.5,7.09
1220,5/22/21 1:30,9.1,9.5,7.06
1221,5/22/21 1:40,9.1,9.5,7.04
1222,5/22/21 1:50,9.1,9.5,7.02
1223,5/22/21 2:00,9.1,9.5,6.99
1224,5/22/21 2:10,9.1,9.5,6.96
1225,5/22/21 2:20,9.1,9.5,6.93
1226,5/22/21 2:30,9,9.5,6.92
1227,5/22/21 2:40,9.1,9.5,6.9
1228,5/22/21 2:50,9.1,9.5,6.88
1229,5/22/21 3:00,9,9.5,6.84
1230,5/22/21 3:10,9,9.5,6.83
1231,5/22/21 3:20,9,9.5,6.81
1232,5/22/21 3:30,9,9.1,6.78
1233,5/22/21 3:40,9,9.5,6.75
1234,5/22/21 3:50,9,9.5,6.74
1235,5/22/21 4:00,9,9.5,6.72
1236,5/22/21 4:10,9,9.5,6.69
1237,5/22/21 4:20,8.9,9.5,6.66
1238,5/22/21 4:30,8.9,9.5,6.65
1239,5/22/21 4:40,9,9.5,6.65
1240,5/22/21 4:50,8.9,9.5,6.61
1241,5/22/21 5:00,9,9.5,6.6
1242,5/22/21 5:10,9,9.5,6.57
1243,5/22/21 5:20,8.9,9.5,6.55
1244,5/22/21 5:30,8.9,9.1,6.53
1245,5/22/21 5:40,8.8,9.5,6.52
1246,5/22/21 5:50,8.8,9.5,6.5
1247,5/22/21 6:00,8.8,9.5,6.48
1248,5/22/21 6:10,8.8,9.1,6.44
1249,5/22/21 6:20,8.8,9.1,6.43
1250,5/22/21 6:30,8.8,9.1,6.41
1251,5/22/21 6:40,8.8,9.1,6.41
1252,5/22/21 6:50,8.8,9.5,6.39
1253,5/22/21 7:00,8.7,9.5,6.37
1254,5/22/21 7:10,8.8,9.5,6.35
1255,5/22/21 7:20,8.8,9.5,6.33
1256,5/22/21 7:30,8.8,9.5,6.33
1257,5/22/21 7:40,8.8,9.5,6.33
1258,5/22/21 7:50,8.7,9.5,6.32
1259,5/22/21 8:00,8.8,9.5,6.3
1260,5/22/21 8:10,8.7,9.5,6.29
1261,5/22/21 8:20,8.7,9.5,6.28
1262,5/22/21 8:30,8.7,9.5,6.26
1263,5/22/21 8:40,8.7,9.5,6.26
1264,5/22/21 8:50,8.7,9.5,6.26
1265,5/22/21 9:00,8.7,9.5,6.28
1266,5/22/21 9:10,8.7,9.5,6.28
1267,5/22/21 9:20,8.7,9.1,6.28
1268,5/22/21 9:30,8.7,9.5,6.28
1269,5/22/21 9:40,8.7,9.1,6.28
1270,5/22/21 9:50,8.7,9.1,6.29
1271,5/22/21 10:00,8.7,9.5,6.29
1272,5/22/21 10:10,8.7,9.5,6.32
1273,5/22/21 10:20,8.7,9.5,6.33
1274,5/22/21 10:30,8.7,9.5,6.33
1275,5/22/21 10:40,8.7,9.1,6.34
1276,5/22/21 10:50,8.7,9.1,6.35
1277,5/22/21 11:00,8.6,9.5,6.37
1278,5/22/21 11:10,8.6,9.5,6.37
1279,5/22/21 11:20,8.7,9.5,6.38
1280,5/22/21 11:30,8.7,9.1,6.42
1281,5/22/21 11:40,8.6,9.5,6.42
1282,5/22/21 11:50,8.7,9.5,6.43
1283,5/22/21 12:00,8.7,9.5,6.44
1284,5/22/21 12:10,8.6,9.1,6.46
1285,5/22/21 12:20,8.6,9.5,6.48
1286,5/22/21 12:30,8.7,9.5,6.5
1287,5/22/21 12:40,8.6,9.5,6.52
1288,5/22/21 12:50,8.6,9.5,6.53
1289,5/22/21 13:00,8.7,9.5,6.56
1290,5/22/21 13:10,8.6,9.5,6.57
1291,5/22/21 13:20,8.6,9.5,6.6
1292,5/22/21 13:30,8.7,9.5,6.64
1293,5/22/21 13:40,8.7,9.5,6.61
1294,5/22/21 13:50,8.6,9.5,6.64
1295,5/22/21 14:00,8.6,9.5,6.66
1296,5/22/21 14:10,8.6,9.1,6.68
1297,5/22/21 14:20,8.7,9.1,6.7
1298,5/22/21 14:30,8.7,9.5,6.72
1299,5/22/21 14:40,8.6,9.5,6.73
1300,5/22/21 14:50,8.6,9.5,6.74
1301,5/22/21 15:00,8.7,9.5,6.74
1302,5/22/21 15:10,8.6,9.5,6.77
1303,5/22/21 15:20,8.6,9.1,6.78
1304,5/22/21 15:30,8.6,9.5,6.81
1305,5/22/21 15:40,8.7,9.5,6.82
1306,5/22/21 15:50,8.7,9.1,6.83
1307,5/22/21 16:00,8.6,9.5,6.84
1308,5/22/21 16:10,8.7,9.5,6.87
1309,5/22/21 16:20,8.7,9.5,6.88
1310,5/22/21 16:30,8.7,9.5,6.91
1311,5/22/21 16:40,8.7,9.5,6.95
1312,5/22/21 16:50,8.7,9.5,6.97
1313,5/22/21 17:00,8.7,9.5,7
1314,5/22/21 17:10,8.6,9.1,7.04
1315,5/22/21 17:20,8.5,9.1,7.08
1316,5/22/21 17:30,8.6,9.5,7.13
1317,5/22/21 17:40,8.6,9.5,7.15
1318,5/22/21 17:50,8.6,9.5,7.18
1319,5/22/21 18:00,8.6,9.1,7.21
1320,5/22/21 18:10,8.5,9.5,7.23
1321,5/22/21 18:20,8.5,9.5,7.26
1322,5/22/21 18:30,8.5,9.1,7.27
1323,5/22/21 18:40,8.5,9.5,7.3
1324,5/22/21 18:50,8.5,9.1,7.3
1325,5/22/21 19:00,8.5,9.5,7.32
1326,5/22/21 19:10,8.5,9.5,7.33
1327,5/22/21 19:20,8.5,9.5,7.33
1328,5/22/21 19:30,8.5,9.1,7.35
1329,5/22/21 19:40,8.5,9.5,7.36
1330,5/22/21 19:50,8.5,9.5,7.37
1331,5/22/21 20:00,8.5,9.1,7.39
1332,5/22/21 20:10,8.5,9.5,7.37
1333,5/22/21 20:20,8.5,9.1,7.4
1334,5/22/21 20:30,8.5,9.5,7.4
1335,5/22/21 20:40,8.5,9.1,7.4
1336,5/22/21 20:50,8.5,9.1,7.41
1337,5/22/21 21:00,8.5,9.1,7.4
1338,5/22/21 21:10,8.4,9.1,7.4
1339,5/22/21 21:20,8.4,9.1,7.4
1340,5/22/21 21:30,8.4,9.1,7.4
1341,5/22/21 21:40,8.5,9.1,7.4
1342,5/22/21 21:50,8.5,9.5,7.37
1343,5/22/21 22:00,8.5,9.5,7.36
1344,5/22/21 22:10,8.5,9.1,7.36
1345,5/22/21 22:20,8.5,9.5,7.35
1346,5/22/21 22:30,8.5,9.1,7.32
1347,5/22/21 22:40,8.5,9.1,7.32
1348,5/22/21 22:50,8.5,9.1,7.3
1349,5/22/21 23:00,8.5,9.1,7.3
1350,5/22/21 23:10,8.5,9.5,7.28
1351,5/22/21 23:20,8.4,9.1,7.27
1352,5/22/21 23:30,8.5,9.5,7.26
1353,5/22/21 23:40,8.5,9.5,7.24
1354,5/22/21 23:50,8.5,9.1,7.21
1355,5/23/21 0:00,8.5,9.5,7.19
1356,5/23/21 0:10,8.5,9.5,7.19
1357,5/23/21 0:20,8.5,9.1,7.17
1358,5/23/21 0:30,8.5,9.1,7.17
1359,5/23/21 0:40,8.5,9.1,7.15
1360,5/23/21 0:50,8.5,9.1,7.13
1361,5/23/21 1:00,8.5,9.5,7.13
1362,5/23/21 1:10,8.6,9.1,7.14
1363,5/23/21 1:20,8.7,9.5,7.62
1364,5/23/21 1:30,9,9.5,7.61
1365,5/23/21 1:40,8.7,9.1,6.01
1366,5/23/21 1:50,8.5,9.1,4.83
1367,5/23/21 2:00,8.4,9.1,4.39
1368,5/23/21 2:10,8.5,9.1,4.29
1369,5/23/21 2:20,8.5,9.1,4.33
1370,5/23/21 2:30,8.5,9.5,4.41
1371,5/23/21 2:40,8.6,9.5,4.52
1372,5/23/21 2:50,8.7,9.5,4.7
1373,5/23/21 3:00,8.7,9.5,4.86
1374,5/23/21 3:10,8.7,9.5,5
1375,5/23/21 3:20,8.8,9.5,5.14
1376,5/23/21 3:30,8.8,9.5,5.3
1377,5/23/21 3:40,8.8,9.5,5.42
1378,5/23/21 3:50,8.9,9.5,5.54
1379,5/23/21 4:00,9,9.5,5.64
1380,5/23/21 4:10,9,9.5,5.73
1381,5/23/21 4:20,9.1,9.5,5.82
1382,5/23/21 4:30,9.2,9.5,5.89
1383,5/23/21 4:40,9.3,9.5,5.97
1384,5/23/21 4:50,9.4,9.5,6.02
1385,5/23/21 5:00,9.5,9.5,6.1
1386,5/23/21 5:10,9.5,9.5,6.16
1387,5/23/21 5:20,9.6,9.5,6.21
1388,5/23/21 5:30,9.7,9.9,6.26
1389,5/23/21 5:40,9.8,9.9,6.33
1390,5/23/21 5:50,9.8,9.9,6.35
1391,5/23/21 6:00,9.8,9.9,6.41
1392,5/23/21 6:10,9.9,10.3,6.46
1393,5/23/21 6:20,10,10.3,6.5
1394,5/23/21 6:30,10,10.3,6.53
1395,5/23/21 6:40,10.1,9.9,6.56
1396,5/23/21 6:50,10.1,10.3,6.59
1397,5/23/21 7:00,10.1,10.3,6.62
1398,5/23/21 7:10,10.1,9.9,6.62
1399,5/23/21 7:20,10.2,10.3,6.64
1400,5/23/21 7:30,10.2,10.3,6.65
1401,5/23/21 7:40,10.3,9.9,6.66
1402,5/23/21 7:50,10.3,9.9,6.68
1403,5/23/21 8:00,10.3,10.3,6.7
1404,5/23/21 8:10,10.3,10.3,6.7
1405,5/23/21 8:20,10.3,10.3,6.74
1406,5/23/21 8:30,10.3,10.3,6.74
1407,5/23/21 8:40,10.3,10.3,6.75
1408,5/23/21 8:50,10.4,10.3,6.77
1409,5/23/21 9:00,10.4,10.3,6.81
1410,5/23/21 9:10,10.4,10.3,6.82
1411,5/23/21 9:20,10.4,9.9,6.83
1412,5/23/21 9:30,10.5,10.6,6.86
1413,5/23/21 9:40,10.4,10.6,6.86
1414,5/23/21 9:50,10.5,10.6,6.9
1415,5/23/21 10:00,10.6,10.6,6.91
1416,5/23/21 10:10,10.6,10.6,6.95
1417,5/23/21 10:20,10.6,10.6,6.96
1418,5/23/21 10:30,10.6,10.6,6.99
1419,5/23/21 10:40,10.6,10.6,6.99
1420,5/23/21 10:50,10.5,10.3,7.02
1421,5/23/21 11:00,10.6,10.6,7.02
1422,5/23/21 11:10,10.5,10.6,7.05
1423,5/23/21 11:20,10.6,10.6,7.06
1424,5/23/21 11:30,10.6,10.6,7.08
1425,5/23/21 11:40,10.7,10.6,7.1
1426,5/23/21 11:50,10.7,10.6,7.12
1427,5/23/21 12:00,10.8,10.6,7.13
1428,5/23/21 12:10,10.7,10.6,7.14
1429,5/23/21 12:20,10.8,10.6,7.14
1430,5/23/21 12:30,10.8,10.6,7.15
1431,5/23/21 12:40,10.8,10.6,7.17
1432,5/23/21 12:50,10.8,10.6,7.19
1433,5/23/21 13:00,10.8,10.6,7.21
1434,5/23/21 13:10,10.8,10.6,7.19
1435,5/23/21 13:20,10.8,10.6,7.21
1436,5/23/21 13:30,10.8,10.6,7.22
1437,5/23/21 13:40,10.8,10.6,7.22
1438,5/23/21 13:50,10.8,10.6,7.22
1439,5/23/21 14:00,10.8,10.6,7.22
1440,5/23/21 14:10,10.8,10.6,7.22
1441,5/23/21 14:20,10.8,10.6,7.22
1442,5/23/21 14:30,10.9,10.6,7.21
1443,5/23/21 14:40,10.8,10.6,7.19
1444,5/23/21 14:50,10.8,10.6,7.18
1445,5/23/21 15:00,10.8,10.6,7.18
1446,5/23/21 15:10,10.8,10.6,7.17
1447,5/23/21 15:20,10.8,10.6,7.15
1448,5/23/21 15:30,10.8,10.6,7.14
1449,5/23/21 15:40,10.8,10.6,7.12
1450,5/23/21 15:50,10.8,10.6,7.09
1451,5/23/21 16:00,10.8,10.6,7.09
1452,5/23/21 16:10,10.8,10.6,7.08
1453,5/23/21 16:20,10.8,10.6,7.06
1454,5/23/21 16:30,10.8,10.6,7.08
1455,5/23/21 16:40,10.8,10.6,7.06
1456,5/23/21 16:50,10.8,10.6,7.06
1457,5/23/21 17:00,10.8,10.6,7.05
1458,5/23/21 17:10,10.8,10.6,7.04
1459,5/23/21 17:20,10.8,10.6,7.05
1460,5/23/21 17:30,10.7,10.6,7.04
1461,5/23/21 17:40,10.8,10.6,7.04
1462,5/23/21 17:50,10.7,10.6,7.04
1463,5/23/21 18:00,10.8,10.6,7.02
1464,5/23/21 18:10,10.6,10.6,7.02
1465,5/23/21 18:20,10.7,10.6,7.01
1466,5/23/21 18:30,10.7,10.6,7
1467,5/23/21 18:40,10.7,10.6,7
1468,5/23/21 18:50,10.7,10.6,6.99
1469,5/23/21 19:00,10.7,9.9,6.99
1470,5/23/21 19:10,10.6,10.6,6.97
1471,5/23/21 19:20,10.6,10.6,6.95
1472,5/23/21 19:30,10.6,10.6,6.93
1473,5/23/21 19:40,10.6,10.6,6.92
1474,5/23/21 19:50,10.6,10.6,6.92
1475,5/23/21 20:00,10.6,10.6,6.91
1476,5/23/21 20:10,10.6,10.6,6.9
1477,5/23/21 20:20,10.6,10.6,6.9
1478,5/23/21 20:30,10.6,10.6,6.87
1479,5/23/21 20:40,10.6,10.6,6.84
1480,5/23/21 20:50,10.6,10.3,6.83
1481,5/23/21 21:00,10.5,10.6,6.83
1482,5/23/21 21:10,10.6,9.9,6.82
1483,5/23/21 21:20,10.5,10.6,6.79
1484,5/23/21 21:30,10.5,10.6,6.75
1485,5/23/21 21:40,10.5,10.6,6.74
1486,5/23/21 21:50,10.6,10.6,6.73
1487,5/23/21 22:00,10.5,10.6,6.72
1488,5/23/21 22:10,10.5,10.6,6.68
1489,5/23/21 22:20,10.4,10.3,6.65
1490,5/23/21 22:30,10.5,10.3,6.64
1491,5/23/21 22:40,10.4,10.6,6.61
1492,5/23/21 22:50,10.4,10.3,6.6
1493,5/23/21 23:00,10.3,10.7,6.57
1494,5/23/21 23:10,10.3,10.3,6.56
1495,5/23/21 23:20,10.4,10.3,6.53
1496,5/23/21 23:30,10.3,10.3,6.51
1497,5/23/21 23:40,10.3,10.3,6.48
1498,5/23/21 23:50,10.3,10.3,6.47
1499,5/24/21 0:00,10.3,10.3,6.44
1500,5/24/21 0:10,10.4,10.3,6.43
1501,5/24/21 0:20,10.3,10.3,6.41
1502,5/24/21 0:30,10.3,10.3,6.39
1503,5/24/21 0:40,10.3,10.3,6.37
1504,5/24/21 0:50,10.3,10.3,6.35
1505,5/24/21 1:00,10.3,10.3,6.33
1506,5/24/21 1:10,10.3,10.3,6.32
1507,5/24/21 1:20,10.3,10.3,6.3
1508,5/24/21 1:30,10.3,10.3,6.29
1509,5/24/21 1:40,10.3,10.3,6.28
1510,5/24/21 1:50,10.3,10.3,6.25
1511,5/24/21 2:00,10.2,10.3,6.22
1512,5/24/21 2:10,10.2,10.3,6.21
1513,5/24/21 2:20,10.2,10.3,6.21
1514,5/24/21 2:30,10.1,10.3,6.19
1515,5/24/21 2:40,10.1,10.3,6.17
1516,5/24/21 2:50,10.1,9.9,6.16
1517,5/24/21 3:00,10.1,10.3,6.15
1518,5/24/21 3:10,10.2,10.3,6.13
1519,5/24/21 3:20,10.1,9.9,6.12
1520,5/24/21 3:30,10.1,10.3,6.1
1521,5/24/21 3:40,10.1,10.3,6.1
1522,5/24/21 3:50,10.1,10.3,6.07
1523,5/24/21 4:00,10.1,10.3,6.06
1524,5/24/21 4:10,10.1,10.3,6.04
1525,5/24/21 4:20,10,10.3,6.03
1526,5/24/21 4:30,10,10.3,6.03
1527,5/24/21 4:40,10,10.3,6.01
1528,5/24/21 4:50,10,9.9,6.01
1529,5/24/21 5:00,10,10.3,5.98
1530,5/24/21 5:10,10,10.3,5.98
1531,5/24/21 5:20,9.9,9.9,5.95
1532,5/24/21 5:30,10,10.3,5.94
1533,5/24/21 5:40,9.9,10.3,5.93
1534,5/24/21 5:50,10,9.9,5.92
1535,5/24/21 6:00,10,9.9,5.92
1536,5/24/21 6:10,9.9,9.9,5.89
1537,5/24/21 6:20,9.9,10.3,5.88
1538,5/24/21 6:30,9.9,10.3,5.86
1539,5/24/21 6:40,9.8,9.9,5.84
1540,5/24/21 6:50,9.9,10.3,5.84
1541,5/24/21 7:00,9.9,10.3,5.82
1542,5/24/21 7:10,9.8,10.3,5.81
1543,5/24/21 7:20,9.8,9.9,5.8
1544,5/24/21 7:30,9.9,10.3,5.8
1545,5/24/21 7:40,9.8,10.3,5.77
1546,5/24/21 7:50,9.9,10.3,5.77
1547,5/24/21 8:00,9.8,9.9,5.76
1548,5/24/21 8:10,9.8,10.3,5.75
1549,5/24/21 8:20,9.9,10.3,5.73
1550,5/24/21 8:30,9.8,10.3,5.73
1551,5/24/21 8:40,9.8,9.9,5.73
1552,5/24/21 8:50,9.8,9.9,5.72
1553,5/24/21 9:00,9.8,10.3,5.72
1554,5/24/21 9:10,9.8,9.9,5.72
1555,5/24/21 9:20,9.8,9.9,5.72
1556,5/24/21 9:30,9.8,9.9,5.72
1557,5/24/21 9:40,9.8,9.9,5.72
1558,5/24/21 9:50,9.8,9.9,5.72
1559,5/24/21 10:00,9.8,9.9,5.73
1560,5/24/21 10:10,9.8,10.3,5.75
1561,5/24/21 10:20,9.8,10.3,5.73
1562,5/24/21 10:30,9.8,9.9,5.75
1563,5/24/21 10:40,9.8,10.3,5.76
1564,5/24/21 10:50,9.8,9.9,5.77
1565,5/24/21 11:00,9.8,10.3,5.8
1566,5/24/21 11:10,9.8,9.9,5.8
1567,5/24/21 11:20,9.8,9.9,5.81
1568,5/24/21 11:30,9.7,9.5,5.82
1569,5/24/21 11:40,9.7,9.9,5.84
1570,5/24/21 11:50,9.8,9.9,5.86
1571,5/24/21 12:00,9.7,9.9,5.88
1572,5/24/21 12:10,9.7,9.9,5.89
1573,5/24/21 12:20,9.7,9.9,5.92
1574,5/24/21 12:30,9.6,10.3,5.94
1575,5/24/21 12:40,9.8,9.9,5.97
1576,5/24/21 12:50,9.7,10.3,5.98
1577,5/24/21 13:00,9.6,9.9,6.01
1578,5/24/21 13:10,9.6,9.9,6.01
1579,5/24/21 13:20,9.7,9.9,6.03
1580,5/24/21 13:30,9.7,10.3,6.06
1581,5/24/21 13:40,9.7,9.9,6.1
1582,5/24/21 13:50,9.7,10.3,6.11
1583,5/24/21 14:00,9.6,9.9,6.12
1584,5/24/21 14:10,9.7,10.3,6.15
1585,5/24/21 14:20,9.6,9.9,6.16
1586,5/24/21 14:30,9.7,9.9,6.19
1587,5/24/21 14:40,9.6,9.9,6.21
1588,5/24/21 14:50,9.6,9.9,6.21
1589,5/24/21 15:00,9.7,9.9,6.24
1590,5/24/21 15:10,9.7,9.9,6.26
1591,5/24/21 15:20,9.7,10.3,6.29
1592,5/24/21 15:30,9.7,9.9,6.3
1593,5/24/21 15:40,9.8,9.9,6.34
1594,5/24/21 15:50,9.7,9.9,6.34
1595,5/24/21 16:00,9.7,9.9,6.37
1596,5/24/21 16:10,9.8,9.9,6.38
1597,5/24/21 16:20,9.7,9.9,6.41
1598,5/24/21 16:30,9.7,9.5,6.43
1599,5/24/21 16:40,9.8,10.3,6.43
1600,5/24/21 16:50,9.7,9.9,6.46
1601,5/24/21 17:00,9.7,10.3,6.47
1602,5/24/21 17:10,9.8,9.9,6.48
1603,5/24/21 17:20,9.8,9.9,6.5
1604,5/24/21 17:30,9.7,9.9,6.51
1605,5/24/21 17:40,9.8,10.3,6.52
1606,5/24/21 17:50,9.8,10.3,6.55
1607,5/24/21 18:00,9.8,9.9,6.55
1608,5/24/21 18:10,9.8,9.9,6.56
1609,5/24/21 18:20,9.8,9.9,6.57
1610,5/24/21 18:30,9.8,10.3,6.59
1611,5/24/21 18:40,9.8,10.3,6.59
1612,5/24/21 18:50,9.8,10.3,6.59
1613,5/24/21 19:00,9.8,9.9,6.59
1614,5/24/21 19:10,9.8,10.3,6.6
1615,5/24/21 19:20,9.8,9.9,6.6
1616,5/24/21 19:30,9.8,9.9,6.6
1617,5/24/21 19:40,9.8,9.9,6.61
1618,5/24/21 19:50,9.8,10.3,6.6
1619,5/24/21 20:00,9.8,9.9,6.64
1620,5/24/21 20:10,9.8,9.9,6.61
1621,5/24/21 20:20,9.8,9.9,6.61
1622,5/24/21 20:30,9.8,9.9,6.62
1623,5/24/21 20:40,9.8,10.3,6.62
1624,5/24/21 20:50,9.8,9.9,6.61
1625,5/24/21 21:00,9.8,9.9,6.62
1626,5/24/21 21:10,9.8,10.3,6.6
1627,5/24/21 21:20,9.8,9.9,6.6
1628,5/24/21 21:30,9.8,9.9,6.6
1629,5/24/21 21:40,9.7,9.9,6.59
1630,5/24/21 21:50,9.8,9.9,6.57
1631,5/24/21 22:00,9.8,9.9,6.57
1632,5/24/21 22:10,9.8,10.3,6.57
1633,5/24/21 22:20,9.8,10.3,6.55
1634,5/24/21 22:30,9.7,9.9,6.53
1635,5/24/21 22:40,9.8,9.9,6.53
1636,5/24/21 22:50,9.8,10.3,6.53
1637,5/24/21 23:00,9.8,9.9,6.51
1638,5/24/21 23:10,9.8,9.9,6.51
1639,5/24/21 23:20,9.7,10.3,6.5
1640,5/24/21 23:30,9.7,9.9,6.48
1641,5/24/21 23:40,9.8,10.3,6.47
1642,5/24/21 23:50,9.7,9.9,6.46
1643,5/25/21 0:00,9.8,9.9,6.46
1644,5/25/21 0:10,9.8,9.9,6.42
1645,5/25/21 0:20,9.7,9.9,6.41
1646,5/25/21 0:30,9.7,10.3,6.41
1647,5/25/21 0:40,9.8,10.3,6.39
1648,5/25/21 0:50,9.7,9.9,6.39
1649,5/25/21 1:00,9.6,10.3,6.37
1650,5/25/21 1:10,9.8,10.3,6.35
1651,5/25/21 1:20,9.6,9.5,6.34
1652,5/25/21 1:30,9.7,10.3,6.32
1653,5/25/21 1:40,9.6,9.9,6.32
1654,5/25/21 1:50,9.7,9.5,6.3
1655,5/25/21 2:00,9.7,9.9,6.3
1656,5/25/21 2:10,9.6,9.9,6.29
1657,5/25/21 2:20,9.6,9.9,6.26
1658,5/25/21 2:30,9.6,10.3,6.26
1659,5/25/21 2:40,9.6,9.9,6.24
1660,5/25/21 2:50,9.6,10.3,6.22
1661,5/25/21 3:00,9.6,9.9,6.21
1662,5/25/21 3:10,9.6,10.3,6.2
1663,5/25/21 3:20,9.6,9.9,6.19
1664,5/25/21 3:30,9.6,9.9,6.17
1665,5/25/21 3:40,9.6,9.9,6.16
1666,5/25/21 3:50,9.6,9.9,6.15
1667,5/25/21 4:00,9.6,9.9,6.13
1668,5/25/21 4:10,9.6,9.9,6.13
1669,5/25/21 4:20,9.5,9.9,6.12
1670,5/25/21 4:30,9.5,10.3,6.11
1671,5/25/21 4:40,9.6,9.9,6.08
1672,5/25/21 4:50,9.5,10.3,6.08
1673,5/25/21 5:00,9.5,9.9,6.08
1674,5/25/21 5:10,9.5,9.9,6.07
1675,5/25/21 5:20,9.5,9.5,6.06
1676,5/25/21 5:30,9.6,9.9,6.06
1677,5/25/21 5:40,9.6,9.5,6.01
1678,5/25/21 5:50,9.5,9.5,6.02
1679,5/25/21 6:00,9.5,9.5,6.02
1680,5/25/21 6:10,9.6,9.9,5.99
1681,5/25/21 6:20,9.5,9.9,6.02
1682,5/25/21 6:30,9.5,9.5,5.99
1683,5/25/21 6:40,9.5,9.5,5.98
1684,5/25/21 6:50,9.5,9.9,5.98
1685,5/25/21 7:00,9.5,9.5,5.97
1686,5/25/21 7:10,9.5,9.9,5.94
1687,5/25/21 7:20,9.5,9.5,5.94
1688,5/25/21 7:30,9.5,9.9,5.93
1689,5/25/21 7:40,9.5,9.5,5.92
1690,5/25/21 7:50,9.5,9.5,5.9
1691,5/25/21 8:00,9.5,9.5,5.89
1692,5/25/21 8:10,9.4,10.3,5.88
1693,5/25/21 8:20,9.5,9.5,5.88
1694,5/25/21 8:30,9.4,9.9,5.86
1695,5/25/21 8:40,9.5,10.3,5.86
1696,5/25/21 8:50,9.4,10.3,5.86
1697,5/25/21 9:00,9.5,9.5,5.86
1698,5/25/21 9:10,9.5,9.5,5.86
1699,5/25/21 9:20,9.4,9.9,5.86
1700,5/25/21 9:30,9.5,9.5,5.88
1701,5/25/21 9:40,9.5,9.5,5.88
1702,5/25/21 9:50,9.5,9.5,5.86
1703,5/25/21 10:00,9.4,9.5,5.88
1704,5/25/21 10:10,9.5,9.5,5.88
1705,5/25/21 10:20,9.4,9.5,5.88
1706,5/25/21 10:30,9.4,9.5,5.89
1707,5/25/21 10:40,9.4,9.5,5.89
1708,5/25/21 10:50,9.4,9.5,5.9
1709,5/25/21 11:00,9.5,10.3,5.92
1710,5/25/21 11:10,9.4,9.5,5.93
1711,5/25/21 11:20,9.5,9.5,5.94
1712,5/25/21 11:30,9.5,9.5,5.97
1713,5/25/21 11:40,9.5,9.5,5.98
1714,5/25/21 11:50,9.5,9.5,5.99
1715,5/25/21 12:00,9.4,9.5,6.01
1716,5/25/21 12:10,9.5,10.3,6.03
1717,5/25/21 12:20,9.5,9.9,6.04
1718,5/25/21 12:30,9.5,10.3,6.07
1719,5/25/21 12:40,9.5,9.9,6.08
1720,5/25/21 12:50,9.5,9.9,6.12
1721,5/25/21 13:00,9.4,9.5,6.13
1722,5/25/21 13:10,9.5,9.5,6.15
1723,5/25/21 13:20,9.5,9.5,6.17
1724,5/25/21 13:30,9.5,9.9,6.21
1725,5/25/21 13:40,9.5,10.3,6.22
1726,5/25/21 13:50,9.4,9.5,6.24
1727,5/25/21 14:00,9.5,9.5,6.26
1728,5/25/21 14:10,9.4,9.5,6.28
1729,5/25/21 14:20,9.5,9.5,6.3
1730,5/25/21 14:30,9.4,10.3,6.33
1731,5/25/21 14:40,9.4,9.5,6.35
1732,5/25/21 14:50,9.4,9.5,6.38
1733,5/25/21 15:00,9.4,9.5,6.39
1734,5/25/21 15:10,9.3,9.5,6.41
1735,5/25/21 15:20,9.3,9.9,6.43
1736,5/25/21 15:30,9.3,9.5,6.46
1737,5/25/21 15:40,9.4,9.5,6.48
1738,5/25/21 15:50,9.3,9.5,6.5
1739,5/25/21 16:00,9.3,9.5,6.51
1740,5/25/21 16:10,9.3,9.5,6.53
1741,5/25/21 16:20,9.3,9.5,6.57
1742,5/25/21 16:30,9.5,10.3,6.59
1743,5/25/21 16:40,9.4,9.9,6.61
1744,5/25/21 16:50,9.4,9.5,6.61
1745,5/25/21 17:00,9.4,9.5,6.64
1746,5/25/21 17:10,9.4,10.3,6.65
1747,5/25/21 17:20,9.4,9.9,6.66
1748,5/25/21 17:30,9.4,9.5,6.66
1749,5/25/21 17:40,9.5,9.5,6.69
1750,5/25/21 17:50,9.5,9.5,6.7
1751,5/25/21 18:00,9.5,9.5,6.72
1752,5/25/21 18:10,9.5,9.9,6.73
1753,5/25/21 18:20,9.4,10.3,6.74
1754,5/25/21 18:30,9.5,9.9,6.75
1755,5/25/21 18:40,9.5,10.3,6.77
1756,5/25/21 18:50,9.4,10.3,6.78
1757,5/25/21 19:00,9.5,9.9,6.78
1758,5/25/21 19:10,9.5,10.3,6.78
1759,5/25/21 19:20,9.4,9.5,6.81
1760,5/25/21 19:30,9.5,10.3,6.82
1761,5/25/21 19:40,9.5,9.5,6.82
1762,5/25/21 19:50,9.5,10.3,6.84
1763,5/25/21 20:00,9.5,9.5,6.84
1764,5/25/21 20:10,9.5,9.9,6.83
1765,5/25/21 20:20,9.5,9.9,6.86
1766,5/25/21 20:30,9.5,9.5,6.86
1767,5/25/21 20:40,9.5,10.3,6.86
1768,5/25/21 20:50,9.5,9.5,6.86
1769,5/25/21 21:00,9.5,10.3,6.87
1770,5/25/21 21:10,9.5,9.9,6.86
1771,5/25/21 21:20,9.5,10.3,6.87
1772,5/25/21 21:30,9.5,9.5,6.87
1773,5/25/21 21:40,9.5,9.5,6.87
1774,5/25/21 21:50,9.5,10.3,6.87
1775,5/25/21 22:00,9.4,9.9,6.86
1776,5/25/21 22:10,9.5,9.9,6.86
1777,5/25/21 22:20,9.5,9.9,6.86
1778,5/25/21 22:30,9.5,9.9,6.84
1779,5/25/21 22:40,9.5,9.9,6.84
1780,5/25/21 22:50,9.5,9.5,6.83
1781,5/25/21 23:00,9.5,9.9,6.83
1782,5/25/21 23:10,9.5,9.5,6.81
1783,5/25/21 23:20,9.5,9.9,6.81
1784,5/25/21 23:30,9.5,10.3,6.81
1785,5/25/21 23:40,9.4,9.5,6.79
1786,5/25/21 23:50,9.5,9.5,6.79
1787,5/26/21 0:00,9.4,9.5,6.77
1788,5/26/21 0:10,9.4,10.3,6.75
1789,5/26/21 0:20,9.4,9.5,6.74
1790,5/26/21 0:30,9.4,9.5,6.74
1791,5/26/21 0:40,9.3,9.5,6.74
1792,5/26/21 0:50,9.3,9.5,6.73
1793,5/26/21 1:00,9.4,9.5,6.7
1794,5/26/21 1:10,9.4,9.5,6.69
1795,5/26/21 1:20,9.4,9.5,6.68
1796,5/26/21 1:30,9.3,9.5,6.66
1797,5/26/21 1:40,9.3,9.5,6.65
1798,5/26/21 1:50,9.3,9.5,6.65
1799,5/26/21 2:00,9.3,9.5,6.65
1800,5/26/21 2:10,9.3,9.5,6.64
1801,5/26/21 2:20,9.3,9.5,6.62
1802,5/26/21 2:30,9.3,9.5,6.61
1803,5/26/21 2:40,9.3,9.5,6.62
1804,5/26/21 2:50,9.3,9.5,6.6
1805,5/26/21 3:00,9.3,9.5,6.59
1806,5/26/21 3:10,9.3,9.5,6.57
1807,5/26/21 3:20,9.3,9.5,6.56
1808,5/26/21 3:30,9.3,9.5,6.55
1809,5/26/21 3:40,9.3,9.5,6.55
1810,5/26/21 3:50,9.3,9.5,6.53
1811,5/26/21 4:00,9.3,9.5,6.52
1812,5/26/21 4:10,9.3,9.5,6.51
1813,5/26/21 4:20,9.3,9.5,6.51
1814,5/26/21 4:30,9.2,9.5,6.5
1815,5/26/21 4:40,9.3,9.5,6.48
1816,5/26/21 4:50,9.3,9.5,6.48
1817,5/26/21 5:00,9.3,9.5,6.46
1818,5/26/21 5:10,9.2,9.5,6.44
1819,5/26/21 5:20,9.3,9.5,6.44
1820,5/26/21 5:30,9.2,9.5,6.43
1821,5/26/21 5:40,9.2,9.5,6.43
1822,5/26/21 5:50,9.2,9.5,6.42
1823,5/26/21 6:00,9.2,9.5,6.41
1824,5/26/21 6:10,9.2,9.5,6.41
1825,5/26/21 6:20,9.2,9.5,6.39
1826,5/26/21 6:30,9.2,9.5,6.38
1827,5/26/21 6:40,9.2,9.5,6.38
1828,5/26/21 6:50,9.2,9.5,6.37
1829,5/26/21 7:00,9.1,9.5,6.35
1830,5/26/21 7:10,9.1,9.5,6.35
1831,5/26/21 7:20,9.2,9.5,6.34
1832,5/26/21 7:30,9.2,9.5,6.35
1833,5/26/21 7:40,9.2,9.5,6.34
1834,5/26/21 7:50,9.2,9.5,6.34
1835,5/26/21 8:00,9.1,9.5,6.33
1836,5/26/21 8:10,9.2,9.5,6.34
1837,5/26/21 8:20,9.2,9.5,6.33
1838,5/26/21 8:30,9.2,9.5,6.32
1839,5/26/21 8:40,9.2,9.5,6.33
1840,5/26/21 8:50,9.3,9.5,6.33
1841,5/26/21 9:00,9.2,9.5,6.34
1842,5/26/21 9:10,9.2,9.5,6.34
1843,5/26/21 9:20,9.2,9.5,6.34
1844,5/26/21 9:30,9.3,9.5,6.34
1845,5/26/21 9:40,9.2,9.5,6.34
1846,5/26/21 9:50,9.2,9.5,6.35
1847,5/26/21 10:00,9.2,9.5,6.37
1848,5/26/21 10:10,9.2,9.5,6.38
1849,5/26/21 10:20,9.3,9.5,6.41
1850,5/26/21 10:30,9.3,9.5,6.42
1851,5/26/21 10:40,9.2,9.5,6.43
1852,5/26/21 10:50,9.3,9.5,6.43
1853,5/26/21 11:00,9.3,9.5,6.46
1854,5/26/21 11:10,9.3,9.5,6.48
1855,5/26/21 11:20,9.3,9.5,6.5
1856,5/26/21 11:30,9.3,9.5,6.51
1857,5/26/21 11:40,9.3,9.5,6.52
1858,5/26/21 11:50,9.3,9.5,6.53
1859,5/26/21 12:00,9.3,9.5,6.56
1860,5/26/21 12:10,9.2,9.9,6.56
1861,5/26/21 12:20,9.2,9.5,6.6
1862,5/26/21 12:30,9.3,9.5,6.6
1863,5/26/21 12:40,9.3,9.5,6.62
1864,5/26/21 12:50,9.3,9.5,6.64
1865,5/26/21 13:00,9.3,10.3,6.66
1866,5/26/21 13:10,9.3,9.5,6.68
1867,5/26/21 13:20,9.3,9.5,6.7
1868,5/26/21 13:30,9.3,9.5,6.72
1869,5/26/21 13:40,9.3,9.5,6.74
1870,5/26/21 13:50,9.3,9.5,6.75
1871,5/26/21 14:00,9.3,9.5,6.78
1872,5/26/21 14:10,9.3,9.5,6.78
1873,5/26/21 14:20,9.3,9.5,6.81
1874,5/26/21 14:30,9.3,10.3,6.82
1875,5/26/21 14:40,9.2,9.5,6.82
1876,5/26/21 14:50,9.3,9.5,6.83
1877,5/26/21 15:00,9.3,9.5,6.84
1878,5/26/21 15:10,9.3,9.5,6.86
1879,5/26/21 15:20,9.3,9.5,6.88
1880,5/26/21 15:30,9.3,9.5,6.9
1881,5/26/21 15:40,9.3,9.5,6.9
1882,5/26/21 15:50,9.3,9.5,6.92
1883,5/26/21 16:00,9.3,9.5,6.92
1884,5/26/21 16:10,9.3,9.5,6.93
1885,5/26/21 16:20,9.3,9.5,6.95
1886,5/26/21 16:30,9.3,9.5,6.95
1887,5/26/21 16:40,9.3,9.5,6.96
1888,5/26/21 16:50,9.3,9.5,6.99
1889,5/26/21 17:00,9.3,9.5,6.99
1890,5/26/21 17:10,9.3,9.5,6.99
1891,5/26/21 17:20,9.3,9.5,6.99
1892,5/26/21 17:30,9.3,9.5,7
1893,5/26/21 17:40,9.3,9.5,7.01
1894,5/26/21 17:50,9.3,9.5,7.02
1895,5/26/21 18:00,9.3,9.5,7.02
1896,5/26/21 18:10,9.3,9.5,7.04
1897,5/26/21 18:20,9.3,9.5,7.04
1898,5/26/21 18:30,9.3,9.5,7.05
1899,5/26/21 18:40,9.3,9.5,7.06
1900,5/26/21 18:50,9.3,9.5,7.06
1901,5/26/21 19:00,9.3,9.5,7.08
1902,5/26/21 19:10,9.3,9.5,7.08
1903,5/26/21 19:20,9.3,9.5,7.09
1904,5/26/21 19:30,9.3,9.5,7.09
1905,5/26/21 19:40,9.3,9.5,7.1
1906,5/26/21 19:50,9.3,9.5,7.1
1907,5/26/21 20:00,9.3,9.5,7.1
1908,5/26/21 20:10,9.3,9.5,7.1
1909,5/26/21 20:20,9.3,9.5,7.12
1910,5/26/21 20:30,9.3,9.5,7.12
1911,5/26/21 20:40,9.3,9.5,7.12
1912,5/26/21 20:50,9.3,10.3,7.12
1913,5/26/21 21:00,9.3,9.5,7.12
1914,5/26/21 21:10,9.3,9.5,7.12
1915,5/26/21 21:20,9.3,9.5,7.12
1916,5/26/21 21:30,9.3,9.5,7.12
1917,5/26/21 21:40,9.3,9.5,7.1
1918,5/26/21 21:50,9.2,9.5,7.09
1919,5/26/21 22:00,9.3,9.5,7.09
1920,5/26/21 22:10,9.3,9.5,7.08
1921,5/26/21 22:20,9.2,9.5,7.06
1922,5/26/21 22:30,9.2,9.5,7.05
1923,5/26/21 22:40,9.2,9.5,7.04
1924,5/26/21 22:50,9.3,9.5,7.04
1925,5/26/21 23:00,9.3,9.5,7.02
1926,5/26/21 23:10,9.3,9.5,7.02
1927,5/26/21 23:20,9.2,9.5,7.01
1928,5/26/21 23:30,9.3,9.5,7
1929,5/26/21 23:40,9.2,9.5,6.99
1930,5/26/21 23:50,9.2,9.5,7
1931,5/27/21 0:00,9.3,9.5,6.99
1932,5/27/21 0:10,9.2,9.5,7
1933,5/27/21 0:20,9.3,9.5,6.99
1934,5/27/21 0:30,9.3,9.5,6.99
1935,5/27/21 0:40,9.2,9.5,6.97
1936,5/27/21 0:50,9.2,9.5,6.96
1937,5/27/21 1:00,9.3,9.5,6.95
1938,5/27/21 1:10,9.2,9.5,6.95
1939,5/27/21 1:20,9.2,9.5,6.95
1940,5/27/21 1:30,9.2,9.5,6.95
1941,5/27/21 1:40,9.2,9.5,6.93
1942,5/27/21 1:50,9.2,9.5,6.91
1943,5/27/21 2:00,9.2,9.5,6.91
1944,5/27/21 2:10,9.2,9.5,6.91
1945,5/27/21 2:20,9.2,9.5,6.88
1946,5/27/21 2:30,9.2,9.5,6.87
1947,5/27/21 2:40,9.2,9.5,6.87
1948,5/27/21 2:50,9.1,9.5,6.86
1949,5/27/21 3:00,9.2,9.5,6.86
1950,5/27/21 3:10,9.1,9.5,6.86
1951,5/27/21 3:20,9.1,9.5,6.83
1952,5/27/21 3:30,9.1,9.5,6.82
1953,5/27/21 3:40,9.1,9.5,6.82
1954,5/27/21 3:50,9.1,9.5,6.81
1955,5/27/21 4:00,9.1,9.5,6.79
1956,5/27/21 4:10,9.1,9.5,6.78
1957,5/27/21 4:20,9.1,9.5,6.77
1958,5/27/21 4:30,9.1,9.5,6.75
1959,5/27/21 4:40,9.1,9.5,6.74
1960,5/27/21 4:50,9.1,9.5,6.73
1961,5/27/21 5:00,9.1,9.5,6.73
1962,5/27/21 5:10,9,9.5,6.72
1963,5/27/21 5:20,9,9.5,6.72
1964,5/27/21 5:30,9.1,9.5,6.69
1965,5/27/21 5:40,9.1,9.5,6.68
1966,5/27/21 5:50,9,9.5,6.66
1967,5/27/21 6:00,9,9.5,6.65
1968,5/27/21 6:10,9.1,9.5,6.65
1969,5/27/21 6:20,9,9.5,6.64
1970,5/27/21 6:30,9,9.5,6.61
1971,5/27/21 6:40,9,9.5,6.62
1972,5/27/21 6:50,9,9.5,6.59
1973,5/27/21 7:00,9,9.5,6.59
1974,5/27/21 7:10,9.1,9.5,6.59
1975,5/27/21 7:20,9,9.5,6.57
1976,5/27/21 7:30,9,9.5,6.56
1977,5/27/21 7:40,9,9.5,6.56
1978,5/27/21 7:50,9,9.5,6.55
1979,5/27/21 8:00,9,9.5,6.53
1980,5/27/21 8:10,9.1,9.5,6.52
1981,5/27/21 8:20,9,9.5,6.53
1982,5/27/21 8:30,9,9.5,6.53
1983,5/27/21 8:40,9,9.5,6.53
1984,5/27/21 8:50,9,9.5,6.51
1985,5/27/21 9:00,9,9.5,6.52
1986,5/27/21 9:10,9,9.5,6.52
1987,5/27/21 9:20,9,9.5,6.52
1988,5/27/21 9:30,8.9,9.5,6.52
1989,5/27/21 9:40,9,9.5,6.52
1990,5/27/21 9:50,9,9.5,6.53
1991,5/27/21 10:00,9,9.5,6.52
1992,5/27/21 10:10,9,9.5,6.53
1993,5/27/21 10:20,9,9.5,6.52
1994,5/27/21 10:30,9,9.5,6.53
1995,5/27/21 10:40,9,9.5,6.55
1996,5/27/21 10:50,9,9.5,6.55
1997,5/27/21 11:00,9,9.5,6.55
1998,5/27/21 11:10,9,10.3,6.56
1999,5/27/21 11:20,9,9.5,6.56
2000,5/27/21 11:30,9,9.5,6.57
2001,5/27/21 11:40,9,9.5,6.59
2002,5/27/21 11:50,9,9.5,6.59
2003,5/27/21 12:00,9,9.5,6.6
2004,5/27/21 12:10,9,9.5,6.6
2005,5/27/21 12:20,9,9.5,6.61
2006,5/27/21 12:30,8.9,9.5,6.62
2007,5/27/21 12:40,9,9.5,6.62
2008,5/27/21 12:50,9,9.5,6.65
2009,5/27/21 13:00,9,9.5,6.66
2010,5/27/21 13:10,9,9.5,6.69
2011,5/27/21 13:20,9,9.5,6.7
2012,5/27/21 13:30,9,9.5,6.72
2013,5/27/21 13:40,9,9.5,6.73
2014,5/27/21 13:50,9,9.5,6.75
2015,5/27/21 14:00,9.1,9.5,6.75
2016,5/27/21 14:10,9,9.5,6.77
2017,5/27/21 14:20,9,9.5,6.79
2018,5/27/21 14:30,9,9.5,6.81
2019,5/27/21 14:40,9,9.5,6.82
2020,5/27/21 14:50,9,9.5,6.82
2021,5/27/21 15:00,9,9.5,6.86
2022,5/27/21 15:10,9,9.5,6.87
2023,5/27/21 15:20,9,9.5,6.9
2024,5/27/21 15:30,9.1,9.5,6.9
2025,5/27/21 15:40,9.1,9.5,6.91
2026,5/27/21 15:50,9,9.5,6.93
2027,5/27/21 16:00,9.1,9.5,6.95
2028,5/27/21 16:10,9.1,9.5,6.97
2029,5/27/21 16:20,9.1,9.5,7
2030,5/27/21 16:30,9.1,9.5,7.04
2031,5/27/21 16:40,9,9.5,7.04
2032,5/27/21 16:50,9,9.5,7.06
2033,5/27/21 17:00,9.1,9.5,7.09
2034,5/27/21 17:10,9.1,9.5,7.12
2035,5/27/21 17:20,9.1,9.5,7.13
2036,5/27/21 17:30,9.1,9.5,7.14
2037,5/27/21 17:40,9.1,9.5,7.17
2038,5/27/21 17:50,9.1,9.5,7.18
2039,5/27/21 18:00,9.2,9.5,7.21
2040,5/27/21 18:10,9.2,9.5,7.22
2041,5/27/21 18:20,9.1,9.5,7.23
2042,5/27/21 18:30,9.1,9.5,7.26
2043,5/27/21 18:40,9.1,9.5,7.27
2044,5/27/21 18:50,9.1,9.5,7.3
2045,5/27/21 19:00,9.2,9.5,7.31
2046,5/27/21 19:10,9.1,9.5,7.33
2047,5/27/21 19:20,9.2,9.5,7.33
2048,5/27/21 19:30,9.1,9.5,7.36
2049,5/27/21 19:40,9.2,9.5,7.37
2050,5/27/21 19:50,9.1,9.5,7.37
2051,5/27/21 20:00,9.2,9.5,7.4
2052,5/27/21 20:10,9.1,9.5,7.41
2053,5/27/21 20:20,9.1,9.5,7.43
2054,5/27/21 20:30,9.2,9.5,7.43
2055,5/27/21 20:40,9.1,9.5,7.44
2056,5/27/21 20:50,9.1,9.5,7.44
2057,5/27/21 21:00,9.1,9.5,7.44
2058,5/27/21 21:10,9.1,9.5,7.44
2059,5/27/21 21:20,9.1,9.5,7.44
2060,5/27/21 21:30,9.1,9.5,7.43
2061,5/27/21 21:40,9.1,9.5,7.41
2062,5/27/21 21:50,9.1,9.5,7.4
2063,5/27/21 22:00,9.2,9.5,7.41
2064,5/27/21 22:10,9.1,9.5,7.39
2065,5/27/21 22:20,9.1,9.5,7.39
2066,5/27/21 22:30,9.1,9.5,7.37
2067,5/27/21 22:40,9.1,9.5,7.37
2068,5/27/21 22:50,9.1,9.5,7.36
2069,5/27/21 23:00,9.1,9.5,7.35
2070,5/27/21 23:10,9,9.5,7.36
2071,5/27/21 23:20,9.1,9.5,7.35
2072,5/27/21 23:30,9.1,9.5,7.32
2073,5/27/21 23:40,9,9.5,7.32
2074,5/27/21 23:50,9.1,9.5,7.31
2075,5/28/21 0:00,9,9.5,7.28
2076,5/28/21 0:10,9,9.5,7.28
2077,5/28/21 0:20,9.1,9.5,7.28
2078,5/28/21 0:30,9,9.5,7.26
2079,5/28/21 0:40,9,9.5,7.26
2080,5/28/21 0:50,9,9.5,7.24
2081,5/28/21 1:00,9,9.5,7.22
2082,5/28/21 1:10,9,9.5,7.21
2083,5/28/21 1:20,9,9.5,7.19
2084,5/28/21 1:30,9,9.5,7.18
2085,5/28/21 1:40,9,9.5,7.17
2086,5/28/21 1:50,9,9.5,7.17
2087,5/28/21 2:00,9,9.5,7.13
2088,5/28/21 2:10,9,9.5,7.14
2089,5/28/21 2:20,9,9.5,7.12
2090,5/28/21 2:30,9,9.5,7.12
2091,5/28/21 2:40,9,9.5,7.09
2092,5/28/21 2:50,9,9.5,7.08
2093,5/28/21 3:00,9,9.5,7.08
2094,5/28/21 3:10,9,9.5,7.05
2095,5/28/21 3:20,9,9.5,7.04
2096,5/28/21 3:30,9,9.5,7.04
2097,5/28/21 3:40,9,9.5,7.01
2098,5/28/21 3:50,9,9.5,7.02
2099,5/28/21 4:00,9,10.3,7
2100,5/28/21 4:10,9,9.5,6.99
2101,5/28/21 4:20,9,9.5,6.97
2102,5/28/21 4:30,9,9.5,6.97
2103,5/28/21 4:40,9,9.5,6.97
2104,5/28/21 4:50,8.9,9.5,6.96
2105,5/28/21 5:00,8.9,9.5,6.95
2106,5/28/21 5:10,8.9,9.5,6.95
2107,5/28/21 5:20,8.9,9.5,6.93
2108,5/28/21 5:30,9,9.5,6.93
2109,5/28/21 5:40,9,9.5,6.92
2110,5/28/21 5:50,9,9.5,6.91
2111,5/28/21 6:00,9,9.5,6.88
2112,5/28/21 6:10,9,9.5,6.88
2113,5/28/21 6:20,8.9,9.5,6.87
2114,5/28/21 6:30,8.9,9.5,6.84
2115,5/28/21 6:40,9,9.5,6.86
2116,5/28/21 6:50,8.8,9.5,6.84
2117,5/28/21 7:00,8.9,9.5,6.84
2118,5/28/21 7:10,8.9,9.5,6.83
2119,5/28/21 7:20,8.9,9.5,6.82
2120,5/28/21 7:30,8.9,9.5,6.81
2121,5/28/21 7:40,8.9,9.5,6.82
2122,5/28/21 7:50,8.8,9.5,6.81
2123,5/28/21 8:00,8.9,9.5,6.81
2124,5/28/21 8:10,8.8,9.5,6.79
2125,5/28/21 8:20,8.8,9.5,6.79
2126,5/28/21 8:30,8.8,9.5,6.79
2127,5/28/21 8:40,8.9,9.1,6.79
2128,5/28/21 8:50,8.8,9.5,6.78
2129,5/28/21 9:00,8.8,9.5,6.78
2130,5/28/21 9:10,8.8,9.5,6.78
2131,5/28/21 9:20,8.8,9.5,6.79
2132,5/28/21 9:30,8.8,9.5,6.79
2133,5/28/21 9:40,8.8,9.1,6.81
2134,5/28/21 9:50,8.9,9.5,6.81
2135,5/28/21 10:00,8.8,9.5,6.82
2136,5/28/21 10:10,8.8,9.5,6.82
2137,5/28/21 10:20,8.9,9.5,6.83
2138,5/28/21 10:30,8.8,9.5,6.84
2139,5/28/21 10:40,8.8,9.5,6.86
2140,5/28/21 10:50,8.8,9.5,6.87
2141,5/28/21 11:00,8.9,9.5,6.88
2142,5/28/21 11:10,8.8,9.5,6.91
2143,5/28/21 11:20,8.8,9.1,6.93
2144,5/28/21 11:30,8.9,9.5,6.95
2145,5/28/21 11:40,8.8,9.1,6.97
2146,5/28/21 11:50,8.9,9.5,7
2147,5/28/21 12:00,8.9,9.5,7.02
2148,5/28/21 12:10,8.9,9.5,7.04
2149,5/28/21 12:20,8.9,9.5,7.06
2150,5/28/21 12:30,8.9,9.5,7.08
2151,5/28/21 12:40,8.9,9.5,7.1
2152,5/28/21 12:50,9,9.5,7.13
2153,5/28/21 13:00,8.9,9.5,7.15
2154,5/28/21 13:10,9,9.5,7.18
2155,5/28/21 13:20,8.9,9.5,7.19
2156,5/28/21 13:30,9,9.5,7.22
2157,5/28/21 13:40,9,9.5,7.23
2158,5/28/21 13:50,9,9.5,7.24
2159,5/28/21 14:00,8.9,9.5,7.28
2160,5/28/21 14:10,9,9.5,7.3
2161,5/28/21 14:20,9,9.5,7.32
2162,5/28/21 14:30,9,9.5,7.35
2163,5/28/21 14:40,9,9.5,7.36
2164,5/28/21 14:50,9,9.5,7.39
2165,5/28/21 15:00,9.1,9.5,7.41
2166,5/28/21 15:10,9,9.5,7.41
2167,5/28/21 15:20,9,9.5,7.45
2168,5/28/21 15:30,9,9.5,7.46
2169,5/28/21 15:40,9.1,9.5,7.48
2170,5/28/21 15:50,9,9.5,7.49
2171,5/28/21 16:00,9,9.5,7.5
2172,5/28/21 16:10,9,9.5,7.52
2173,5/28/21 16:20,9.1,9.5,7.54
2174,5/28/21 16:30,9.1,9.5,7.55
2175,5/28/21 16:40,9,9.5,7.55
2176,5/28/21 16:50,9.1,9.5,7.58
2177,5/28/21 17:00,9,9.5,7.59
2178,5/28/21 17:10,9.1,9.5,7.61
2179,5/28/21 17:20,9.1,9.5,7.61
2180,5/28/21 17:30,9.1,9.5,7.63
2181,5/28/21 17:40,9.1,9.5,7.64
2182,5/28/21 17:50,9,9.5,7.66
2183,5/28/21 18:00,9.1,9.5,7.67
2184,5/28/21 18:10,9.1,9.5,7.67
2185,5/28/21 18:20,9.2,9.5,7.68
2186,5/28/21 18:30,9.2,9.5,7.7
2187,5/28/21 18:40,9.2,9.5,7.71
2188,5/28/21 18:50,9.1,9.5,7.72
2189,5/28/21 19:00,9.1,9.5,7.73
2190,5/28/21 19:10,9.2,9.5,7.73
2191,5/28/21 19:20,9.1,9.5,7.75
2192,5/28/21 19:30,9.1,9.5,7.76
2193,5/28/21 19:40,9.1,9.5,7.77
2194,5/28/21 19:50,9.1,9.5,7.79
2195,5/28/21 20:00,9.1,9.5,7.79
2196,5/28/21 20:10,9.2,9.5,7.8
2197,5/28/21 20:20,9.2,9.5,7.81
2198,5/28/21 20:30,9.1,9.5,7.83
2199,5/28/21 20:40,9.1,9.5,7.83
2200,5/28/21 20:50,9.1,9.5,7.83
2201,5/28/21 21:00,9.2,9.5,7.84
2202,5/28/21 21:10,9.1,9.5,7.84
2203,5/28/21 21:20,9.1,9.5,7.83
2204,5/28/21 21:30,9.1,9.5,7.84
2205,5/28/21 21:40,9.2,9.5,7.83
2206,5/28/21 21:50,9.1,9.5,7.83
2207,5/28/21 22:00,9.2,9.5,7.81
2208,5/28/21 22:10,9.1,9.5,7.81
2209,5/28/21 22:20,9.1,9.5,7.8
2210,5/28/21 22:30,9.1,9.5,7.79
2211,5/28/21 22:40,9.1,9.5,7.77
2212,5/28/21 22:50,9.1,9.5,7.77
2213,5/28/21 23:00,9.1,9.5,7.77
2214,5/28/21 23:10,9.1,9.5,7.76
2215,5/28/21 23:20,9.1,9.5,7.75
2216,5/28/21 23:30,9.1,9.5,7.75
2217,5/28/21 23:40,9.1,9.5,7.72
2218,5/28/21 23:50,9.1,10.3,7.72
2219,5/29/21 0:00,9,9.5,7.71
2220,5/29/21 0:10,9.1,9.5,7.7
2221,5/29/21 0:20,9.1,9.5,7.7
2222,5/29/21 0:30,9.1,9.5,7.67
2223,5/29/21 0:40,9.1,9.5,7.68
2224,5/29/21 0:50,9.1,9.5,7.67
2225,5/29/21 1:00,9.1,9.5,7.66
2226,5/29/21 1:10,9.1,9.5,7.64
2227,5/29/21 1:20,9.1,9.5,7.63
2228,5/29/21 1:30,9,9.5,7.63
2229,5/29/21 1:40,9.1,9.5,7.62
2230,5/29/21 1:50,9.1,9.5,7.61
2231,5/29/21 2:00,9.1,9.5,7.58
2232,5/29/21 2:10,9.1,9.5,7.57
2233,5/29/21 2:20,9,9.5,7.57
2234,5/29/21 2:30,9.1,9.5,7.55
2235,5/29/21 2:40,9.1,9.5,7.54
2236,5/29/21 2:50,9.1,9.5,7.52
2237,5/29/21 3:00,9,9.5,7.5
2238,5/29/21 3:10,9,9.5,7.49
2239,5/29/21 3:20,9,9.5,7.48
2240,5/29/21 3:30,9.1,9.5,7.48
2241,5/29/21 3:40,9,9.5,7.46
2242,5/29/21 3:50,9,9.5,7.44
2243,5/29/21 4:00,9,9.5,7.43
2244,5/29/21 4:10,9,9.5,7.41
2245,5/29/21 4:20,9,9.5,7.41
2246,5/29/21 4:30,9,9.5,7.39
2247,5/29/21 4:40,9,9.5,7.39
2248,5/29/21 4:50,9,9.5,7.37
2249,5/29/21 5:00,9,9.5,7.37
2250,5/29/21 5:10,9.1,9.5,7.36
2251,5/29/21 5:20,9,9.5,7.35
2252,5/29/21 5:30,9,9.5,7.32
2253,5/29/21 5:40,9,9.5,7.31
2254,5/29/21 5:50,9,9.5,7.3
2255,5/29/21 6:00,9,9.5,7.28
2256,5/29/21 6:10,9,9.5,7.27
2257,5/29/21 6:20,9,9.5,7.27
2258,5/29/21 6:30,9,9.5,7.27
2259,5/29/21 6:40,9,9.5,7.26
2260,5/29/21 6:50,9,9.5,7.24
2261,5/29/21 7:00,9,9.5,7.23
2262,5/29/21 7:10,9,9.5,7.22
2263,5/29/21 7:20,9,9.5,7.21
2264,5/29/21 7:30,9,9.5,7.21
2265,5/29/21 7:40,9,9.5,7.18
2266,5/29/21 7:50,9,9.5,7.18
2267,5/29/21 8:00,9,9.5,7.18
2268,5/29/21 8:10,9,9.5,7.15
2269,5/29/21 8:20,9,9.5,7.17
2270,5/29/21 8:30,9,9.5,7.17
2271,5/29/21 8:40,9,9.5,7.17
2272,5/29/21 8:50,9,9.5,7.15
2273,5/29/21 9:00,9,9.5,7.17
2274,5/29/21 9:10,9,9.5,7.17
2275,5/29/21 9:20,9,9.5,7.17
2276,5/29/21 9:30,9,9.5,7.17
2277,5/29/21 9:40,9,9.5,7.18
2278,5/29/21 9:50,9,9.5,7.18
2279,5/29/21 10:00,9,9.5,7.19
2280,5/29/21 10:10,9,9.5,7.21
2281,5/29/21 10:20,9,9.5,7.22
2282,5/29/21 10:30,9,9.5,7.23
2283,5/29/21 10:40,9,9.5,7.24
2284,5/29/21 10:50,9,9.5,7.26
2285,5/29/21 11:00,9.1,9.5,7.3
2286,5/29/21 11:10,9,9.5,7.3
2287,5/29/21 11:20,9,9.5,7.32
2288,5/29/21 11:30,9.1,9.5,7.35
2289,5/29/21 11:40,9.1,9.5,7.36
2290,5/29/21 11:50,9.1,9.5,7.39
2291,5/29/21 12:00,9.1,9.5,7.41
2292,5/29/21 12:10,9,9.5,7.43
2293,5/29/21 12:20,9.1,9.5,7.44
2294,5/29/21 12:30,9.1,9.5,7.46
2295,5/29/21 12:40,9,9.5,7.49
2296,5/29/21 12:50,9.1,9.5,7.52
2297,5/29/21 13:00,9.1,9.5,7.54
2298,5/29/21 13:10,9.1,9.5,7.53
2299,5/29/21 13:20,9.1,9.5,7.55
2300,5/29/21 13:30,9.1,9.5,7.58
2301,5/29/21 13:40,9.1,9.5,7.59
2302,5/29/21 13:50,9.1,9.5,7.61
2303,5/29/21 14:00,9.1,9.5,7.63
2304,5/29/21 14:10,9.1,9.5,7.63
2305,5/29/21 14:20,9.1,9.5,7.66
2306,5/29/21 14:30,9.2,9.5,7.67
2307,5/29/21 14:40,9.2,9.5,7.68
2308,5/29/21 14:50,9.1,9.5,7.68
2309,5/29/21 15:00,9.2,9.5,7.71
2310,5/29/21 15:10,9.1,9.5,7.72
2311,5/29/21 15:20,9.2,9.5,7.73
2312,5/29/21 15:30,9.2,9.5,7.75
2313,5/29/21 15:40,9.2,9.5,7.76
2314,5/29/21 15:50,9.2,9.5,7.77
2315,5/29/21 16:00,9.2,9.5,7.77
2316,5/29/21 16:10,9.2,9.5,7.8
2317,5/29/21 16:20,9.2,9.5,7.81
2318,5/29/21 16:30,9.2,9.5,7.83
2319,5/29/21 16:40,9.2,9.5,7.85
2320,5/29/21 16:50,9.2,9.5,7.85
2321,5/29/21 17:00,9.2,9.5,7.86
2322,5/29/21 17:10,9.2,9.5,7.88
2323,5/29/21 17:20,9.2,9.5,7.89
2324,5/29/21 17:30,9.2,9.5,7.89
2325,5/29/21 17:40,9.2,9.5,7.9
2326,5/29/21 17:50,9.2,9.5,7.93
2327,5/29/21 18:00,9.2,9.5,7.95
2328,5/29/21 18:10,9.2,9.5,7.95
2329,5/29/21 18:20,9.2,9.5,7.95
2330,5/29/21 18:30,9.2,9.5,7.97
2331,5/29/21 18:40,9.2,9.5,7.98
2332,5/29/21 18:50,9.2,9.5,7.99
2333,5/29/21 19:00,9.2,9.5,8.01
2334,5/29/21 19:10,9.3,9.5,8.01
2335,5/29/21 19:20,9.2,9.5,8.02
2336,5/29/21 19:30,9.3,9.5,8.02
2337,5/29/21 19:40,9.2,9.5,8.02
2338,5/29/21 19:50,9.2,9.5,8.03
2339,5/29/21 20:00,9.2,9.5,8.03
2340,5/29/21 20:10,9.2,9.5,8.04
2341,5/29/21 20:20,9.2,9.5,8.03
2342,5/29/21 20:30,9.3,9.5,8.02
2343,5/29/21 20:40,9.3,9.5,8.03
2344,5/29/21 20:50,9.2,9.5,8.03
2345,5/29/21 21:00,9.3,9.5,8.03
2346,5/29/21 21:10,9.2,9.5,8.02
2347,5/29/21 21:20,9.2,9.5,8.02
2348,5/29/21 21:30,9.2,9.5,8.02
2349,5/29/21 21:40,9.2,9.5,8.03
2350,5/29/21 21:50,9.2,9.5,8.02
2351,5/29/21 22:00,9.2,9.5,8.02
2352,5/29/21 22:10,9.3,9.5,8.02
2353,5/29/21 22:20,9.3,10.3,8.02
2354,5/29/21 22:30,9.2,9.5,8.03
2355,5/29/21 22:40,9.2,9.5,8.02
2356,5/29/21 22:50,9.2,9.5,8.02
2357,5/29/21 23:00,9.2,9.5,8.01
2358,5/29/21 23:10,9.2,9.5,8.01
2359,5/29/21 23:20,9.2,9.5,7.99
2360,5/29/21 23:30,9.2,9.5,7.98
2361,5/29/21 23:40,9.2,9.5,7.98
2362,5/29/21 23:50,9.2,9.5,7.98
2363,5/30/21 0:00,9.3,9.5,7.97
2364,5/30/21 0:10,9.2,9.5,7.97
2365,5/30/21 0:20,9.2,9.5,7.97
2366,5/30/21 0:30,9.2,9.5,7.95
2367,5/30/21 0:40,9.2,9.5,7.95
2368,5/30/21 0:50,9.2,9.5,7.94
2369,5/30/21 1:00,9.2,9.5,7.94
2370,5/30/21 1:10,9.2,9.5,7.95
2371,5/30/21 1:20,9.2,9.5,7.92
2372,5/30/21 1:30,9.3,9.5,7.93
2373,5/30/21 1:40,9.3,9.5,7.92
2374,5/30/21 1:50,9.2,9.5,7.89
2375,5/30/21 2:00,9.2,9.5,7.88
2376,5/30/21 2:10,9.2,9.5,7.88
2377,5/30/21 2:20,9.2,9.5,7.88
2378,5/30/21 2:30,9.2,9.5,7.85
2379,5/30/21 2:40,9.2,9.5,7.85
2380,5/30/21 2:50,9.2,9.5,7.85
2381,5/30/21 3:00,9.2,9.5,7.83
2382,5/30/21 3:10,9.2,9.5,7.8
2383,5/30/21 3:20,9.2,9.5,7.8
2384,5/30/21 3:30,9.2,9.5,7.8
2385,5/30/21 3:40,9.2,9.5,7.79
2386,5/30/21 3:50,9.2,9.5,7.77
2387,5/30/21 4:00,9.2,9.5,7.76
2388,5/30/21 4:10,9.2,9.5,7.76
2389,5/30/21 4:20,9.2,9.5,7.75
2390,5/30/21 4:30,9.2,9.5,7.73
2391,5/30/21 4:40,9.2,9.5,7.73
2392,5/30/21 4:50,9.2,9.5,7.71
2393,5/30/21 5:00,9.2,9.5,7.71
2394,5/30/21 5:10,9.2,9.5,7.7
2395,5/30/21 5:20,9.2,9.5,7.7
2396,5/30/21 5:30,9.2,9.5,7.7
2397,5/30/21 5:40,9.2,9.5,7.68
2398,5/30/21 5:50,9.2,9.5,7.67
2399,5/30/21 6:00,9.3,9.5,7.67
2400,5/30/21 6:10,9.3,9.5,7.66
2401,5/30/21 6:20,9.3,9.5,7.64
2402,5/30/21 6:30,9.2,9.5,7.64
2403,5/30/21 6:40,9.2,9.5,7.64
2404,5/30/21 6:50,9.2,9.5,7.63
2405,5/30/21 7:00,9.2,9.5,7.63
2406,5/30/21 7:10,9.3,9.5,7.62
2407,5/30/21 7:20,9.2,9.5,7.62
2408,5/30/21 7:30,9.2,9.5,7.62
2409,5/30/21 7:40,9.2,9.5,7.61
2410,5/30/21 7:50,9.3,9.5,7.61
2411,5/30/21 8:00,9.2,9.5,7.61
2412,5/30/21 8:10,9.2,9.5,7.61
2413,5/30/21 8:20,9.3,9.5,7.61
2414,5/30/21 8:30,9.3,9.5,7.59
2415,5/30/21 8:40,9.2,9.5,7.61
2416,5/30/21 8:50,9.3,9.5,7.61
2417,5/30/21 9:00,9.2,9.5,7.59
2418,5/30/21 9:10,9.3,9.5,7.61
2419,5/30/21 9:20,9.3,9.5,7.61
2420,5/30/21 9:30,9.2,9.5,7.62
2421,5/30/21 9:40,9.2,9.5,7.62
2422,5/30/21 9:50,9.2,9.5,7.63
2423,5/30/21 10:00,9.2,9.5,7.64
2424,5/30/21 10:10,9.3,9.5,7.66
2425,5/30/21 10:20,9.2,9.5,7.66
2426,5/30/21 10:30,9.2,9.5,7.67
2427,5/30/21 10:40,9.3,9.5,7.67
2428,5/30/21 10:50,9.2,9.5,7.67
2429,5/30/21 11:00,9.2,9.5,7.7
2430,5/30/21 11:10,9.2,9.5,7.7
2431,5/30/21 11:20,9.2,9.5,7.71
2432,5/30/21 11:30,9.2,9.5,7.71
2433,5/30/21 11:40,9.2,9.5,7.72
2434,5/30/21 11:50,9.2,9.5,7.73
2435,5/30/21 12:00,9.2,9.5,7.76
2436,5/30/21 12:10,9.2,9.5,7.76
2437,5/30/21 12:20,9.2,9.5,7.77
2438,5/30/21 12:30,9.2,9.5,7.79
2439,5/30/21 12:40,9.2,9.5,7.8
2440,5/30/21 12:50,9.2,9.5,7.83
2441,5/30/21 13:00,9.2,9.5,7.83
2442,5/30/21 13:10,9.2,9.5,7.84
2443,5/30/21 13:20,9.2,9.5,7.85
2444,5/30/21 13:30,9.2,9.5,7.86
2445,5/30/21 13:40,9.2,9.5,7.86
2446,5/30/21 13:50,9.2,9.5,7.89
2447,5/30/21 14:00,9.2,9.5,7.88
2448,5/30/21 14:10,9.2,9.5,7.89
2449,5/30/21 14:20,9.2,9.5,7.89
2450,5/30/21 14:30,9.2,9.5,7.9
2451,5/30/21 14:40,9.3,9.5,7.89
2452,5/30/21 14:50,9.3,9.5,7.9
2453,5/30/21 15:00,9.2,9.5,7.9
2454,5/30/21 15:10,9.3,9.5,7.9
2455,5/30/21 15:20,9.2,9.5,7.9
2456,5/30/21 15:30,9.3,9.5,7.9
2457,5/30/21 15:40,9.3,9.5,7.9
2458,5/30/21 15:50,9.2,9.5,7.89
2459,5/30/21 16:00,9.3,9.5,7.89
2460,5/30/21 16:10,9.3,9.5,7.88
2461,5/30/21 16:20,9.2,9.5,7.86
2462,5/30/21 16:30,9.2,9.5,7.86
2463,5/30/21 16:40,9.2,9.5,7.85
2464,5/30/21 16:50,9.2,9.5,7.84
2465,5/30/21 17:00,9.2,9.5,7.83
2466,5/30/21 17:10,9.3,9.5,7.83
2467,5/30/21 17:20,9.2,9.5,7.81
2468,5/30/21 17:30,9.2,9.5,7.81
2469,5/30/21 17:40,9.2,9.5,7.83
2470,5/30/21 17:50,9.2,9.5,7.83
2471,5/30/21 18:00,9.2,9.5,7.83
2472,5/30/21 18:10,9.3,9.5,7.81
2473,5/30/21 18:20,9.2,9.5,7.81
2474,5/30/21 18:30,9.2,9.5,7.81
2475,5/30/21 18:40,9.2,9.5,7.83
2476,5/30/21 18:50,9.2,9.5,7.83
2477,5/30/21 19:00,9.2,9.5,7.83
2478,5/30/21 19:10,9.2,9.5,7.81
2479,5/30/21 19:20,9.2,9.5,7.83
2480,5/30/21 19:30,9.2,9.5,7.81
2481,5/30/21 19:40,9.2,9.5,7.81
2482,5/30/21 19:50,9.2,9.5,7.81
2483,5/30/21 20:00,9.2,9.5,7.8
2484,5/30/21 20:10,9.2,9.5,7.8
2485,5/30/21 20:20,9.2,9.5,7.8
2486,5/30/21 20:30,9.2,9.5,7.8
2487,5/30/21 20:40,9.3,9.5,7.8
2488,5/30/21 20:50,9.2,9.5,7.79
2489,5/30/21 21:00,9.2,9.5,7.79
2490,5/30/21 21:10,9.3,9.5,7.79
2491,5/30/21 21:20,9.3,9.5,7.79
2492,5/30/21 21:30,9.3,9.5,7.79
2493,5/30/21 21:40,9.2,9.5,7.77
2494,5/30/21 21:50,9.2,9.5,7.77
2495,5/30/21 22:00,9.2,9.5,7.77
2496,5/30/21 22:10,9.2,9.5,7.76
2497,5/30/21 22:20,9.2,9.5,7.76
2498,5/30/21 22:30,9.3,9.5,7.76
2499,5/30/21 22:40,9.2,9.5,7.73
2500,5/30/21 22:50,9.2,9.5,7.75
2501,5/30/21 23:00,9.2,9.5,7.73
2502,5/30/21 23:10,9.3,9.5,7.75
2503,5/30/21 23:20,9.2,9.5,7.72
2504,5/30/21 23:30,9.2,9.5,7.72
2505,5/30/21 23:40,9.2,9.5,7.71
2506,5/30/21 23:50,9.2,9.5,7.71
2507,5/31/21 0:00,9.2,9.5,7.71
2508,5/31/21 0:10,9.2,9.5,7.7
2509,5/31/21 0:20,9.2,9.5,7.71
2510,5/31/21 0:30,9.2,9.5,7.7
2511,5/31/21 0:40,9.2,9.5,7.7
2512,5/31/21 0:50,9.2,9.5,7.68
2513,5/31/21 1:00,9.2,9.5,7.68
2514,5/31/21 1:10,9.2,9.5,7.68
2515,5/31/21 1:20,9.3,9.5,7.67
2516,5/31/21 1:30,9.3,9.5,7.67
2517,5/31/21 1:40,9.3,9.5,7.67
2518,5/31/21 1:50,9.3,9.5,7.67
2519,5/31/21 2:00,9.3,9.5,7.66
2520,5/31/21 2:10,9.3,9.5,7.66
2521,5/31/21 2:20,9.3,9.5,7.64
2522,5/31/21 2:30,9.2,9.5,7.64
2523,5/31/21 2:40,9.3,9.5,7.63
2524,5/31/21 2:50,9.3,9.5,7.63
2525,5/31/21 3:00,9.3,9.5,7.62
2526,5/31/21 3:10,9.3,9.5,7.61
2527,5/31/21 3:20,9.3,9.5,7.61
2528,5/31/21 3:30,9.3,9.5,7.62
2529,5/31/21 3:40,9.3,9.5,7.61
2530,5/31/21 3:50,9.3,9.5,7.59
2531,5/31/21 4:00,9.3,9.5,7.59
2532,5/31/21 4:10,9.3,9.5,7.58
2533,5/31/21 4:20,9.3,9.5,7.59
2534,5/31/21 4:30,9.3,9.5,7.58
2535,5/31/21 4:40,9.3,9.5,7.57
2536,5/31/21 4:50,9.3,9.5,7.57
2537,5/31/21 5:00,9.3,9.5,7.57
2538,5/31/21 5:10,9.3,9.5,7.54
2539,5/31/21 5:20,9.2,9.5,7.54
2540,5/31/21 5:30,9.2,9.5,7.54
2541,5/31/21 5:40,9.3,9.5,7.53
2542,5/31/21 5:50,9.3,9.5,7.52
2543,5/31/21 6:00,9.2,9.5,7.5
2544,5/31/21 6:10,9.3,9.5,7.49
2545,5/31/21 6:20,9.2,9.5,7.48
2546,5/31/21 6:30,9.2,9.5,7.49
2547,5/31/21 6:40,9.2,9.5,7.48
2548,5/31/21 6:50,9.2,9.5,7.46
2549,5/31/21 7:00,9.3,9.5,7.46
2550,5/31/21 7:10,9.3,9.5,7.45
2551,5/31/21 7:20,9.2,9.5,7.44
2552,5/31/21 7:30,9.2,9.5,7.44
2553,5/31/21 7:40,9.2,9.5,7.43
2554,5/31/21 7:50,9.2,9.5,7.41
2555,5/31/21 8:00,9.2,9.5,7.4
2556,5/31/21 8:10,9.2,9.5,7.4
2557,5/31/21 8:20,9.2,9.5,7.39
2558,5/31/21 8:30,9.2,9.5,7.39
2559,5/31/21 8:40,9.2,9.5,7.39
2560,5/31/21 8:50,9.3,9.5,7.39
2561,5/31/21 9:00,9.2,9.5,7.37
2562,5/31/21 9:10,9.2,9.5,7.37
2563,5/31/21 9:20,9.2,9.5,7.39
2564,5/31/21 9:30,9.2,9.5,7.37
2565,5/31/21 9:40,9.2,9.5,7.37
2566,5/31/21 9:50,9.2,9.5,7.37
2567,5/31/21 10:00,9.2,9.5,7.36
2568,5/31/21 10:10,9.2,9.5,7.39
2569,5/31/21 10:20,9.2,9.5,7.39
2570,5/31/21 10:30,9.2,9.5,7.39
2571,5/31/21 10:40,9.2,9.5,7.39
2572,5/31/21 10:50,9.2,9.5,7.41
2573,5/31/21 11:00,9.2,9.5,7.43
2574,5/31/21 11:10,9.2,9.5,7.43
2575,5/31/21 11:20,9.2,10.3,7.44
2576,5/31/21 11:30,9.2,9.5,7.45
2577,5/31/21 11:40,9.2,9.5,7.45
2578,5/31/21 11:50,9.3,9.5,7.48
2579,5/31/21 12:00,9.2,9.5,7.48
2580,5/31/21 12:10,9.2,9.5,7.5
2581,5/31/21 12:20,9.2,9.5,7.52
2582,5/31/21 12:30,9.2,9.5,7.52
2583,5/31/21 12:40,9.3,9.5,7.55
2584,5/31/21 12:50,9.3,9.5,7.54
2585,5/31/21 13:00,9.3,9.5,7.57
2586,5/31/21 13:10,9.3,10.3,7.59
2587,5/31/21 13:20,9.2,9.5,7.59
2588,5/31/21 13:30,9.3,9.5,7.62
2589,5/31/21 13:40,9.3,9.5,7.63
2590,5/31/21 13:50,9.3,9.5,7.64
2591,5/31/21 14:00,9.3,9.5,7.66
2592,5/31/21 14:10,9.2,9.5,7.68
2593,5/31/21 14:20,9.2,9.5,7.68
2594,5/31/21 14:30,9.2,9.5,7.71
2595,5/31/21 14:40,9.2,9.5,7.71
2596,5/31/21 14:50,9.2,9.5,7.72
2597,5/31/21 15:00,9.3,9.5,7.75
2598,5/31/21 15:10,9.2,9.5,7.76
2599,5/31/21 15:20,9.3,9.5,7.76
2600,5/31/21 15:30,9.3,9.5,7.79
2601,5/31/21 15:40,9.3,9.5,7.8
2602,5/31/21 15:50,9.3,9.5,7.81
2603,5/31/21 16:00,9.2,9.5,7.83
2604,5/31/21 16:10,9.2,9.5,7.83
2605,5/31/21 16:20,9.3,9.5,7.84
2606,5/31/21 16:30,9.3,9.9,7.85
2607,5/31/21 16:40,9.3,9.5,7.85
2608,5/31/21 16:50,9.3,9.5,7.85
2609,5/31/21 17:00,9.3,9.5,7.86
2610,5/31/21 17:10,9.3,9.5,7.86
2611,5/31/21 17:20,9.3,9.5,7.86
2612,5/31/21 17:30,9.2,9.5,7.86
2613,5/31/21 17:40,9.3,9.5,7.85
2614,5/31/21 17:50,9.3,9.5,7.86
2615,5/31/21 18:00,9.3,9.5,7.88
2616,5/31/21 18:10,9.3,9.5,7.86
2617,5/31/21 18:20,9.3,9.5,7.86
2618,5/31/21 18:30,9.3,9.5,7.86
2619,5/31/21 18:40,9.3,9.5,7.85
2620,5/31/21 18:50,9.3,9.5,7.86
2621,5/31/21 19:00,9.3,9.5,7.88
2622,5/31/21 19:10,9.3,9.5,7.88
2623,5/31/21 19:20,9.3,9.5,7.88
2624,5/31/21 19:30,9.2,9.5,7.88
2625,5/31/21 19:40,9.3,9.5,7.89
2626,5/31/21 19:50,9.3,9.5,7.89
2627,5/31/21 20:00,9.3,9.5,7.89
2628,5/31/21 20:10,9.4,9.5,7.89
2629,5/31/21 20:20,9.3,9.5,7.9
2630,5/31/21 20:30,9.4,9.5,7.89
2631,5/31/21 20:40,9.3,9.5,7.88
2632,5/31/21 20:50,9.3,9.5,7.89
2633,5/31/21 21:00,9.3,9.5,7.88
2634,5/31/21 21:10,9.3,9.5,7.88
2635,5/31/21 21:20,9.3,9.5,7.88
2636,5/31/21 21:30,9.3,9.5,7.86
2637,5/31/21 21:40,9.3,9.5,7.84
2638,5/31/21 21:50,9.3,9.5,7.83
2639,5/31/21 22:00,9.3,10.3,7.83
2640,5/31/21 22:10,9.3,9.5,7.81
2641,5/31/21 22:20,9.3,9.5,7.8
2642,5/31/21 22:30,9.3,9.5,7.79
2643,5/31/21 22:40,9.3,9.5,7.77
2644,5/31/21 22:50,9.3,9.5,7.77
2645,5/31/21 23:00,9.3,9.5,7.76
2646,5/31/21 23:10,9.3,9.5,7.75
2647,5/31/21 23:20,9.3,9.5,7.73
2648,5/31/21 23:30,9.3,9.5,7.72
2649,5/31/21 23:40,9.3,9.5,7.71
2650,5/31/21 23:50,9.3,9.5,7.68
2651,6/1/21 0:00,9.3,9.5,7.67
2652,6/1/21 0:10,9.3,9.5,7.66
2653,6/1/21 0:20,9.3,10.3,7.64
2654,6/1/21 0:30,9.3,9.5,7.64
2655,6/1/21 0:40,9.3,9.5,7.61
2656,6/1/21 0:50,9.3,9.5,7.61
2657,6/1/21 1:00,9.3,9.5,7.61
2658,6/1/21 1:10,9.3,9.5,7.58
2659,6/1/21 1:20,9.3,10.3,7.57
2660,6/1/21 1:30,9.3,9.5,7.57
2661,6/1/21 1:40,9.3,9.5,7.54
2662,6/1/21 1:50,9.3,9.5,7.54
2663,6/1/21 2:00,9.3,9.5,7.53
2664,6/1/21 2:10,9.3,9.5,7.52
2665,6/1/21 2:20,9.3,9.5,7.49
2666,6/1/21 2:30,9.3,9.5,7.49
2667,6/1/21 2:40,9.3,9.5,7.49
2668,6/1/21 2:50,9.3,9.5,7.46
2669,6/1/21 3:00,9.3,9.5,7.45
2670,6/1/21 3:10,9.3,9.5,7.45
2671,6/1/21 3:20,9.3,9.5,7.44
2672,6/1/21 3:30,9.3,9.5,7.43
2673,6/1/21 3:40,9.3,9.5,7.41
2674,6/1/21 3:50,9.3,9.5,7.4
2675,6/1/21 4:00,9.3,9.5,7.39
2676,6/1/21 4:10,9.3,9.5,7.39
2677,6/1/21 4:20,9.3,9.5,7.37
2678,6/1/21 4:30,9.3,9.5,7.37
2679,6/1/21 4:40,9.2,9.5,7.35
2680,6/1/21 4:50,9.3,9.5,7.35
2681,6/1/21 5:00,9.3,9.5,7.33
2682,6/1/21 5:10,9.3,9.5,7.32
2683,6/1/21 5:20,9.2,9.5,7.31
2684,6/1/21 5:30,9.2,9.5,7.3
2685,6/1/21 5:40,9.2,9.5,7.28
2686,6/1/21 5:50,9.3,9.5,7.28
2687,6/1/21 6:00,9.3,9.5,7.28
2688,6/1/21 6:10,9.2,9.5,7.27
2689,6/1/21 6:20,9.2,9.5,7.26
2690,6/1/21 6:30,9.2,9.5,7.24
2691,6/1/21 6:40,9.2,9.5,7.24
2692,6/1/21 6:50,9.2,9.5,7.23
2693,6/1/21 7:00,9.2,9.5,7.23
2694,6/1/21 7:10,9.2,9.5,7.22
2695,6/1/21 7:20,9.2,9.5,7.21
2696,6/1/21 7:30,9.3,9.5,7.21
2697,6/1/21 7:40,9.2,9.5,7.18
2698,6/1/21 7:50,9.2,9.5,7.18
2699,6/1/21 8:00,9.2,9.5,7.18
2700,6/1/21 8:10,9.3,9.5,7.18
2701,6/1/21 8:20,9.2,9.5,7.17
2702,6/1/21 8:30,9.3,9.5,7.17
2703,6/1/21 8:40,9.2,9.5,7.15
2704,6/1/21 8:50,9.2,9.5,7.17
2705,6/1/21 9:00,9.2,9.5,7.15
2706,6/1/21 9:10,9.3,9.5,7.15
2707,6/1/21 9:20,9.2,9.5,7.17
2708,6/1/21 9:30,9.2,9.5,7.17
2709,6/1/21 9:40,9.2,9.5,7.17
2710,6/1/21 9:50,9.2,9.5,7.17
2711,6/1/21 10:00,9.2,9.5,7.17
2712,6/1/21 10:10,9.3,9.5,7.18
2713,6/1/21 10:20,9.3,9.5,7.18
2714,6/1/21 10:30,9.2,9.5,7.18
2715,6/1/21 10:40,9.2,9.5,7.19
2716,6/1/21 10:50,9.2,9.5,7.21
2717,6/1/21 11:00,9.3,9.5,7.22
2718,6/1/21 11:10,9.3,9.5,7.23
2719,6/1/21 11:20,9.3,9.5,7.24
2720,6/1/21 11:30,9.3,9.5,7.26
2721,6/1/21 11:40,9.2,9.5,7.27
2722,6/1/21 11:50,9.2,9.5,7.28
2723,6/1/21 12:00,9.3,9.5,7.3
2724,6/1/21 12:10,9.3,10.3,7.32
2725,6/1/21 12:20,9.3,9.5,7.33
2726,6/1/21 12:30,9.3,9.5,7.36
2727,6/1/21 12:40,9.3,9.5,7.39
2728,6/1/21 12:50,9.3,9.5,7.37
2729,6/1/21 13:00,9.3,9.5,7.41
2730,6/1/21 13:10,9.3,9.5,7.43
2731,6/1/21 13:20,9.3,9.5,7.45
2732,6/1/21 13:30,9.3,9.5,7.46
2733,6/1/21 13:40,9.3,9.5,7.46
2734,6/1/21 13:50,9.3,10.3,7.49
2735,6/1/21 14:00,9.3,9.5,7.49
2736,6/1/21 14:10,9.3,9.5,7.52
2737,6/1/21 14:20,9.3,10.3,7.52
2738,6/1/21 14:30,9.3,9.5,7.53
2739,6/1/21 14:40,9.3,9.5,7.54
2740,6/1/21 14:50,9.3,9.5,7.55
2741,6/1/21 15:00,9.3,9.5,7.57
2742,6/1/21 15:10,9.3,9.5,7.58
2743,6/1/21 15:20,9.3,9.5,7.58
2744,6/1/21 15:30,9.3,9.5,7.61
2745,6/1/21 15:40,9.3,9.5,7.61
2746,6/1/21 15:50,9.3,9.5,7.63
2747,6/1/21 16:00,9.3,9.5,7.64
2748,6/1/21 16:10,9.3,9.5,7.67
2749,6/1/21 16:20,9.3,9.5,7.67
2750,6/1/21 16:30,9.3,9.5,7.68
2751,6/1/21 16:40,9.3,9.5,7.68
2752,6/1/21 16:50,9.3,9.5,7.7
2753,6/1/21 17:00,9.3,9.5,7.71
2754,6/1/21 17:10,9.3,9.5,7.72
2755,6/1/21 17:20,9.3,9.5,7.73
2756,6/1/21 17:30,9.4,9.5,7.75
2757,6/1/21 17:40,9.4,9.5,7.76
2758,6/1/21 17:50,9.4,9.5,7.76
2759,6/1/21 18:00,9.4,9.9,7.77
2760,6/1/21 18:10,9.3,9.1,7.79
2761,6/1/21 18:20,9.4,9.5,7.8
2762,6/1/21 18:30,9.3,9.5,7.8
2763,6/1/21 18:40,9.3,9.5,7.8
2764,6/1/21 18:50,9.3,9.5,7.8
2765,6/1/21 19:00,9.4,9.9,7.81
2766,6/1/21 19:10,9.4,9.5,7.83
2767,6/1/21 19:20,9.3,9.5,7.83
2768,6/1/21 19:30,9.4,9.9,7.84
2769,6/1/21 19:40,9.4,9.5,7.85
2770,6/1/21 19:50,9.4,9.5,7.85
2771,6/1/21 20:00,9.4,9.5,7.86
2772,6/1/21 20:10,9.4,9.5,7.86
2773,6/1/21 20:20,9.4,9.5,7.88
2774,6/1/21 20:30,9.4,10.3,7.89
2775,6/1/21 20:40,9.4,9.5,7.88
2776,6/1/21 20:50,9.5,9.5,7.88
2777,6/1/21 21:00,9.4,9.5,7.88
2778,6/1/21 21:10,9.4,10.3,7.88
2779,6/1/21 21:20,9.4,9.5,7.88
2780,6/1/21 21:30,9.5,9.9,7.86
2781,6/1/21 21:40,9.4,9.9,7.86
2782,6/1/21 21:50,9.4,9.5,7.86
2783,6/1/21 22:00,9.4,9.5,7.85
2784,6/1/21 22:10,9.4,10.3,7.85
2785,6/1/21 22:20,9.4,9.5,7.84
2786,6/1/21 22:30,9.4,10.3,7.84
2787,6/1/21 22:40,9.4,9.5,7.83
2788,6/1/21 22:50,9.5,9.9,7.83
2789,6/1/21 23:00,9.4,9.9,7.81
2790,6/1/21 23:10,9.4,9.5,7.8
2791,6/1/21 23:20,9.4,9.5,7.8
2792,6/1/21 23:30,9.4,9.5,7.79
2793,6/1/21 23:40,9.4,9.5,7.79
2794,6/1/21 23:50,9.4,9.5,7.77
2795,6/2/21 0:00,9.3,9.5,7.77
2796,6/2/21 0:10,9.3,9.5,7.76
2797,6/2/21 0:20,9.3,10.3,7.76
2798,6/2/21 0:30,9.4,9.5,7.76
2799,6/2/21 0:40,9.4,9.5,7.75
2800,6/2/21 0:50,9.4,9.5,7.75
2801,6/2/21 1:00,9.4,9.5,7.75
2802,6/2/21 1:10,9.3,10.3,7.75
2803,6/2/21 1:20,9.3,9.9,7.73
2804,6/2/21 1:30,9.4,9.5,7.72
2805,6/2/21 1:40,9.3,9.5,7.72
2806,6/2/21 1:50,9.4,9.9,7.71
2807,6/2/21 2:00,9.4,9.5,7.71
2808,6/2/21 2:10,9.3,9.5,7.71
2809,6/2/21 2:20,9.4,9.5,7.7
2810,6/2/21 2:30,9.4,9.5,7.68
2811,6/2/21 2:40,9.3,9.5,7.68
2812,6/2/21 2:50,9.4,9.5,7.68
2813,6/2/21 3:00,9.4,9.5,7.66
2814,6/2/21 3:10,9.4,9.5,7.67
2815,6/2/21 3:20,9.4,9.5,7.66
2816,6/2/21 3:30,9.3,9.5,7.64
2817,6/2/21 3:40,9.4,9.5,7.64
2818,6/2/21 3:50,9.4,10.3,7.62
2819,6/2/21 4:00,9.3,9.5,7.61
2820,6/2/21 4:10,9.4,10.3,7.61
2821,6/2/21 4:20,9.3,9.5,7.59
2822,6/2/21 4:30,9.3,9.5,7.59
2823,6/2/21 4:40,9.3,9.5,7.57
2824,6/2/21 4:50,9.3,9.5,7.57
2825,6/2/21 5:00,9.4,10.3,7.57
2826,6/2/21 5:10,9.3,9.5,7.55
2827,6/2/21 5:20,9.3,9.5,7.55
2828,6/2/21 5:30,9.3,9.5,7.54
2829,6/2/21 5:40,9.3,9.5,7.53
2830,6/2/21 5:50,9.3,9.5,7.52
2831,6/2/21 6:00,9.3,9.5,7.5
2832,6/2/21 6:10,9.3,9.9,7.49
2833,6/2/21 6:20,9.3,9.5,7.49
2834,6/2/21 6:30,9.3,9.5,7.46
2835,6/2/21 6:40,9.3,9.5,7.48
2836,6/2/21 6:50,9.3,9.5,7.46
2837,6/2/21 7:00,9.3,9.5,7.45
2838,6/2/21 7:10,9.3,9.5,7.45
2839,6/2/21 7:20,9.3,9.5,7.45
2840,6/2/21 7:30,9.3,9.5,7.44
2841,6/2/21 7:40,9.3,9.5,7.44
2842,6/2/21 7:50,9.3,9.5,7.43
2843,6/2/21 8:00,9.3,9.5,7.43
2844,6/2/21 8:10,9.3,9.5,7.43
2845,6/2/21 8:20,9.3,9.5,7.41
2846,6/2/21 8:30,9.3,9.5,7.41
2847,6/2/21 8:40,9.3,9.5,7.41
2848,6/2/21 8:50,9.3,9.5,7.41
2849,6/2/21 9:00,9.3,9.5,7.43
2850,6/2/21 9:10,9.3,9.5,7.43
2851,6/2/21 9:20,9.3,9.5,7.43
2852,6/2/21 9:30,9.3,9.5,7.44
2853,6/2/21 9:40,9.3,9.5,7.44
2854,6/2/21 9:50,9.3,9.5,7.45
2855,6/2/21 10:00,9.3,9.5,7.48
2856,6/2/21 10:10,9.3,9.5,7.48
2857,6/2/21 10:20,9.3,9.5,7.48
2858,6/2/21 10:30,9.3,9.5,7.49
2859,6/2/21 10:40,9.3,9.5,7.5
2860,6/2/21 10:50,9.3,9.5,7.52
2861,6/2/21 11:00,9.4,9.5,7.53
2862,6/2/21 11:10,9.4,9.5,7.55
2863,6/2/21 11:20,9.3,9.9,7.55
2864,6/2/21 11:30,9.3,9.5,7.57
2865,6/2/21 11:40,9.3,9.5,7.58
2866,6/2/21 11:50,9.4,10.3,7.59
2867,6/2/21 12:00,9.3,10.3,7.62
2868,6/2/21 12:10,9.4,9.9,7.63
2869,6/2/21 12:20,9.4,9.5,7.66
2870,6/2/21 12:30,9.4,10.3,7.66
2871,6/2/21 12:40,9.4,9.5,7.67
2872,6/2/21 12:50,9.4,9.5,7.71
2873,6/2/21 13:00,9.4,9.5,7.73
2874,6/2/21 13:10,5.4,6.4,8.95
2875,6/2/21 13:20,1.7,11,10.16
2876,6/2/21 13:30,1.7,11,9.35
2877,6/2/21 13:40,1.7,11,8.93
2878,6/2/21 13:50,1.7,11,8.75
2879,6/2/21 14:00,1.7,11,8.7
2880,6/2/21 14:10,1.6,11,8.68
2881,6/2/21 14:20,1.8,11,8.88
2882,6/2/21 14:20,,,
2883,6/2/21 14:20,,,
2884,6/2/21 14:20,,,