sample,datetime,wtemp_a_1,ltemp_a_2,wtrhgt__3,wtrhgt__4,batt_mi_5
1,4/29/21 8:00,14.1,14.5,-34,-34,3.99
2,4/29/21 8:10,14.8,15.5,-33,-33,3.99
3,4/29/21 8:20,15.8,17.1,-33,-33,3.99
4,4/29/21 8:30,16.1,18.8,-33,-33,3.99
5,4/29/21 8:40,16.8,20.2,-31,-33,3.99
6,4/29/21 8:50,16.8,20.6,-37,-34,3.99
7,4/29/21 9:00,17.1,21.3,-36,-36,3.99
8,4/29/21 9:10,17.1,21.6,-42,-39,3.99
9,4/29/21 9:20,17.1,21.3,-45,-44,3.99
10,4/29/21 9:30,17.5,20.9,-35,-40,3.99
11,4/29/21 9:40,22.7,22.7,-36,-35,3.99
12,4/29/21 9:50,28.7,24.2,-32,-35,3.99
13,4/29/21 10:00,31.6,22.3,-33,-33,3.99
14,4/29/21 10:10,32.8,19.9,-29,-31,3.99
15,4/29/21 10:20,25.3,6.9,-43,-40,3.99
16,4/29/21 10:30,14.8,2.9,-46,-43,3.99
17,4/29/21 10:40,8.5,1.9,-46,-46,3.99
18,4/29/21 10:50,7.2,1.9,-46,-46,3.99
19,4/29/21 11:00,5.9,2.2,-42,-44,3.99
20,4/29/21 11:10,2.5,3.2,-50,-49,3.99
21,4/29/21 11:20,1.5,3.2,-49,-50,3.99
22,4/29/21 11:30,0.8,3.2,-49,-49,3.99
23,4/29/21 11:40,0.5,3.2,-49,-49,3.99
24,4/29/21 11:50,0.5,3.2,-49,-49,3.99
25,4/29/21 12:00,0.5,3.2,-49,-49,3.99
26,4/29/21 12:10,0.5,3.2,-49,-49,3.99
27,4/29/21 12:20,0.5,3.5,-49,-49,3.99
28,4/29/21 12:30,0.5,3.9,-49,-49,3.99
29,4/29/21 12:40,0.5,4.2,-49,-49,3.99
30,4/29/21 12:50,0.5,5.2,-49,-49,3.99
31,4/29/21 13:00,0.5,6.5,-49,-49,3.99
32,4/29/21 13:10,0.5,6.5,-49,-49,3.99
33,4/29/21 13:20,0.5,5.9,-49,-49,3.99
34,4/29/21 13:30,0.5,5.6,-49,-49,3.99
35,4/29/21 13:40,0.5,5.2,-49,-49,3.99
36,4/29/21 13:50,0.5,5.2,-49,-49,3.99
37,4/29/21 14:00,0.5,5.2,-49,-49,3.99
38,4/29/21 14:10,0.5,5.9,-49,-49,3.99
39,4/29/21 14:20,0.5,7.2,-49,-49,3.99
40,4/29/21 14:30,0.5,8.2,-49,-49,3.99
41,4/29/21 14:40,0.5,8.5,-49,-49,3.99
42,4/29/21 14:50,0.5,9.2,-49,-49,3.99
43,4/29/21 15:00,0.5,11.2,-49,-49,3.99
44,4/29/21 15:10,0.5,12.5,-49,-49,3.99
45,4/29/21 15:20,0.5,12.5,-49,-49,3.99
46,4/29/21 15:30,0.5,13.8,-49,-49,3.99
47,4/29/21 15:40,0.5,15.8,-49,-49,3.99
48,4/29/21 15:50,0.5,15.5,-49,-49,3.99
49,4/29/21 16:00,0.5,13.5,-49,-49,3.99
50,4/29/21 16:10,0.5,11.5,-49,-49,3.99
51,4/29/21 16:20,0.5,10.2,-49,-49,3.99
52,4/29/21 16:30,0.5,9.8,-49,-49,3.99
53,4/29/21 16:40,0.5,10.5,-49,-49,3.99
54,4/29/21 16:50,0.5,13.5,-49,-49,3.99
55,4/29/21 17:00,0.5,17.5,-49,-49,3.99
56,4/29/21 17:10,0.5,20.2,-49,-49,3.99
57,4/29/21 17:20,0.1,19.9,-16,-27,3.99
58,4/29/21 17:30,0.1,18.2,-5,-9,3.99
59,4/29/21 17:40,0.1,15.5,-2,-3,3.99
60,4/29/21 17:50,0.5,13.1,0,-1,3.99
61,4/29/21 18:00,0.5,11.5,0,0,3.99
62,4/29/21 18:10,0.5,9.8,0,0,3.99
63,4/29/21 18:20,0.5,8.2,1,1,3.99
64,4/29/21 18:30,0.5,6.9,0,0,3.99
65,4/29/21 18:40,0.5,5.9,-1,0,3.99
66,4/29/21 18:50,0.5,5.2,-2,-1,3.99
67,4/29/21 19:00,0.5,5.2,-4,-3,3.99
68,4/29/21 19:10,0.5,4.6,-5,-5,3.99
69,4/29/21 19:20,0.5,3.9,-7,-6,3.99
70,4/29/21 19:30,0.5,3.2,-8,-8,3.99
71,4/29/21 19:40,0.5,2.5,-10,-9,3.99
72,4/29/21 19:50,0.5,2.2,-11,-11,3.99
73,4/29/21 20:00,0.5,1.5,-12,-12,3.99
74,4/29/21 20:10,0.5,1.5,-14,-13,3.99
75,4/29/21 20:20,0.5,1.2,-15,-15,3.99
76,4/29/21 20:30,0.5,0.8,-17,-16,3.99
77,4/29/21 20:40,0.5,0.8,-18,-17,3.99
78,4/29/21 20:50,0.5,0.5,-19,-18,3.99
79,4/29/21 21:00,0.5,0.5,-20,-20,3.99
80,4/29/21 21:10,0.5,0.5,-21,-21,3.99
81,4/29/21 21:20,0.5,0.1,-22,-22,3.99
82,4/29/21 21:30,0.5,0.1,-24,-23,3.99
83,4/29/21 21:40,0.5,0.1,-25,-24,3.99
84,4/29/21 21:50,0.5,0.1,-26,-26,3.99
85,4/29/21 22:00,0.5,0.1,-27,-27,3.99
86,4/29/21 22:10,0.5,0.1,-29,-28,3.99
87,4/29/21 22:20,0.5,-0.2,-30,-29,3.99
88,4/29/21 22:30,0.5,-0.2,-31,-30,3.99
89,4/29/21 22:40,0.5,-0.2,-31,-31,3.99
90,4/29/21 22:50,0.5,-0.2,-32,-32,3.99
91,4/29/21 23:00,0.5,-0.2,-32,-32,3.99
92,4/29/21 23:10,0.5,-0.2,-32,-32,3.99
93,4/29/21 23:20,0.5,-0.2,-33,-32,3.99
94,4/29/21 23:30,0.5,-0.2,-33,-33,3.99
95,4/29/21 23:40,0.5,-0.2,-33,-33,3.99
96,4/29/21 23:50,0.5,-0.2,-33,-33,3.99
97,4/30/21 0:00,0.5,-0.2,-34,-33,3.99
98,4/30/21 0:10,0.5,-0.2,-34,-34,3.99
99,4/30/21 0:20,0.5,-0.2,-36,-35,3.99
100,4/30/21 0:30,0.5,-0.6,-36,-36,3.99
101,4/30/21 0:40,0.5,-0.6,-37,-37,3.99
102,4/30/21 0:50,0.5,-0.6,-38,-38,3.99
103,4/30/21 1:00,0.5,-0.6,-39,-39,3.99
104,4/30/21 1:10,0.5,-0.6,-40,-40,3.99
105,4/30/21 1:20,0.5,-0.6,-41,-41,3.99
106,4/30/21 1:30,0.5,-0.9,-42,-42,3.99
107,4/30/21 1:40,0.5,-0.9,-43,-42,3.99
108,4/30/21 1:50,0.5,-0.9,-44,-43,3.99
109,4/30/21 2:00,0.5,-0.9,-44,-44,3.99
110,4/30/21 2:10,0.5,-0.9,-45,-45,3.99
111,4/30/21 2:20,0.5,-0.9,-46,-46,3.99
112,4/30/21 2:30,0.5,-1.3,-46,-46,3.99
113,4/30/21 2:40,0.5,-1.3,-46,-46,3.99
114,4/30/21 2:50,0.5,-1.3,-46,-46,3.99
115,4/30/21 3:00,0.5,-1.3,-47,-47,3.99
116,4/30/21 3:10,0.5,-1.3,-47,-47,3.99
117,4/30/21 3:20,0.5,-1.3,-47,-47,3.99
118,4/30/21 3:30,0.5,-1.3,-48,-47,3.99
119,4/30/21 3:40,0.5,-1.6,-48,-48,3.99
120,4/30/21 3:50,0.5,-1.6,-48,-48,3.99
121,4/30/21 4:00,0.5,-1.6,-48,-48,3.99
122,4/30/21 4:10,0.5,-1.6,-48,-48,3.99
123,4/30/21 4:20,0.5,-1.6,-48,-48,3.99
124,4/30/21 4:30,0.5,-1.6,-49,-48,3.99
125,4/30/21 4:40,0.5,-1.6,-48,-48,3.99
126,4/30/21 4:50,0.5,-1.6,-49,-49,3.99
127,4/30/21 5:00,0.5,-1.6,-49,-49,3.99
128,4/30/21 5:10,0.5,-2,-49,-49,3.99
129,4/30/21 5:20,0.5,-2,-49,-49,3.99
130,4/30/21 5:30,0.5,-2,-49,-49,3.99
131,4/30/21 5:40,0.5,-2,-49,-49,3.99
132,4/30/21 5:50,0.5,-2,-49,-49,3.99
133,4/30/21 6:00,0.5,-2,-49,-49,3.99
134,4/30/21 6:10,0.5,-2,-49,-49,3.99
135,4/30/21 6:20,0.5,-2,-49,-49,3.99
136,4/30/21 6:30,0.5,-2,-49,-49,3.99
137,4/30/21 6:40,0.5,-2,-49,-49,3.99
138,4/30/21 6:50,0.5,-2,-49,-49,3.99
139,4/30/21 7:00,0.5,-2,-49,-49,3.99
140,4/30/21 7:10,0.5,-2,-49,-49,3.99
141,4/30/21 7:20,0.5,-2,-50,-50,3.99
142,4/30/21 7:30,0.5,-2,-50,-50,3.99
143,4/30/21 7:40,0.5,-1.6,-50,-50,3.99
144,4/30/21 7:50,0.5,-1.6,-50,-50,3.99
145,4/30/21 8:00,0.5,-1.6,-49,-49,3.99
146,4/30/21 8:10,0.5,-1.3,-49,-49,3.99
147,4/30/21 8:20,0.5,-1.3,-49,-49,3.99
148,4/30/21 8:30,0.5,-0.9,-49,-49,3.99
149,4/30/21 8:40,0.5,-0.9,-49,-49,3.99
150,4/30/21 8:50,0.5,-0.6,-49,-49,3.99
151,4/30/21 9:00,0.5,-0.6,-49,-49,3.99
152,4/30/21 9:10,0.5,-0.2,-49,-49,3.99
153,4/30/21 9:20,0.5,0.1,-49,-49,3.99
154,4/30/21 9:30,0.5,0.1,-49,-49,3.99
155,4/30/21 9:40,0.5,0.5,-49,-49,3.99
156,4/30/21 9:50,0.5,0.5,-49,-49,3.99
157,4/30/21 10:00,0.5,0.8,-50,-50,3.99
158,4/30/21 10:10,0.5,0.8,-50,-50,3.99
159,4/30/21 10:20,0.5,1.5,-50,-50,3.99
160,4/30/21 10:30,0.5,1.9,-49,-49,3.99
161,4/30/21 10:40,0.5,2.2,-49,-49,3.99
162,4/30/21 10:50,0.5,2.9,-49,-49,3.99
163,4/30/21 11:00,0.5,2.9,-49,-49,3.99
164,4/30/21 11:10,0.5,3.2,-49,-49,3.99
165,4/30/21 11:20,0.5,3.2,-50,-50,3.99
166,4/30/21 11:30,0.5,3.5,-50,-50,3.99
167,4/30/21 11:40,0.5,3.5,-50,-50,3.99
168,4/30/21 11:50,0.5,3.9,-50,-50,3.99
169,4/30/21 12:00,0.5,3.9,-50,-50,3.99
170,4/30/21 12:10,0.5,4.2,-50,-50,3.99
171,4/30/21 12:20,0.5,4.6,-49,-49,3.99
172,4/30/21 12:30,0.5,4.9,-49,-49,3.99
173,4/30/21 12:40,0.5,5.6,-49,-50,3.99
174,4/30/21 12:50,0.5,6.2,-50,-50,3.99
175,4/30/21 13:00,0.5,7.2,-50,-50,3.99
176,4/30/21 13:10,0.5,7.5,-50,-50,3.99
177,4/30/21 13:20,0.5,7.2,-50,-50,3.99
178,4/30/21 13:30,0.5,6.9,-50,-50,3.99
179,4/30/21 13:40,0.5,6.5,-50,-50,3.99
180,4/30/21 13:50,0.5,6.2,-50,-50,3.99
181,4/30/21 14:00,0.5,6.2,-50,-50,3.99
182,4/30/21 14:10,0.5,6.9,-50,-50,3.99
183,4/30/21 14:20,0.5,7.9,-49,-50,3.99
184,4/30/21 14:30,0.5,8.5,-50,-50,3.99
185,4/30/21 14:40,0.5,8.9,-50,-50,3.99
186,4/30/21 14:50,0.5,9.8,-50,-50,3.99
187,4/30/21 15:00,0.5,11.5,-50,-50,3.99
188,4/30/21 15:10,0.5,13.1,-50,-50,3.99
189,4/30/21 15:20,0.5,13.5,-50,-50,3.99
190,4/30/21 15:30,0.5,15.1,-50,-50,3.99
191,4/30/21 15:40,0.5,16.5,-50,-50,4.03
192,4/30/21 15:50,0.5,16.1,-50,-50,3.99
193,4/30/21 16:00,0.5,14.1,-50,-50,3.99
194,4/30/21 16:10,0.5,12.5,-50,-50,3.99
195,4/30/21 16:20,0.5,11.2,-50,-50,3.99
196,4/30/21 16:30,0.5,11.2,-50,-50,3.99
197,4/30/21 16:40,0.5,12.5,-49,-50,3.99
198,4/30/21 16:50,0.5,15.5,-50,-50,3.99
199,4/30/21 17:00,0.5,18.8,-50,-50,4.03
200,4/30/21 17:10,0.5,21.3,-49,-50,4.03
201,4/30/21 17:20,0.5,21.3,-18,-30,4.03
202,4/30/21 17:30,0.5,19.2,-5,-11,3.99
203,4/30/21 17:40,0.5,16.5,1,-1,3.99
204,4/30/21 17:50,0.5,14.1,4,2,3.99
205,4/30/21 18:00,0.5,12.1,6,5,3.99
206,4/30/21 18:10,0.5,10.5,6,6,3.99
207,4/30/21 18:20,0.5,8.9,7,7,3.99
208,4/30/21 18:30,0.5,7.5,7,7,3.99
209,4/30/21 18:40,0.5,6.2,6,6,3.99
210,4/30/21 18:50,0.5,6.2,6,7,3.99
211,4/30/21 19:00,0.5,5.9,6,6,3.99
212,4/30/21 19:10,0.5,5.2,6,6,3.99
213,4/30/21 19:20,0.5,4.6,5,5,3.99
214,4/30/21 19:30,0.5,3.9,4,4,3.99
215,4/30/21 19:40,0.5,3.2,3,3,3.99
216,4/30/21 19:50,0.5,2.5,3,3,3.99
217,4/30/21 20:00,0.5,2.2,2,2,3.99
218,4/30/21 20:10,0.5,1.9,1,2,3.99
219,4/30/21 20:20,0.5,1.5,1,1,3.99
220,4/30/21 20:30,0.5,1.2,0,0,3.99
221,4/30/21 20:40,0.5,0.8,-1,0,3.99
222,4/30/21 20:50,0.5,0.8,-1,-1,3.99
223,4/30/21 21:00,0.5,0.8,-2,-1,3.99
224,4/30/21 21:10,0.5,0.5,-2,-2,3.99
225,4/30/21 21:20,0.5,0.5,-3,-3,3.99
226,4/30/21 21:30,0.5,0.5,-4,-3,3.99
227,4/30/21 21:40,0.5,0.5,-4,-4,3.99
228,4/30/21 21:50,0.5,0.1,-5,-4,3.99
229,4/30/21 22:00,0.5,0.1,-5,-5,3.99
230,4/30/21 22:10,0.5,0.1,-6,-6,3.99
231,4/30/21 22:20,0.5,0.1,-6,-6,3.99
232,4/30/21 22:30,0.5,0.1,-7,-7,3.99
233,4/30/21 22:40,0.5,0.1,-8,-7,3.99
234,4/30/21 22:50,0.5,0.1,-8,-8,3.99
235,4/30/21 23:00,0.5,0.1,-9,-9,3.99
236,4/30/21 23:10,0.5,0.1,-10,-9,3.99
237,4/30/21 23:20,0.5,0.1,-10,-10,3.99
238,4/30/21 23:30,0.5,0.1,-11,-11,3.99
239,4/30/21 23:40,0.5,-0.2,-12,-11,3.99
240,4/30/21 23:50,0.5,-0.2,-12,-12,3.99
241,5/1/21 0:00,0.5,-0.2,-13,-13,3.99
242,5/1/21 0:10,0.5,-0.2,-14,-13,3.99
243,5/1/21 0:20,0.5,-0.2,-14,-14,3.99
244,5/1/21 0:30,0.5,-0.2,-15,-15,3.99
245,5/1/21 0:40,0.5,-0.2,-16,-15,3.99
246,5/1/21 0:50,0.5,-0.2,-16,-16,3.99
247,5/1/21 1:00,0.5,-0.2,-17,-17,3.99
248,5/1/21 1:10,0.5,-0.2,-18,-17,3.99
249,5/1/21 1:20,0.5,-0.2,-18,-18,3.99
250,5/1/21 1:30,0.5,-0.2,-19,-18,3.99
251,5/1/21 1:40,0.5,-0.2,-19,-19,3.99
252,5/1/21 1:50,0.5,-0.2,-20,-20,3.99
253,5/1/21 2:00,0.5,-0.2,-20,-20,3.99
254,5/1/21 2:10,0.5,-0.2,-21,-21,3.99
255,5/1/21 2:20,0.5,-0.2,-21,-21,3.99
256,5/1/21 2:30,0.5,-0.2,-22,-22,3.99
257,5/1/21 2:40,0.5,-0.2,-23,-22,3.99
258,5/1/21 2:50,0.5,-0.2,-23,-23,3.99
259,5/1/21 3:00,0.5,-0.2,-24,-24,3.99
260,5/1/21 3:10,0.5,-0.2,-24,-24,3.99
261,5/1/21 3:20,0.5,-0.2,-25,-25,3.99
262,5/1/21 3:30,0.5,-0.6,-26,-25,3.99
263,5/1/21 3:40,0.5,-0.6,-26,-26,3.99
264,5/1/21 3:50,0.5,-0.6,-27,-27,3.99
265,5/1/21 4:00,0.5,-0.6,-27,-27,3.99
266,5/1/21 4:10,0.5,-0.6,-28,-28,3.99
267,5/1/21 4:20,0.5,-0.9,-29,-29,3.99
268,5/1/21 4:30,0.5,-0.9,-29,-29,3.99
269,5/1/21 4:40,0.5,-0.9,-30,-30,3.99
270,5/1/21 4:50,0.5,-0.9,-30,-30,3.99
271,5/1/21 5:00,0.5,-0.9,-31,-30,3.99
272,5/1/21 5:10,0.5,-0.9,-31,-30,3.99
273,5/1/21 5:20,0.5,-0.9,-31,-31,3.99
274,5/1/21 5:30,0.5,-0.9,-31,-31,3.99
275,5/1/21 5:40,0.5,-0.9,-31,-31,3.99
276,5/1/21 5:50,0.5,-0.9,-31,-31,3.99
277,5/1/21 6:00,0.5,-1.3,-31,-31,3.99
278,5/1/21 6:10,0.5,-1.3,-31,-31,3.99
279,5/1/21 6:20,0.5,-1.3,-31,-31,3.99
280,5/1/21 6:30,0.5,-1.3,-31,-31,3.99
281,5/1/21 6:40,0.5,-1.3,-32,-31,3.99
282,5/1/21 6:50,0.5,-1.3,-32,-32,3.99
283,5/1/21 7:00,0.5,-1.3,-33,-32,3.99
284,5/1/21 7:10,0.5,-0.9,-33,-33,3.99
285,5/1/21 7:20,0.5,-0.9,-34,-34,3.99
286,5/1/21 7:30,0.5,-0.6,-35,-34,3.99
287,5/1/21 7:40,0.5,-0.2,-35,-35,3.99
288,5/1/21 7:50,0.5,-0.2,-36,-35,3.99
289,5/1/21 8:00,0.5,0.1,-36,-36,3.99
290,5/1/21 8:10,0.5,0.1,-37,-37,3.99
291,5/1/21 8:20,0.5,0.5,-37,-37,3.99
292,5/1/21 8:30,0.5,0.5,-38,-38,3.99
293,5/1/21 8:40,0.5,0.5,-39,-38,3.99
294,5/1/21 8:50,0.5,0.5,-39,-39,3.99
295,5/1/21 9:00,0.5,0.8,-40,-39,3.99
296,5/1/21 9:10,0.5,0.8,-40,-40,3.99
297,5/1/21 9:20,0.5,1.2,-41,-40,3.99
298,5/1/21 9:30,0.5,1.2,-41,-41,3.99
299,5/1/21 9:40,0.5,1.2,-42,-42,3.99
300,5/1/21 9:50,0.5,1.5,-42,-42,3.99
301,5/1/21 10:00,0.5,1.5,-43,-43,3.99
302,5/1/21 10:10,0.5,1.5,-44,-43,3.99
303,5/1/21 10:20,0.5,1.9,-44,-44,3.99
304,5/1/21 10:30,0.5,2.5,-45,-44,3.99
305,5/1/21 10:40,0.5,2.9,-45,-45,3.99
306,5/1/21 10:50,0.5,3.2,-45,-45,3.99
307,5/1/21 11:00,0.5,3.5,-46,-46,3.99
308,5/1/21 11:10,0.5,3.9,-46,-46,3.99
309,5/1/21 11:20,0.5,4.2,-46,-46,3.99
310,5/1/21 11:30,0.5,4.2,-46,-46,3.99
311,5/1/21 11:40,0.5,4.6,-47,-47,3.99
312,5/1/21 11:50,0.5,5.2,-47,-47,3.99
313,5/1/21 12:00,0.5,5.6,-47,-47,3.99
314,5/1/21 12:10,0.5,5.9,-47,-47,3.99
315,5/1/21 12:20,0.5,6.5,-48,-47,3.99
316,5/1/21 12:30,0.5,6.9,-48,-48,3.99
317,5/1/21 12:40,0.5,7.2,-48,-48,3.99
318,5/1/21 12:50,0.5,7.2,-48,-48,3.99
319,5/1/21 13:00,0.5,7.5,-48,-48,3.99
320,5/1/21 13:10,0.5,7.2,-48,-48,3.99
321,5/1/21 13:20,0.5,7.2,-48,-48,3.99
322,5/1/21 13:30,0.5,6.9,-48,-48,3.99
323,5/1/21 13:40,0.5,6.9,-48,-48,3.99
324,5/1/21 13:50,0.5,6.9,-48,-48,3.99
325,5/1/21 14:00,0.5,7.2,-49,-48,3.99
326,5/1/21 14:10,0.5,7.5,-49,-49,3.99
327,5/1/21 14:20,0.5,7.9,-49,-49,3.99
328,5/1/21 14:30,0.5,7.9,-49,-49,3.99
329,5/1/21 14:40,0.5,8.5,-49,-49,3.99
330,5/1/21 14:50,0.5,8.9,-49,-49,3.99
331,5/1/21 15:00,0.5,9.2,-49,-49,3.99
332,5/1/21 15:10,0.5,9.5,-49,-49,3.99
333,5/1/21 15:20,0.5,9.5,-49,-49,3.99
334,5/1/21 15:30,0.5,10.5,-49,-49,3.99
335,5/1/21 15:40,0.5,10.8,-49,-49,3.99
336,5/1/21 15:50,0.5,10.2,-49,-49,3.99
337,5/1/21 16:00,0.5,9.5,-49,-49,3.99
338,5/1/21 16:10,0.5,9.2,-49,-49,3.99
339,5/1/21 16:20,0.5,8.9,-49,-49,3.99
340,5/1/21 16:30,0.5,8.5,-49,-49,3.99
341,5/1/21 16:40,0.5,8.5,-49,-49,3.99
342,5/1/21 16:50,0.5,8.9,-49,-49,3.99
343,5/1/21 17:00,0.5,8.5,-49,-49,3.99
344,5/1/21 17:10,0.5,8.2,-49,-49,3.99
345,5/1/21 17:20,0.5,7.5,-49,-49,3.99
346,5/1/21 17:30,0.5,6.9,-49,-49,3.99
347,5/1/21 17:40,0.5,6.5,-49,-49,3.99
348,5/1/21 17:50,0.5,5.9,-49,-49,3.99
349,5/1/21 18:00,0.5,5.6,-49,-49,3.99
350,5/1/21 18:10,0.5,5.2,-49,-49,3.99
351,5/1/21 18:20,0.5,4.9,-49,-49,3.99
352,5/1/21 18:30,0.5,4.6,-49,-49,3.99
353,5/1/21 18:40,0.5,4.2,-49,-49,3.99
354,5/1/21 18:50,0.5,3.9,-49,-49,3.99
355,5/1/21 19:00,0.5,3.5,-49,-49,3.99
356,5/1/21 19:10,0.5,3.5,-49,-49,3.99
357,5/1/21 19:20,0.5,3.2,-49,-49,3.99
358,5/1/21 19:30,0.5,2.9,-49,-49,3.99
359,5/1/21 19:40,0.5,2.9,-49,-49,3.99
360,5/1/21 19:50,0.5,2.5,-49,-49,3.99
361,5/1/21 20:00,0.5,2.2,-49,-49,3.99
362,5/1/21 20:10,0.5,1.9,-49,-49,3.99
363,5/1/21 20:20,0.5,1.9,-49,-49,3.99
364,5/1/21 20:30,0.5,1.5,-49,-49,3.99
365,5/1/21 20:40,0.5,1.5,-49,-49,3.99
366,5/1/21 20:50,0.5,1.2,-50,-50,3.99
367,5/1/21 21:00,0.5,1.2,-50,-50,3.99
368,5/1/21 21:10,0.5,1.2,-50,-50,3.99
369,5/1/21 21:20,0.5,1.2,-50,-50,3.99
370,5/1/21 21:30,0.5,0.8,-50,-50,3.99
371,5/1/21 21:40,0.5,0.8,-50,-50,3.99
372,5/1/21 21:50,0.5,0.8,-50,-50,3.99
373,5/1/21 22:00,0.5,0.8,-50,-50,3.99
374,5/1/21 22:10,0.5,1.2,-50,-50,3.99
375,5/1/21 22:20,0.5,1.2,-50,-50,3.99
376,5/1/21 22:30,0.5,1.2,-50,-50,3.99
377,5/1/21 22:40,0.5,1.2,-50,-50,3.99
378,5/1/21 22:50,0.5,1.2,-50,-50,3.99
379,5/1/21 23:00,0.5,1.2,-50,-50,3.99
380,5/1/21 23:10,0.5,1.2,-50,-50,3.99
381,5/1/21 23:20,0.5,1.2,-50,-50,3.99
382,5/1/21 23:30,0.5,1.2,-50,-50,3.99
383,5/1/21 23:40,0.5,1.2,-50,-50,3.99
384,5/1/21 23:50,0.5,1.2,-50,-50,3.99
385,5/2/21 0:00,0.5,1.2,-50,-50,3.99
386,5/2/21 0:10,0.5,1.2,-50,-50,3.99
387,5/2/21 0:20,0.5,1.2,-50,-50,3.99
388,5/2/21 0:30,0.5,1.2,-50,-50,3.99
389,5/2/21 0:40,0.5,0.8,-50,-50,3.99
390,5/2/21 0:50,0.5,0.8,-50,-50,3.99
391,5/2/21 1:00,0.5,0.8,-50,-50,3.99
392,5/2/21 1:10,0.5,0.8,-50,-50,3.99
393,5/2/21 1:20,0.5,0.5,-50,-50,3.99
394,5/2/21 1:30,0.5,0.5,-49,-50,3.99
395,5/2/21 1:40,0.5,0.5,-49,-49,3.99
396,5/2/21 1:50,0.5,0.5,-49,-49,3.99
397,5/2/21 2:00,0.5,0.5,-49,-49,3.99
398,5/2/21 2:10,0.5,0.1,-49,-49,3.99
399,5/2/21 2:20,0.5,0.1,-49,-49,3.99
400,5/2/21 2:30,0.5,0.1,-49,-49,3.99
401,5/2/21 2:40,0.5,0.1,-49,-49,3.99
402,5/2/21 2:50,0.5,0.1,-49,-49,3.99
403,5/2/21 3:00,0.5,-0.2,-49,-49,3.99
404,5/2/21 3:10,0.5,-0.2,-49,-49,3.99
405,5/2/21 3:20,0.5,-0.2,-49,-49,3.99
406,5/2/21 3:30,0.5,0.1,-49,-49,3.99
407,5/2/21 3:40,0.5,0.1,-49,-49,3.99
408,5/2/21 3:50,0.5,0.1,-49,-49,3.99
409,5/2/21 4:00,0.5,0.1,-49,-49,3.99
410,5/2/21 4:10,0.5,0.1,-49,-49,3.99
411,5/2/21 4:20,0.5,0.1,-49,-49,3.99
412,5/2/21 4:30,0.5,0.1,-49,-49,3.99
413,5/2/21 4:40,0.5,0.1,-49,-49,3.99
414,5/2/21 4:50,0.5,0.1,-49,-49,3.99
415,5/2/21 5:00,0.5,0.1,-49,-49,3.99
416,5/2/21 5:10,0.5,0.1,-49,-49,3.99
417,5/2/21 5:20,0.5,0.1,-49,-49,3.99
418,5/2/21 5:30,0.5,0.1,-49,-49,3.99
419,5/2/21 5:40,0.5,0.1,-49,-49,3.99
420,5/2/21 5:50,0.5,-0.2,-49,-49,3.99
421,5/2/21 6:00,0.5,-0.2,-49,-49,3.99
422,5/2/21 6:10,0.5,-0.2,-49,-49,3.99
423,5/2/21 6:20,0.5,-0.2,-49,-49,3.99
424,5/2/21 6:30,0.5,-0.2,-49,-49,3.99
425,5/2/21 6:40,0.5,0.1,-49,-49,3.99
426,5/2/21 6:50,0.5,0.1,-49,-49,3.99
427,5/2/21 7:00,0.5,0.1,-49,-49,3.99
428,5/2/21 7:10,0.5,0.5,-49,-49,3.99
429,5/2/21 7:20,0.5,0.5,-49,-49,3.99
430,5/2/21 7:30,0.5,0.5,-49,-49,3.99
431,5/2/21 7:40,0.5,0.5,-49,-49,3.99
432,5/2/21 7:50,0.5,0.5,-49,-49,3.99
433,5/2/21 8:00,0.5,0.5,-49,-49,3.99
434,5/2/21 8:10,0.5,0.5,-49,-49,3.99
435,5/2/21 8:20,0.5,0.8,-49,-49,3.99
436,5/2/21 8:30,0.5,0.8,-49,-49,3.99
437,5/2/21 8:40,0.5,1.2,-49,-49,3.99
438,5/2/21 8:50,0.5,1.2,-49,-49,3.99
439,5/2/21 9:00,0.5,1.2,-49,-49,3.99
440,5/2/21 9:10,0.5,1.5,-49,-49,3.99
441,5/2/21 9:20,0.5,1.5,-49,-49,3.99
442,5/2/21 9:30,0.5,1.9,-49,-49,3.99
443,5/2/21 9:40,0.5,1.9,-49,-49,3.99
444,5/2/21 9:50,0.5,2.2,-49,-49,3.99
445,5/2/21 10:00,0.5,2.2,-49,-49,3.99
446,5/2/21 10:10,0.5,1.9,-49,-49,3.99
447,5/2/21 10:20,0.5,1.5,-49,-49,3.99
448,5/2/21 10:30,0.5,1.2,-49,-49,3.99
449,5/2/21 10:40,0.5,1.2,-49,-49,3.99
450,5/2/21 10:50,0.5,1.2,-49,-49,3.99
451,5/2/21 11:00,0.5,1.2,-49,-49,3.99
452,5/2/21 11:10,0.5,1.2,-49,-49,3.99
453,5/2/21 11:20,0.5,1.5,-49,-49,3.99
454,5/2/21 11:30,0.5,1.9,-49,-49,3.99
455,5/2/21 11:40,0.5,1.9,-49,-49,3.99
456,5/2/21 11:50,0.5,2.2,-49,-49,3.99
457,5/2/21 12:00,0.5,2.2,-49,-49,3.99
458,5/2/21 12:10,0.5,2.5,-49,-49,3.99
459,5/2/21 12:20,0.5,2.9,-49,-49,3.99
460,5/2/21 12:30,0.5,2.9,-49,-49,3.99
461,5/2/21 12:40,0.5,2.9,-49,-49,3.99
462,5/2/21 12:50,0.5,2.9,-49,-49,3.99
463,5/2/21 13:00,0.5,2.9,-49,-49,3.99
464,5/2/21 13:10,0.5,2.9,-49,-49,3.99
465,5/2/21 13:20,0.5,3.2,-49,-49,3.99
466,5/2/21 13:30,0.5,3.2,-50,-50,3.99
467,5/2/21 13:40,0.5,3.5,-49,-50,3.99
468,5/2/21 13:50,0.5,4.2,-49,-49,3.99
469,5/2/21 14:00,0.5,4.2,-49,-49,3.99
470,5/2/21 14:10,0.5,4.6,-49,-49,3.99
471,5/2/21 14:20,0.5,4.6,-49,-49,3.99
472,5/2/21 14:30,0.5,4.9,-49,-49,3.99
473,5/2/21 14:40,0.5,4.9,-49,-49,3.99
474,5/2/21 14:50,0.5,4.9,-49,-49,3.99
475,5/2/21 15:00,0.5,4.6,-49,-49,3.99
476,5/2/21 15:10,0.5,4.2,-50,-49,3.99
477,5/2/21 15:20,0.5,3.9,-50,-50,3.99
478,5/2/21 15:30,0.5,3.2,-49,-49,3.99
479,5/2/21 15:40,0.5,2.9,-49,-49,3.99
480,5/2/21 15:50,0.5,2.9,-49,-49,3.99
481,5/2/21 16:00,0.5,3.2,-49,-49,3.99
482,5/2/21 16:10,0.5,3.2,-50,-50,3.99
483,5/2/21 16:20,0.5,3.5,-49,-49,3.99
484,5/2/21 16:30,0.5,4.9,-49,-49,3.99
485,5/2/21 16:40,0.5,7.5,-50,-49,3.99
486,5/2/21 16:50,0.5,9.2,-49,-49,3.99
487,5/2/21 17:00,0.5,8.9,-50,-49,3.99
488,5/2/21 17:10,0.5,8.2,-49,-49,3.99
489,5/2/21 17:20,0.5,7.5,-50,-49,3.99
490,5/2/21 17:30,0.5,6.5,-49,-49,3.99
491,5/2/21 17:40,0.5,5.9,-49,-49,3.99
492,5/2/21 17:50,0.5,5.2,-49,-49,3.99
493,5/2/21 18:00,0.5,4.6,-49,-49,3.99
494,5/2/21 18:10,0.5,4.2,-49,-49,3.99
495,5/2/21 18:20,0.5,3.5,-50,-49,3.99
496,5/2/21 18:30,0.5,3.2,-49,-50,3.99
497,5/2/21 18:40,0.5,2.9,-49,-49,3.99
498,5/2/21 18:50,0.5,2.5,-49,-49,3.99
499,5/2/21 19:00,0.5,2.2,-49,-49,3.99
500,5/2/21 19:10,0.5,2.2,-49,-49,3.99
501,5/2/21 19:20,0.5,1.9,-49,-49,3.99
502,5/2/21 19:30,0.5,1.9,-49,-49,3.99
503,5/2/21 19:40,0.5,1.5,-49,-49,3.99
504,5/2/21 19:50,0.5,1.5,-49,-49,3.99
505,5/2/21 20:00,0.5,1.2,-49,-49,3.99
506,5/2/21 20:10,0.5,1.2,-49,-49,3.99
507,5/2/21 20:20,0.5,0.8,-49,-49,3.99
508,5/2/21 20:30,0.5,0.8,-49,-49,3.99
509,5/2/21 20:40,0.5,0.8,-49,-49,3.99
510,5/2/21 20:50,0.5,0.5,-49,-49,3.99
511,5/2/21 21:00,0.5,0.5,-49,-49,3.99
512,5/2/21 21:10,0.5,0.5,-49,-49,3.99
513,5/2/21 21:20,0.5,0.5,-49,-49,3.99
514,5/2/21 21:30,0.5,0.5,-49,-49,3.99
515,5/2/21 21:40,0.5,0.5,-49,-49,3.99
516,5/2/21 21:50,0.5,0.5,-49,-49,3.99
517,5/2/21 22:00,0.5,0.5,-49,-49,3.99
518,5/2/21 22:10,0.5,0.5,-49,-49,3.99
519,5/2/21 22:20,0.5,0.5,-49,-49,3.99
520,5/2/21 22:30,0.5,0.5,-49,-49,3.99
521,5/2/21 22:40,0.5,0.5,-49,-49,3.99
522,5/2/21 22:50,0.5,0.5,-49,-49,3.99
523,5/2/21 23:00,0.5,0.5,-49,-49,3.99
524,5/2/21 23:10,0.5,0.5,-49,-49,3.99
525,5/2/21 23:20,0.5,0.5,-49,-49,3.99
526,5/2/21 23:30,0.5,0.5,-49,-49,3.99
527,5/2/21 23:40,0.5,0.5,-49,-49,3.99
528,5/2/21 23:50,0.5,0.5,-49,-49,3.99
529,5/3/21 0:00,0.5,0.5,-49,-49,3.99
530,5/3/21 0:10,0.5,0.5,-49,-49,3.99
531,5/3/21 0:20,0.5,0.5,-49,-49,3.99
532,5/3/21 0:30,0.5,0.5,-49,-49,3.99
533,5/3/21 0:40,0.5,0.5,-49,-49,3.99
534,5/3/21 0:50,0.5,0.1,-49,-49,3.99
535,5/3/21 1:00,0.5,0.1,-49,-49,3.99
536,5/3/21 1:10,0.5,0.1,-49,-49,3.99
537,5/3/21 1:20,0.5,0.1,-49,-49,3.99
538,5/3/21 1:30,0.5,0.1,-49,-49,3.99
539,5/3/21 1:40,0.5,0.1,-49,-49,3.99
540,5/3/21 1:50,0.5,0.1,-49,-49,3.99
541,5/3/21 2:00,0.5,0.1,-49,-49,3.99
542,5/3/21 2:10,0.5,0.1,-49,-49,3.99
543,5/3/21 2:20,0.5,0.1,-49,-49,3.99
544,5/3/21 2:30,0.5,0.1,-49,-49,3.99
545,5/3/21 2:40,0.5,0.1,-49,-49,3.99
546,5/3/21 2:50,0.5,0.1,-49,-49,3.99
547,5/3/21 3:00,0.5,0.1,-49,-49,3.99
548,5/3/21 3:10,0.5,0.1,-49,-49,3.99
549,5/3/21 3:20,0.5,0.1,-49,-49,3.99
550,5/3/21 3:30,0.5,0.1,-49,-49,3.99
551,5/3/21 3:40,0.5,0.1,-49,-49,3.99
552,5/3/21 3:50,0.5,0.1,-49,-49,3.99
553,5/3/21 4:00,0.5,0.1,-49,-49,3.99
554,5/3/21 4:10,0.5,0.1,-49,-49,3.99
555,5/3/21 4:20,0.5,0.1,-49,-49,3.99
556,5/3/21 4:30,0.5,-0.2,-49,-49,3.99
557,5/3/21 4:40,0.5,-0.2,-49,-49,3.99
558,5/3/21 4:50,0.5,-0.2,-49,-49,3.99
559,5/3/21 5:00,0.5,-0.6,-49,-49,3.99
560,5/3/21 5:10,0.5,-0.6,-49,-49,3.99
561,5/3/21 5:20,0.5,-0.9,-49,-49,3.99
562,5/3/21 5:30,0.5,-0.9,-49,-49,3.99
563,5/3/21 5:40,0.5,-0.9,-49,-49,3.99
564,5/3/21 5:50,0.5,-0.9,-49,-49,3.99
565,5/3/21 6:00,0.5,-0.9,-49,-49,3.99
566,5/3/21 6:10,0.5,-0.9,-49,-49,3.99
567,5/3/21 6:20,0.5,-0.9,-49,-49,3.99
568,5/3/21 6:30,0.5,-0.9,-49,-49,3.99
569,5/3/21 6:40,0.5,-0.9,-49,-49,3.99
570,5/3/21 6:50,0.5,-0.9,-49,-49,3.99
571,5/3/21 7:00,0.5,-0.9,-49,-49,3.99
572,5/3/21 7:10,0.5,-0.9,-49,-49,3.99
573,5/3/21 7:20,0.5,-0.9,-49,-49,3.99
574,5/3/21 7:30,0.5,-0.6,-49,-49,3.99
575,5/3/21 7:40,0.5,-0.6,-49,-49,3.99
576,5/3/21 7:50,0.5,-0.2,-49,-49,3.99
577,5/3/21 8:00,0.5,-0.2,-49,-49,3.99
578,5/3/21 8:10,0.5,-0.2,-49,-49,3.99
579,5/3/21 8:20,0.5,-0.2,-49,-49,3.99
580,5/3/21 8:30,0.5,-0.2,-49,-49,3.99
581,5/3/21 8:40,0.5,-0.2,-49,-49,3.99
582,5/3/21 8:50,0.5,-0.2,-49,-49,3.99
583,5/3/21 9:00,0.5,0.1,-49,-49,3.99
584,5/3/21 9:10,0.5,0.1,-49,-49,3.99
585,5/3/21 9:20,0.5,0.5,-49,-49,3.99
586,5/3/21 9:30,0.5,0.8,-49,-49,3.99
587,5/3/21 9:40,0.5,0.8,-49,-49,3.99
588,5/3/21 9:50,0.5,0.8,-49,-49,3.99
589,5/3/21 10:00,0.5,0.8,-49,-49,3.99
590,5/3/21 10:10,0.5,0.8,-49,-49,3.99
591,5/3/21 10:20,0.5,0.8,-49,-49,3.99
592,5/3/21 10:30,0.5,1.2,-49,-49,3.99
593,5/3/21 10:40,0.5,1.2,-49,-49,3.99
594,5/3/21 10:50,0.5,1.5,-49,-49,3.99
595,5/3/21 11:00,0.5,1.5,-49,-49,3.99
596,5/3/21 11:10,0.5,1.5,-49,-49,3.99
597,5/3/21 11:20,0.5,1.9,-49,-49,3.99
598,5/3/21 11:30,0.5,1.9,-49,-49,3.99
599,5/3/21 11:40,0.5,1.9,-49,-49,3.99
600,5/3/21 11:50,0.5,2.2,-49,-49,3.99
601,5/3/21 12:00,0.5,2.5,-49,-49,3.99
602,5/3/21 12:10,0.5,2.5,-49,-49,3.99
603,5/3/21 12:20,0.5,2.5,-49,-49,3.99
604,5/3/21 12:30,0.5,2.9,-49,-49,3.99
605,5/3/21 12:40,0.5,2.9,-49,-49,3.99
606,5/3/21 12:50,0.5,3.2,-49,-49,3.99
607,5/3/21 13:00,0.5,3.2,-49,-49,3.99
608,5/3/21 13:10,0.5,3.5,-49,-49,3.99
609,5/3/21 13:20,0.5,3.5,-49,-49,3.99
610,5/3/21 13:30,0.5,3.5,-49,-49,3.99
611,5/3/21 13:40,0.5,3.5,-49,-49,3.99
612,5/3/21 13:50,0.5,3.5,-49,-49,3.99
613,5/3/21 14:00,0.5,3.5,-49,-49,3.99
614,5/3/21 14:10,0.5,3.5,-49,-49,3.99
615,5/3/21 14:20,0.5,3.9,-49,-49,3.99
616,5/3/21 14:30,0.5,3.9,-49,-49,3.99
617,5/3/21 14:40,0.5,3.9,-49,-49,3.99
618,5/3/21 14:50,0.5,4.2,-49,-49,3.99
619,5/3/21 15:00,0.5,4.6,-49,-49,3.99
620,5/3/21 15:10,0.5,4.9,-49,-49,3.99
621,5/3/21 15:20,0.5,5.6,-49,-49,3.99
622,5/3/21 15:30,0.5,6.9,-49,-49,3.99
623,5/3/21 15:40,0.5,7.2,-49,-49,3.99
624,5/3/21 15:50,0.5,6.9,-49,-49,3.99
625,5/3/21 16:00,0.5,5.6,-49,-49,3.99
626,5/3/21 16:10,0.5,4.6,-49,-49,3.99
627,5/3/21 16:20,0.5,3.9,-49,-49,3.99
628,5/3/21 16:30,0.5,3.2,-49,-49,3.99
629,5/3/21 16:40,0.5,3.5,-49,-49,3.99
630,5/3/21 16:50,0.5,5.2,-49,-49,3.99
631,5/3/21 17:00,0.5,8.2,-49,-49,3.99
632,5/3/21 17:10,0.5,8.9,-49,-49,3.99
633,5/3/21 17:20,0.5,8.2,-49,-49,3.99
634,5/3/21 17:30,0.5,6.9,-49,-49,3.99
635,5/3/21 17:40,0.5,5.6,-49,-49,3.99
636,5/3/21 17:50,0.5,4.6,-49,-49,3.99
637,5/3/21 18:00,0.5,3.5,-49,-49,3.99
638,5/3/21 18:10,0.5,2.9,-49,-49,3.99
639,5/3/21 18:20,0.5,2.5,-49,-49,3.99
640,5/3/21 18:30,0.5,2.2,-49,-49,3.99
641,5/3/21 18:40,0.5,1.9,-49,-49,3.99
642,5/3/21 18:50,0.5,1.5,-49,-49,3.99
643,5/3/21 19:00,0.5,1.5,-49,-49,3.99
644,5/3/21 19:10,0.5,1.2,-49,-49,3.99
645,5/3/21 19:20,0.5,1.2,-49,-49,3.99
646,5/3/21 19:30,0.5,0.8,-49,-49,3.99
647,5/3/21 19:40,0.5,0.8,-49,-49,3.99
648,5/3/21 19:50,0.5,0.5,-49,-49,3.99
649,5/3/21 20:00,0.5,0.5,-49,-49,3.99
650,5/3/21 20:10,0.5,0.1,-49,-49,3.99
651,5/3/21 20:20,0.5,0.1,-49,-49,3.99
652,5/3/21 20:30,0.5,0.1,-49,-49,3.99
653,5/3/21 20:40,0.5,0.1,-49,-49,3.99
654,5/3/21 20:50,0.5,0.1,-49,-49,3.99
655,5/3/21 21:00,0.5,0.1,-49,-49,3.99
656,5/3/21 21:10,0.5,-0.2,-49,-49,3.99
657,5/3/21 21:20,0.5,-0.2,-49,-49,3.99
658,5/3/21 21:30,0.5,-0.2,-49,-49,3.99
659,5/3/21 21:40,0.5,-0.2,-49,-49,3.99
660,5/3/21 21:50,0.5,-0.2,-49,-49,3.99
661,5/3/21 22:00,0.5,-0.2,-49,-49,3.99
662,5/3/21 22:10,0.5,-0.2,-49,-49,3.99
663,5/3/21 22:20,0.5,-0.6,-49,-49,3.99
664,5/3/21 22:30,0.5,-0.6,-49,-49,3.99
665,5/3/21 22:40,0.5,-0.6,-49,-49,3.99
666,5/3/21 22:50,0.5,-0.6,-49,-49,3.99
667,5/3/21 23:00,0.5,-0.6,-49,-49,3.99
668,5/3/21 23:10,0.5,-0.6,-49,-49,3.99
669,5/3/21 23:20,0.5,-0.9,-49,-49,3.99
670,5/3/21 23:30,0.5,-0.9,-49,-49,3.99
671,5/3/21 23:40,0.5,-0.9,-49,-49,3.99
672,5/3/21 23:50,0.5,-0.9,-49,-49,3.99
673,5/4/21 0:00,0.5,-0.9,-49,-49,3.99
674,5/4/21 0:10,0.5,-0.9,-49,-49,3.99
675,5/4/21 0:20,0.5,-0.9,-49,-49,3.99
676,5/4/21 0:30,0.5,-0.9,-49,-49,3.99
677,5/4/21 0:40,0.5,-0.9,-49,-49,3.99
678,5/4/21 0:50,0.5,-0.9,-49,-49,3.99
679,5/4/21 1:00,0.5,-0.9,-49,-49,3.99
680,5/4/21 1:10,0.5,-0.9,-49,-49,3.99
681,5/4/21 1:20,0.5,-1.3,-49,-49,3.99
682,5/4/21 1:30,0.5,-1.3,-49,-49,3.99
683,5/4/21 1:40,0.5,-1.3,-49,-49,3.99
684,5/4/21 1:50,0.5,-1.3,-49,-49,3.99
685,5/4/21 2:00,0.5,-1.3,-49,-49,3.99
686,5/4/21 2:10,0.5,-1.3,-49,-49,3.99
687,5/4/21 2:20,0.5,-1.3,-49,-49,3.99
688,5/4/21 2:30,0.5,-1.3,-49,-49,3.99
689,5/4/21 2:40,0.5,-1.3,-49,-49,3.99
690,5/4/21 2:50,0.5,-1.3,-49,-49,3.99
691,5/4/21 3:00,0.5,-1.3,-49,-49,3.99
692,5/4/21 3:10,0.5,-1.3,-49,-49,3.99
693,5/4/21 3:20,0.5,-1.3,-49,-49,3.99
694,5/4/21 3:30,0.5,-1.3,-49,-49,3.99
695,5/4/21 3:40,0.5,-1.3,-49,-49,3.99
696,5/4/21 3:50,0.5,-1.3,-49,-49,3.99
697,5/4/21 4:00,0.5,-1.6,-49,-49,3.99
698,5/4/21 4:10,0.5,-1.6,-49,-49,3.99
699,5/4/21 4:20,0.5,-1.6,-49,-49,3.99
700,5/4/21 4:30,0.5,-1.6,-49,-49,3.99
701,5/4/21 4:40,0.5,-1.6,-49,-49,3.99
702,5/4/21 4:50,0.5,-1.6,-49,-49,3.99
703,5/4/21 5:00,0.5,-1.6,-49,-49,3.99
704,5/4/21 5:10,0.5,-1.6,-49,-49,3.99
705,5/4/21 5:20,0.5,-1.6,-49,-49,3.99
706,5/4/21 5:30,0.5,-1.6,-49,-49,3.99
707,5/4/21 5:40,0.5,-1.6,-49,-49,3.99
708,5/4/21 5:50,0.5,-1.6,-49,-49,3.99
709,5/4/21 6:00,0.5,-1.6,-49,-49,3.99
710,5/4/21 6:10,0.5,-1.6,-49,-49,3.99
711,5/4/21 6:20,0.5,-1.6,-49,-49,3.99
712,5/4/21 6:30,0.5,-1.6,-49,-49,3.99
713,5/4/21 6:40,0.5,-1.3,-49,-49,3.99
714,5/4/21 6:50,0.5,-1.3,-49,-49,3.99
715,5/4/21 7:00,0.5,-1.3,-49,-49,3.99
716,5/4/21 7:10,0.5,-1.3,-49,-49,3.99
717,5/4/21 7:20,0.5,-1.3,-49,-49,3.99
718,5/4/21 7:30,0.5,-1.3,-49,-49,3.99
719,5/4/21 7:40,0.5,-1.3,-49,-49,3.99
720,5/4/21 7:50,0.5,-0.9,-49,-49,3.99
721,5/4/21 8:00,0.5,-0.9,-49,-49,3.99
722,5/4/21 8:10,0.5,-0.9,-49,-49,3.99
723,5/4/21 8:20,0.5,-0.6,-49,-49,3.99
724,5/4/21 8:30,0.5,-0.6,-49,-49,3.99
725,5/4/21 8:40,0.5,-0.6,-49,-49,3.99
726,5/4/21 8:50,0.5,-0.6,-49,-49,3.99
727,5/4/21 9:00,0.5,-0.2,-49,-49,3.99
728,5/4/21 9:10,0.5,0.1,-49,-49,3.99
729,5/4/21 9:20,0.5,0.1,-49,-49,3.99
730,5/4/21 9:30,0.5,0.5,-49,-49,3.99
731,5/4/21 9:40,0.5,0.8,-49,-49,3.99
732,5/4/21 9:50,0.5,0.8,-49,-49,3.99
733,5/4/21 10:00,0.5,1.2,-49,-49,3.99
734,5/4/21 10:10,0.5,1.2,-49,-49,3.99
735,5/4/21 10:20,0.5,1.5,-49,-49,3.99
736,5/4/21 10:30,0.5,1.9,-49,-49,3.99
737,5/4/21 10:40,0.5,1.9,-49,-49,3.99
738,5/4/21 10:50,0.5,2.2,-49,-49,3.99
739,5/4/21 11:00,0.5,2.2,-49,-49,3.99
740,5/4/21 11:10,0.5,2.5,-49,-49,3.99
741,5/4/21 11:20,0.5,2.5,-49,-49,3.99
742,5/4/21 11:30,0.5,2.5,-49,-49,3.99
743,5/4/21 11:40,0.5,2.5,-49,-49,3.99
744,5/4/21 11:50,0.5,2.9,-49,-49,3.99
745,5/4/21 12:00,0.5,2.9,-49,-49,3.99
746,5/4/21 12:10,0.5,2.9,-49,-49,3.99
747,5/4/21 12:20,0.5,3.2,-49,-49,3.99
748,5/4/21 12:30,0.5,3.5,-49,-49,3.99
749,5/4/21 12:40,0.5,3.9,-49,-49,3.99
750,5/4/21 12:50,0.5,4.2,-49,-49,3.99
751,5/4/21 13:00,0.5,4.6,-49,-49,3.99
752,5/4/21 13:10,0.5,4.9,-49,-49,3.99
753,5/4/21 13:20,0.5,4.6,-49,-49,3.99
754,5/4/21 13:30,0.5,4.6,-49,-49,3.99
755,5/4/21 13:40,0.5,4.6,-49,-49,3.99
756,5/4/21 13:50,0.5,4.2,-49,-49,3.99
757,5/4/21 14:00,0.5,4.2,-49,-49,3.99
758,5/4/21 14:10,0.5,3.9,-49,-49,3.99
759,5/4/21 14:20,0.5,3.9,-49,-49,3.99
760,5/4/21 14:30,0.5,4.2,-49,-49,3.99
761,5/4/21 14:40,0.5,4.6,-49,-49,3.99
762,5/4/21 14:50,0.5,4.9,-49,-49,3.99
763,5/4/21 15:00,0.5,4.9,-49,-49,3.99
764,5/4/21 15:10,0.5,4.2,-49,-49,3.99
765,5/4/21 15:20,0.5,3.9,-49,-49,3.99
766,5/4/21 15:30,0.5,3.2,-49,-49,3.99
767,5/4/21 15:40,0.5,2.9,-49,-49,3.99
768,5/4/21 15:50,0.5,2.5,-49,-49,3.99
769,5/4/21 16:00,0.5,2.2,-49,-49,3.99
770,5/4/21 16:10,0.5,1.9,-49,-49,3.99
771,5/4/21 16:20,0.5,1.9,-49,-49,3.99
772,5/4/21 16:30,0.5,1.9,-49,-49,3.99
773,5/4/21 16:40,0.5,3.2,-49,-49,3.99
774,5/4/21 16:50,0.5,4.6,-49,-49,3.99
775,5/4/21 17:00,0.5,4.6,-49,-49,3.99
776,5/4/21 17:10,0.5,3.9,-49,-49,3.99
777,5/4/21 17:20,0.5,3.2,-49,-49,3.99
778,5/4/21 17:30,0.5,2.5,-49,-49,3.99
779,5/4/21 17:40,0.5,2.2,-49,-49,3.99
780,5/4/21 17:50,0.5,2.2,-49,-49,3.99
781,5/4/21 18:00,0.5,1.9,-49,-49,3.99
782,5/4/21 18:10,0.5,1.9,-49,-49,3.99
783,5/4/21 18:20,0.5,1.9,-49,-49,3.99
784,5/4/21 18:30,0.5,1.5,-49,-49,3.99
785,5/4/21 18:40,0.5,1.5,-49,-49,3.99
786,5/4/21 18:50,0.5,1.2,-49,-49,3.99
787,5/4/21 19:00,0.5,1.2,-49,-49,3.99
788,5/4/21 19:10,0.5,1.2,-49,-49,3.99
789,5/4/21 19:20,0.5,0.8,-49,-49,3.99
790,5/4/21 19:30,0.5,0.8,-49,-49,3.99
791,5/4/21 19:40,0.5,0.8,-49,-49,3.99
792,5/4/21 19:50,0.5,0.5,-49,-49,3.99
793,5/4/21 20:00,0.5,0.5,-49,-49,3.99
794,5/4/21 20:10,0.5,0.1,-49,-49,3.99
795,5/4/21 20:20,0.5,0.1,-49,-49,3.99
796,5/4/21 20:30,0.5,-0.2,-49,-49,3.99
797,5/4/21 20:40,0.5,-0.2,-49,-49,3.99
798,5/4/21 20:50,0.5,-0.6,-49,-49,3.99
799,5/4/21 21:00,0.5,-0.6,-49,-49,3.99
800,5/4/21 21:10,0.5,-0.9,-49,-49,3.99
801,5/4/21 21:20,0.5,-0.9,-49,-49,3.99
802,5/4/21 21:30,0.5,-1.3,-49,-49,3.99
803,5/4/21 21:40,0.5,-1.3,-49,-49,3.99
804,5/4/21 21:50,0.5,-1.3,-49,-49,3.99
805,5/4/21 22:00,0.5,-1.3,-49,-49,3.99
806,5/4/21 22:10,0.5,-1.3,-49,-49,3.99
807,5/4/21 22:20,0.5,-1.3,-49,-49,3.99
808,5/4/21 22:30,0.5,-1.3,-49,-49,3.99
809,5/4/21 22:40,0.5,-1.3,-49,-49,3.99
810,5/4/21 22:50,0.5,-1.3,-49,-49,3.99
811,5/4/21 23:00,0.5,-1.3,-49,-49,3.99
812,5/4/21 23:10,0.5,-1.3,-49,-49,3.99
813,5/4/21 23:20,0.5,-1.3,-49,-49,3.99
814,5/4/21 23:30,0.5,-1.3,-49,-49,3.99
815,5/4/21 23:40,0.5,-1.3,-49,-49,3.99
816,5/4/21 23:50,0.5,-1.3,-49,-49,3.99
817,5/5/21 0:00,0.5,-1.3,-49,-49,3.99
818,5/5/21 0:10,0.5,-1.3,-49,-49,3.99
819,5/5/21 0:20,0.5,-1.3,-49,-49,3.99
820,5/5/21 0:30,0.5,-1.3,-49,-49,3.99
821,5/5/21 0:40,0.5,-1.3,-49,-49,3.99
822,5/5/21 0:50,0.5,-1.3,-49,-49,3.99
823,5/5/21 1:00,0.5,-1.3,-49,-49,3.99
824,5/5/21 1:10,0.5,-1.3,-49,-49,3.99
825,5/5/21 1:20,0.5,-1.3,-49,-49,3.99
826,5/5/21 1:30,0.5,-1.3,-49,-49,3.99
827,5/5/21 1:40,0.5,-1.3,-49,-49,3.99
828,5/5/21 1:50,0.5,-0.9,-49,-49,3.99
829,5/5/21 2:00,0.5,-0.9,-49,-49,3.99
830,5/5/21 2:10,0.5,-0.9,-49,-49,3.99
831,5/5/21 2:20,0.5,-0.9,-49,-49,3.99
832,5/5/21 2:30,0.5,-0.9,-49,-49,3.99
833,5/5/21 2:40,0.5,-0.9,-49,-49,3.99
834,5/5/21 2:50,0.5,-0.9,-49,-49,3.99
835,5/5/21 3:00,0.5,-0.9,-49,-49,3.99
836,5/5/21 3:10,0.5,-0.9,-49,-49,3.99
837,5/5/21 3:20,0.5,-1.3,-49,-49,3.99
838,5/5/21 3:30,0.5,-1.3,-49,-49,3.99
839,5/5/21 3:40,0.5,-1.3,-49,-49,3.99
840,5/5/21 3:50,0.5,-1.3,-49,-49,3.99
841,5/5/21 4:00,0.5,-1.3,-49,-49,3.99
842,5/5/21 4:10,0.5,-1.3,-49,-49,3.99
843,5/5/21 4:20,0.5,-1.3,-49,-49,3.99
844,5/5/21 4:30,0.5,-1.3,-49,-49,3.99
845,5/5/21 4:40,0.5,-1.3,-49,-49,3.99
846,5/5/21 4:50,0.5,-1.3,-49,-49,3.99
847,5/5/21 5:00,0.5,-1.6,-49,-49,3.99
848,5/5/21 5:10,0.5,-1.6,-49,-49,3.99
849,5/5/21 5:20,0.5,-1.6,-49,-49,3.99
850,5/5/21 5:30,0.5,-2,-49,-49,3.99
851,5/5/21 5:40,0.5,-2,-49,-49,3.99
852,5/5/21 5:50,0.5,-2,-49,-49,3.99
853,5/5/21 6:00,0.5,-2,-49,-49,3.99
854,5/5/21 6:10,0.5,-2,-49,-49,3.99
855,5/5/21 6:20,0.5,-2,-49,-49,3.99
856,5/5/21 6:30,0.5,-2,-49,-49,3.99
857,5/5/21 6:40,0.5,-2,-49,-49,3.99
858,5/5/21 6:50,0.5,-2,-49,-49,3.99
859,5/5/21 7:00,0.5,-2,-49,-49,3.99
860,5/5/21 7:10,0.5,-2,-49,-49,3.99
861,5/5/21 7:20,0.5,-2,-49,-49,3.99
862,5/5/21 7:30,0.5,-2,-49,-49,3.99
863,5/5/21 7:40,0.5,-1.6,-49,-49,3.99
864,5/5/21 7:50,0.5,-1.3,-49,-49,3.99
865,5/5/21 8:00,0.5,-0.9,-49,-49,3.99
866,5/5/21 8:10,0.5,-0.6,-49,-49,3.99
867,5/5/21 8:20,0.5,-0.6,-49,-49,3.99
868,5/5/21 8:30,0.5,-0.6,-49,-49,3.99
869,5/5/21 8:40,0.5,-0.2,-49,-49,3.99
870,5/5/21 8:50,0.5,0.1,-49,-49,3.99
871,5/5/21 9:00,0.5,0.1,-49,-49,3.99
872,5/5/21 9:10,0.5,0.5,-49,-49,3.99
873,5/5/21 9:20,0.5,0.5,-49,-49,3.99
874,5/5/21 9:30,0.5,0.5,-49,-49,3.99
875,5/5/21 9:40,0.5,0.5,-49,-49,3.99
876,5/5/21 9:50,0.5,0.8,-49,-49,3.99
877,5/5/21 10:00,0.5,1.2,-49,-49,3.99
878,5/5/21 10:10,0.5,1.5,-49,-49,3.99
879,5/5/21 10:20,0.5,1.5,-49,-49,3.99
880,5/5/21 10:30,0.5,1.9,-49,-49,3.99
881,5/5/21 10:40,0.5,2.2,-49,-49,3.99
882,5/5/21 10:50,0.5,2.2,-49,-49,3.99
883,5/5/21 11:00,0.5,2.2,-49,-49,3.99
884,5/5/21 11:10,0.5,2.2,-49,-49,3.99
885,5/5/21 11:20,0.5,2.2,-49,-49,3.99
886,5/5/21 11:30,0.5,1.9,-49,-49,3.99
887,5/5/21 11:40,0.5,1.9,-49,-49,3.99
888,5/5/21 11:50,0.5,1.9,-49,-49,3.99
889,5/5/21 12:00,0.5,1.9,-49,-49,3.99
890,5/5/21 12:10,0.5,2.2,-49,-49,3.99
891,5/5/21 12:20,0.5,1.9,-49,-49,3.99
892,5/5/21 12:30,0.5,1.9,-49,-49,3.99
893,5/5/21 12:40,0.5,1.9,-49,-49,3.99
894,5/5/21 12:50,0.5,2.2,-49,-49,3.99
895,5/5/21 13:00,0.5,2.2,-49,-49,3.99
896,5/5/21 13:10,0.5,2.2,-49,-49,3.99
897,5/5/21 13:20,0.5,2.2,-49,-49,3.99
898,5/5/21 13:30,0.5,2.2,-49,-49,3.99