date,time,voltage_mv,co2_ppm
6/30/21,11:30:00,82.695,275.65
6/30/21,11:40:00,83.395,277.9833333
6/30/21,11:50:00,82.25,274.1666667
6/30/21,12:00:00,82.16,273.8666667
6/30/21,12:10:00,79.82,266.0666667
6/30/21,12:20:00,81.015,270.05
6/30/21,12:30:00,83.495,278.3166667
6/30/21,12:40:00,80.64,268.8
6/30/21,12:50:00,80.42,268.0666667
6/30/21,13:00:00,81.855,272.85
6/30/21,13:10:00,83.52,278.4
6/30/21,13:20:00,80.72,269.0666667
6/30/21,13:30:00,80.845,269.4833333
6/30/21,13:40:00,83.565,278.55
6/30/21,13:50:00,83.57,278.5666667
6/30/21,14:00:00,81.085,270.2833333
6/30/21,14:10:00,83.65,278.8333333
6/30/21,14:20:00,83.485,278.2833333
6/30/21,14:30:00,81.01,270.0333333
6/30/21,14:40:00,83.355,277.85
6/30/21,14:50:00,84.21,280.7
6/30/21,15:00:00,88.54,295.1333333
6/30/21,15:10:00,88.54,295.1333333
6/30/21,15:20:00,85.95,286.5
6/30/21,15:30:00,85.82,286.0666667
6/30/21,15:40:00,83.085,276.95
6/30/21,15:50:00,80.985,269.95
6/30/21,16:00:00,80.86,269.5333333
6/30/21,16:10:00,81.58,271.9333333
6/30/21,16:20:00,83.56,278.5333333
6/30/21,16:30:00,85.05,283.5
6/30/21,16:40:00,88.725,295.75
6/30/21,16:50:00,90.45,301.5
6/30/21,17:00:00,91.27,304.2333333
6/30/21,17:10:00,88.62,295.4
6/30/21,17:20:00,85.89,286.3
6/30/21,17:30:00,88.15,293.8333333
6/30/21,17:40:00,91.12,303.7333333
6/30/21,17:50:00,93.235,310.7833333
6/30/21,18:00:00,94.625,315.4166667
6/30/21,18:10:00,95.975,319.9166667
6/30/21,18:20:00,93.475,311.5833333
6/30/21,18:30:00,93.41,311.3666667
6/30/21,18:40:00,94.09,313.6333333
6/30/21,18:50:00,94.875,316.25
6/30/21,19:00:00,99.68,332.2666667
6/30/21,19:10:00,95.645,318.8166667
6/30/21,19:20:00,100.54,335.1333333
6/30/21,19:30:00,93.18,310.6
6/30/21,19:40:00,93.685,312.2833333
6/30/21,19:50:00,94.12,313.7333333
6/30/21,20:00:00,91.35,304.5
6/30/21,20:10:00,93.335,311.1166667
6/30/21,20:20:00,95.77,319.2333333
6/30/21,20:30:00,93.83,312.7666667
6/30/21,20:40:00,93.14,310.4666667
6/30/21,20:50:00,91.17,303.9
6/30/21,21:00:00,90.655,302.1833333
6/30/21,21:10:00,93.26,310.8666667
6/30/21,21:20:00,93.98,313.2666667
6/30/21,21:30:00,91.31,304.3666667
6/30/21,21:40:00,93.665,312.2166667
6/30/21,21:50:00,94.25,314.1666667
6/30/21,22:00:00,93.88,312.9333333
6/30/21,22:10:00,94.81,316.0333333
6/30/21,22:20:00,94.915,316.3833333
6/30/21,22:30:00,98.79,329.3
6/30/21,22:40:00,99.075,330.25
6/30/21,22:50:00,97.34,324.4666667
6/30/21,23:00:00,93.32,311.0666667
6/30/21,23:10:00,97.975,326.5833333
6/30/21,23:20:00,99.205,330.6833333
6/30/21,23:30:00,98.99,329.9666667
6/30/21,23:40:00,98.455,328.1833333
6/30/21,23:50:00,100.76,335.8666667
7/1/21,0:00:00,103.19,343.9666667
7/1/21,0:10:00,103.375,344.5833333
7/1/21,0:20:00,101.9,339.6666667
7/1/21,0:30:00,103.355,344.5166667
7/1/21,0:40:00,103.71,345.7
7/1/21,0:50:00,106.01,353.3666667
7/1/21,1:00:00,105.065,350.2166667
7/1/21,1:10:00,98.5,328.3333333
7/1/21,1:20:00,100.725,335.75
7/1/21,1:30:00,101.13,337.1
7/1/21,1:40:00,102.125,340.4166667
7/1/21,1:50:00,102.42,341.4
7/1/21,2:00:00,102.29,340.9666667
7/1/21,2:10:00,100.85,336.1666667
7/1/21,2:20:00,100.965,336.55
7/1/21,2:30:00,100.545,335.15
7/1/21,2:40:00,101,336.6666667
7/1/21,2:50:00,98.05,326.8333333
7/1/21,3:00:00,98.35,327.8333333
7/1/21,3:10:00,98.47,328.2333333
7/1/21,3:20:00,96.785,322.6166667
7/1/21,3:30:00,98.72,329.0666667
7/1/21,3:40:00,95.87,319.5666667
7/1/21,3:50:00,93.39,311.3
7/1/21,4:00:00,96.3,321
7/1/21,4:10:00,99.68,332.2666667
7/1/21,4:20:00,96.575,321.9166667
7/1/21,4:30:00,100.635,335.45
7/1/21,4:40:00,93.775,312.5833333
7/1/21,4:50:00,100.145,333.8166667
7/1/21,5:00:00,97.6,325.3333333
7/1/21,5:10:00,96.95,323.1666667
7/1/21,5:20:00,98.41,328.0333333
7/1/21,5:30:00,98.22,327.4
7/1/21,5:40:00,98.265,327.55
7/1/21,5:50:00,96.55,321.8333333
7/1/21,6:00:00,98.675,328.9166667
7/1/21,6:10:00,98.25,327.5
7/1/21,6:20:00,99.025,330.0833333
7/1/21,6:30:00,100.255,334.1833333
7/1/21,6:40:00,98.65,328.8333333
7/1/21,6:50:00,97.555,325.1833333
7/1/21,7:00:00,96.79,322.6333333
7/1/21,7:10:00,97.295,324.3166667
7/1/21,7:20:00,95.865,319.55
7/1/21,7:30:00,98.43,328.1
7/1/21,7:40:00,94.905,316.35
7/1/21,7:50:00,93.405,311.35
7/1/21,8:00:00,93.14,310.4666667
7/1/21,8:10:00,92.515,308.3833333
7/1/21,8:20:00,93.26,310.8666667
7/1/21,8:30:00,90.83,302.7666667
7/1/21,8:40:00,87.51,291.7
7/1/21,8:50:00,85.665,285.55
7/1/21,9:00:00,82.235,274.1166667
7/1/21,9:10:00,83.395,277.9833333
7/1/21,9:20:00,83.325,277.75
7/1/21,9:30:00,78.215,260.7166667
7/1/21,9:40:00,74.625,248.75
7/1/21,9:50:00,77.71,259.0333333
7/1/21,10:00:00,74.68,248.9333333
7/1/21,10:10:00,74.02,246.7333333
7/1/21,10:20:00,60.855,202.85
7/1/21,10:30:00,68.1,227
7/1/21,10:40:00,67.415,224.7166667
7/1/21,10:50:00,68.2,227.3333333
7/1/21,11:00:00,67.305,224.35
7/1/21,11:10:00,66.91,223.0333333
7/1/21,11:20:00,60.55,201.8333333
7/1/21,11:30:00,62.275,207.5833333
7/1/21,11:40:00,65.605,218.6833333
7/1/21,11:50:00,69.45,231.5
7/1/21,12:00:00,75.37,251.2333333
7/1/21,12:10:00,77.8,259.3333333
7/1/21,12:20:00,73.245,244.15
7/1/21,12:30:00,68.075,226.9166667
7/1/21,12:40:00,67.395,224.65
7/1/21,12:50:00,68.11,227.0333333
7/1/21,13:00:00,60.61,202.0333333
7/1/21,13:10:00,51.955,173.1833333
7/1/21,13:20:00,38.735,129.1166667
7/1/21,13:30:00,43.09,143.6333333
7/1/21,13:40:00,47.405,158.0166667
7/1/21,13:50:00,44.47,148.2333333
7/1/21,14:00:00,48.555,161.85
7/1/21,14:10:00,48.625,162.0833333
7/1/21,14:20:00,45.06,150.2
7/1/21,14:30:00,41.2,137.3333333
7/1/21,14:40:00,41.27,137.5666667
7/1/21,14:50:00,47.34,157.8
7/1/21,15:00:00,45.945,153.15
7/1/21,15:10:00,47.245,157.4833333
7/1/21,15:20:00,44.99,149.9666667
7/1/21,15:30:00,45.585,151.95
7/1/21,15:40:00,39.305,131.0166667
7/1/21,15:50:00,47.925,159.75
7/1/21,16:00:00,46.345,154.4833333
7/1/21,16:10:00,55.685,185.6166667
7/1/21,16:20:00,53.765,179.2166667
7/1/21,16:30:00,63.355,211.1833333
7/1/21,16:40:00,70.86,236.2
7/1/21,16:50:00,73.235,244.1166667
7/1/21,17:00:00,80.645,268.8166667
7/1/21,17:10:00,82.15,273.8333333
7/1/21,17:20:00,86.165,287.2166667
7/1/21,17:30:00,83.665,278.8833333
7/1/21,17:40:00,83.335,277.7833333
7/1/21,17:50:00,84.47,281.5666667
7/1/21,18:00:00,86.01,286.7
7/1/21,18:10:00,83.555,278.5166667
7/1/21,18:20:00,86.35,287.8333333
7/1/21,18:30:00,90.585,301.95
7/1/21,18:40:00,93.39,311.3
7/1/21,18:50:00,95.985,319.95
7/1/21,19:00:00,92.715,309.05
7/1/21,19:10:00,95.76,319.2
7/1/21,19:20:00,95.98,319.9333333
7/1/21,19:30:00,96.01,320.0333333
7/1/21,19:40:00,100.54,335.1333333
7/1/21,19:50:00,99.96,333.2
7/1/21,20:00:00,98.76,329.2
7/1/21,20:10:00,98.295,327.65
7/1/21,20:20:00,98.22,327.4
7/1/21,20:30:00,98.81,329.3666667
7/1/21,20:40:00,96.49,321.6333333
7/1/21,20:50:00,100.725,335.75
7/1/21,21:00:00,95.675,318.9166667
7/1/21,21:10:00,98.33,327.7666667
7/1/21,21:20:00,98.59,328.6333333
7/1/21,21:30:00,96.75,322.5
7/1/21,21:40:00,98.04,326.8
7/1/21,21:50:00,98.415,328.05
7/1/21,22:00:00,97.77,325.9
7/1/21,22:10:00,96.535,321.7833333
7/1/21,22:20:00,98.065,326.8833333
7/1/21,22:30:00,98.17,327.2333333
7/1/21,22:40:00,95.665,318.8833333
7/1/21,22:50:00,98.13,327.1
7/1/21,23:00:00,98.305,327.6833333
7/1/21,23:10:00,93.94,313.1333333
7/1/21,23:20:00,98.12,327.0666667
7/1/21,23:30:00,94.345,314.4833333
7/1/21,23:40:00,95.87,319.5666667
7/1/21,23:50:00,95.075,316.9166667
7/2/21,0:00:00,93.045,310.15
7/2/21,0:10:00,93.625,312.0833333
7/2/21,0:20:00,92.235,307.45
7/2/21,0:30:00,93.24,310.8
7/2/21,0:40:00,95.35,317.8333333
7/2/21,0:50:00,93.3,311
7/2/21,1:00:00,92.625,308.75
7/2/21,1:10:00,91.845,306.15
7/2/21,1:20:00,95.76,319.2
7/2/21,1:30:00,93.035,310.1166667
7/2/21,1:40:00,91.095,303.65
7/2/21,1:50:00,93.565,311.8833333
7/2/21,2:00:00,92.99,309.9666667
7/2/21,2:10:00,93.18,310.6
7/2/21,2:20:00,93.21,310.7
7/2/21,2:30:00,94.54,315.1333333
7/2/21,2:40:00,98.105,327.0166667
7/2/21,2:50:00,92.82,309.4
7/2/21,3:00:00,93.34,311.1333333
7/2/21,3:10:00,93.13,310.4333333
7/2/21,3:20:00,94.74,315.8
7/2/21,3:30:00,95.27,317.5666667
7/2/21,3:40:00,93.305,311.0166667
7/2/21,3:50:00,92.845,309.4833333
7/2/21,4:00:00,93.745,312.4833333
7/2/21,4:10:00,90.95,303.1666667
7/2/21,4:20:00,95.72,319.0666667
7/2/21,4:30:00,91.75,305.8333333
7/2/21,4:40:00,94.725,315.75
7/2/21,4:50:00,90.755,302.5166667
7/2/21,5:00:00,92.975,309.9166667
7/2/21,5:10:00,94.28,314.2666667
7/2/21,5:20:00,91.815,306.05
7/2/21,5:30:00,93.72,312.4
7/2/21,5:40:00,93.75,312.5
7/2/21,5:50:00,91.885,306.2833333
7/2/21,6:00:00,92.6,308.6666667
7/2/21,6:10:00,95.335,317.7833333
7/2/21,6:20:00,89.17,297.2333333
7/2/21,6:30:00,91.215,304.05
7/2/21,6:40:00,92.355,307.85
7/2/21,6:50:00,93.35,311.1666667
7/2/21,7:00:00,90.795,302.65
7/2/21,7:10:00,87.79,292.6333333
7/2/21,7:20:00,90.37,301.2333333
7/2/21,7:30:00,85.705,285.6833333
7/2/21,7:40:00,89.87,299.5666667
7/2/21,7:50:00,85.105,283.6833333
7/2/21,8:00:00,83.62,278.7333333
7/2/21,8:10:00,80.47,268.2333333
7/2/21,8:20:00,77.06,256.8666667
7/2/21,8:30:00,72.035,240.1166667
7/2/21,8:40:00,68.77,229.2333333
7/2/21,8:50:00,63.28,210.9333333
7/2/21,9:00:00,57.625,192.0833333
7/2/21,9:10:00,53.565,178.55
7/2/21,9:20:00,50.74,169.1333333
7/2/21,9:30:00,47.205,157.35
7/2/21,9:40:00,46.95,156.5
7/2/21,9:50:00,43.315,144.3833333
7/2/21,10:00:00,46.6,155.3333333
7/2/21,10:10:00,49.9,166.3333333
7/2/21,10:20:00,47.25,157.5
7/2/21,10:30:00,48.095,160.3166667
7/2/21,10:40:00,46.955,156.5166667
7/2/21,10:50:00,43.98,146.6
7/2/21,11:00:00,46.43,154.7666667
7/2/21,11:10:00,38.075,126.9166667
7/2/21,11:20:00,45.14,150.4666667
7/2/21,11:30:00,38.315,127.7166667
7/2/21,11:40:00,42.36,141.2
7/2/21,11:50:00,39.66,132.2
7/2/21,12:00:00,42.68,142.2666667
7/2/21,12:10:00,35.675,118.9166667
7/2/21,12:20:00,40.92,136.4
7/2/21,12:30:00,38.985,129.95
7/2/21,12:40:00,41.71,139.0333333
7/2/21,12:50:00,35.89,119.6333333
7/2/21,13:00:00,38.26,127.5333333
7/2/21,13:10:00,39.095,130.3166667
7/2/21,13:20:00,39.225,130.75
7/2/21,13:30:00,35.91,119.7
7/2/21,13:40:00,33.34,111.1333333
7/2/21,13:50:00,38.42,128.0666667
7/2/21,14:00:00,34.08,113.6
7/2/21,14:10:00,33.855,112.85
7/2/21,14:20:00,36.68,122.2666667
7/2/21,14:30:00,36.085,120.2833333
7/2/21,14:40:00,36.105,120.35
7/2/21,14:50:00,38.735,129.1166667
7/2/21,15:00:00,38.595,128.65
7/2/21,15:10:00,37.515,125.05
7/2/21,15:20:00,33.94,113.1333333
7/2/21,15:30:00,30.765,102.55
7/2/21,15:40:00,30.77,102.5666667
7/2/21,15:50:00,35.38,117.9333333
7/2/21,16:00:00,37.835,126.1166667
7/2/21,16:10:00,34.915,116.3833333
7/2/21,16:20:00,33.525,111.75
7/2/21,16:30:00,33.725,112.4166667
7/2/21,16:40:00,31.355,104.5166667
7/2/21,16:50:00,35.52,118.4
7/2/21,17:00:00,36.17,120.5666667
7/2/21,17:10:00,34.9,116.3333333
7/2/21,17:20:00,36.07,120.2333333
7/2/21,17:30:00,34.18,113.9333333
7/2/21,17:40:00,38.265,127.55
7/2/21,17:50:00,40.74,135.8
7/2/21,18:00:00,43.925,146.4166667
7/2/21,18:10:00,48.27,160.9
7/2/21,18:20:00,52.915,176.3833333
7/2/21,18:30:00,59.215,197.3833333
7/2/21,18:40:00,62.905,209.6833333
7/2/21,18:50:00,73.16,243.8666667
7/2/21,19:00:00,75.045,250.15
7/2/21,19:10:00,80.445,268.15
7/2/21,19:20:00,86.49,288.3
7/2/21,19:30:00,88.17,293.9
7/2/21,19:40:00,89.16,297.2
7/2/21,19:50:00,91.425,304.75
7/2/21,20:00:00,93.25,310.8333333
7/2/21,20:10:00,93.635,312.1166667
7/2/21,20:20:00,100.58,335.2666667
7/2/21,20:30:00,97.055,323.5166667
7/2/21,20:40:00,98.715,329.05
7/2/21,20:50:00,100.435,334.7833333
7/2/21,21:00:00,100.555,335.1833333
7/2/21,21:10:00,98.585,328.6166667
7/2/21,21:20:00,100.595,335.3166667
7/2/21,21:30:00,100.735,335.7833333
7/2/21,21:40:00,98.475,328.25
7/2/21,21:50:00,96.4,321.3333333
7/2/21,22:00:00,94.305,314.35
7/2/21,22:10:00,97.21,324.0333333
7/2/21,22:20:00,95.705,319.0166667
7/2/21,22:30:00,98.24,327.4666667
7/2/21,22:40:00,97.33,324.4333333
7/2/21,22:50:00,96.065,320.2166667
7/2/21,23:00:00,94.705,315.6833333
7/2/21,23:10:00,93.385,311.2833333
7/2/21,23:20:00,94.515,315.05
7/2/21,23:30:00,96.795,322.65
7/2/21,23:40:00,96.92,323.0666667
7/2/21,23:50:00,97.085,323.6166667
7/3/21,0:00:00,95.75,319.1666667
7/3/21,0:10:00,97.48,324.9333333
7/3/21,0:20:00,95.775,319.25
7/3/21,0:30:00,92.985,309.95
7/3/21,0:40:00,93.93,313.1
7/3/21,0:50:00,90.77,302.5666667
7/3/21,1:00:00,94.16,313.8666667
7/3/21,1:10:00,94.89,316.3
7/3/21,1:20:00,94.15,313.8333333
7/3/21,1:30:00,95.35,317.8333333
7/3/21,1:40:00,93.255,310.85
7/3/21,1:50:00,92.985,309.95
7/3/21,2:00:00,91.05,303.5
7/3/21,2:10:00,93.185,310.6166667
7/3/21,2:20:00,95.38,317.9333333
7/3/21,2:30:00,93.07,310.2333333
7/3/21,2:40:00,92.66,308.8666667
7/3/21,2:50:00,92.125,307.0833333
7/3/21,3:00:00,91.465,304.8833333
7/3/21,3:10:00,92.15,307.1666667
7/3/21,3:20:00,93.03,310.1
7/3/21,3:30:00,92.515,308.3833333
7/3/21,3:40:00,91.095,303.65
7/3/21,3:50:00,90.475,301.5833333
7/3/21,4:00:00,90.93,303.1
7/3/21,4:10:00,93.31,311.0333333
7/3/21,4:20:00,92.305,307.6833333
7/3/21,4:30:00,91.27,304.2333333
7/3/21,4:40:00,90.29,300.9666667
7/3/21,4:50:00,90.55,301.8333333
7/3/21,5:00:00,92.48,308.2666667
7/3/21,5:10:00,87.985,293.2833333
7/3/21,5:20:00,90.855,302.85
7/3/21,5:30:00,93.08,310.2666667
7/3/21,5:40:00,88.09,293.6333333
7/3/21,5:50:00,88.21,294.0333333
7/3/21,6:00:00,90.665,302.2166667
7/3/21,6:10:00,90.655,302.1833333
7/3/21,6:20:00,90.715,302.3833333
7/3/21,6:30:00,87.555,291.85
7/3/21,6:40:00,86.56,288.5333333
7/3/21,6:50:00,87.45,291.5
7/3/21,7:00:00,82.885,276.2833333
7/3/21,7:10:00,82.28,274.2666667
7/3/21,7:20:00,82.91,276.3666667
7/3/21,7:30:00,80.24,267.4666667
7/3/21,7:40:00,78.15,260.5
7/3/21,7:50:00,77.83,259.4333333
7/3/21,8:00:00,76.955,256.5166667
7/3/21,8:10:00,73.065,243.55
7/3/21,8:20:00,72.975,243.25
7/3/21,8:30:00,72.995,243.3166667
7/3/21,8:40:00,67.755,225.85
7/3/21,8:50:00,65.715,219.05
7/3/21,9:00:00,67.92,226.4
7/3/21,9:10:00,65.57,218.5666667
7/3/21,9:20:00,64.1,213.6666667
7/3/21,9:30:00,63.915,213.05
7/3/21,9:40:00,61.13,203.7666667
7/3/21,9:50:00,58.315,194.3833333
7/3/21,10:00:00,56.495,188.3166667
7/3/21,10:10:00,57.36,191.2
7/3/21,10:20:00,55.41,184.7
7/3/21,10:30:00,52.565,175.2166667
7/3/21,10:40:00,52.925,176.4166667
7/3/21,10:50:00,55.7,185.6666667
7/3/21,11:00:00,54.26,180.8666667
7/3/21,11:10:00,48.45,161.5
7/3/21,11:20:00,45.48,151.6
7/3/21,11:30:00,43.195,143.9833333
7/3/21,11:40:00,45.03,150.1
7/3/21,11:50:00,44.455,148.1833333
7/3/21,12:00:00,45.53,151.7666667
7/3/21,12:10:00,43.74,145.8
7/3/21,12:20:00,43.29,144.3
7/3/21,12:30:00,45.965,153.2166667
7/3/21,12:40:00,41.03,136.7666667
7/3/21,12:50:00,44.035,146.7833333
7/3/21,13:00:00,43.985,146.6166667
7/3/21,13:10:00,41.295,137.65
7/3/21,13:20:00,43.99,146.6333333
7/3/21,13:30:00,44.17,147.2333333
7/3/21,13:40:00,45.325,151.0833333
7/3/21,13:50:00,42.87,142.9
7/3/21,14:00:00,43.455,144.85
7/3/21,14:10:00,40.99,136.6333333
7/3/21,14:20:00,40.8,136
7/3/21,14:30:00,40.835,136.1166667
7/3/21,14:40:00,43.43,144.7666667
7/3/21,14:50:00,41.195,137.3166667
7/3/21,15:00:00,40.73,135.7666667
7/3/21,15:10:00,40.035,133.45
7/3/21,15:20:00,36.99,123.3
7/3/21,15:30:00,34.44,114.8
7/3/21,15:40:00,39.27,130.9
7/3/21,15:50:00,38.28,127.6
7/3/21,16:00:00,41.485,138.2833333
7/3/21,16:10:00,36.91,123.0333333
7/3/21,16:20:00,35.115,117.05
7/3/21,16:30:00,33.63,112.1
7/3/21,16:40:00,33.32,111.0666667
7/3/21,16:50:00,35.435,118.1166667
7/3/21,17:00:00,34.64,115.4666667
7/3/21,17:10:00,33.115,110.3833333
7/3/21,17:20:00,33.385,111.2833333
7/3/21,17:30:00,33.65,112.1666667
7/3/21,17:40:00,31.53,105.1
7/3/21,17:50:00,39.99,133.3
7/3/21,18:00:00,38.32,127.7333333
7/3/21,18:10:00,45.195,150.65
7/3/21,18:20:00,48.15,160.5
7/3/21,18:30:00,54.2,180.6666667
7/3/21,18:40:00,55.595,185.3166667
7/3/21,18:50:00,58.175,193.9166667
7/3/21,19:00:00,63.315,211.05
7/3/21,19:10:00,69.245,230.8166667
7/3/21,19:20:00,73.15,243.8333333
7/3/21,19:30:00,73.96,246.5333333
7/3/21,19:40:00,77.385,257.95
7/3/21,19:50:00,80.6,268.6666667
7/3/21,20:00:00,83.305,277.6833333
7/3/21,20:10:00,83.005,276.6833333
7/3/21,20:20:00,84.365,281.2166667
7/3/21,20:30:00,85.575,285.25
7/3/21,20:40:00,85.645,285.4833333
7/3/21,20:50:00,89.285,297.6166667
7/3/21,21:00:00,90.72,302.4
7/3/21,21:10:00,92.82,309.4
7/3/21,21:20:00,88.645,295.4833333
7/3/21,21:30:00,91.74,305.8
7/3/21,21:40:00,93.105,310.35
7/3/21,21:50:00,95.125,317.0833333
7/3/21,22:00:00,90.395,301.3166667
7/3/21,22:10:00,88.02,293.4
7/3/21,22:20:00,90.765,302.55
7/3/21,22:30:00,93.82,312.7333333
7/3/21,22:40:00,89.7,299
7/3/21,22:50:00,90.525,301.75
7/3/21,23:00:00,90.705,302.35
7/3/21,23:10:00,90.01,300.0333333
7/3/21,23:20:00,89.97,299.9
7/3/21,23:30:00,92.915,309.7166667
7/3/21,23:40:00,89.45,298.1666667
7/3/21,23:50:00,90.375,301.25
7/4/21,0:00:00,90.58,301.9333333
7/4/21,0:10:00,94.965,316.55
7/4/21,0:20:00,90.435,301.45
7/4/21,0:30:00,95.28,317.6
7/4/21,0:40:00,87.985,293.2833333
7/4/21,0:50:00,90.56,301.8666667
7/4/21,1:00:00,92.65,308.8333333
7/4/21,1:10:00,90.52,301.7333333
7/4/21,1:20:00,91.03,303.4333333
7/4/21,1:30:00,89.885,299.6166667
7/4/21,1:40:00,92.13,307.1
7/4/21,1:50:00,89.585,298.6166667
7/4/21,2:00:00,93.975,313.25
7/4/21,2:10:00,88.12,293.7333333
7/4/21,2:20:00,91.255,304.1833333
7/4/21,2:30:00,90.555,301.85
7/4/21,2:40:00,88.95,296.5
7/4/21,2:50:00,90.79,302.6333333
7/4/21,3:00:00,89.145,297.15
7/4/21,3:10:00,89.965,299.8833333
7/4/21,3:20:00,85.81,286.0333333
7/4/21,3:30:00,89.29,297.6333333
7/4/21,3:40:00,89.715,299.05
7/4/21,3:50:00,88.155,293.85
7/4/21,4:00:00,86.08,286.9333333
7/4/21,4:10:00,87.86,292.8666667
7/4/21,4:20:00,91.385,304.6166667
7/4/21,4:30:00,88.11,293.7
7/4/21,4:40:00,86.025,286.75
7/4/21,4:50:00,87.84,292.8
7/4/21,5:00:00,90,300
7/4/21,5:10:00,91.19,303.9666667
7/4/21,5:20:00,87.94,293.1333333
7/4/21,5:30:00,87.87,292.9
7/4/21,5:40:00,88.27,294.2333333
7/4/21,5:50:00,88.085,293.6166667
7/4/21,6:00:00,91.17,303.9
7/4/21,6:10:00,88.37,294.5666667
7/4/21,6:20:00,85.365,284.55
7/4/21,6:30:00,88.02,293.4
7/4/21,6:40:00,84.055,280.1833333
7/4/21,6:50:00,83.525,278.4166667
7/4/21,7:00:00,83.76,279.2
7/4/21,7:10:00,77.855,259.5166667
7/4/21,7:20:00,78.22,260.7333333
7/4/21,7:30:00,77.785,259.2833333
7/4/21,7:40:00,77.415,258.05
7/4/21,7:50:00,77.96,259.8666667
7/4/21,8:00:00,70.515,235.05
7/4/21,8:10:00,70.885,236.2833333
7/4/21,8:20:00,70.5,235
7/4/21,8:30:00,66.265,220.8833333
7/4/21,8:40:00,70.45,234.8333333
7/4/21,8:50:00,66.495,221.65
7/4/21,9:00:00,70.48,234.9333333
7/4/21,9:10:00,66.93,223.1
7/4/21,9:20:00,68.02,226.7333333
7/4/21,9:30:00,67.875,226.25
7/4/21,9:40:00,67.245,224.15
7/4/21,9:50:00,63.535,211.7833333
7/4/21,10:00:00,63.74,212.4666667
7/4/21,10:10:00,63.87,212.9
7/4/21,10:20:00,59.775,199.25
7/4/21,10:30:00,56.29,187.6333333
7/4/21,10:40:00,58.435,194.7833333
7/4/21,10:50:00,56.425,188.0833333
7/4/21,11:00:00,53.525,178.4166667
7/4/21,11:10:00,52.975,176.5833333
7/4/21,11:20:00,49.57,165.2333333
7/4/21,11:30:00,50.755,169.1833333
7/4/21,11:40:00,52.505,175.0166667
7/4/21,11:50:00,51.495,171.65
7/4/21,12:00:00,49.21,164.0333333
7/4/21,12:10:00,47.64,158.8
7/4/21,12:20:00,48.805,162.6833333
7/4/21,12:30:00,48.48,161.6
7/4/21,12:40:00,48.675,162.25
7/4/21,12:50:00,45.35,151.1666667
7/4/21,13:00:00,47.23,157.4333333
7/4/21,13:10:00,45.56,151.8666667
7/4/21,13:20:00,46.55,155.1666667
7/4/21,13:30:00,47.52,158.4
7/4/21,13:40:00,45.8,152.6666667
7/4/21,13:50:00,40.715,135.7166667
7/4/21,14:00:00,45.865,152.8833333
7/4/21,14:10:00,46.22,154.0666667
7/4/21,14:20:00,45.885,152.95
7/4/21,14:30:00,47.945,159.8166667
7/4/21,14:40:00,42.275,140.9166667
7/4/21,14:50:00,40.59,135.3
7/4/21,15:00:00,41.26,137.5333333
7/4/21,15:10:00,39.935,133.1166667
7/4/21,15:20:00,38.46,128.2
7/4/21,15:30:00,35.72,119.0666667
7/4/21,15:40:00,32.88,109.6
7/4/21,15:50:00,29.815,99.38333333
7/4/21,16:00:00,30.175,100.5833333
7/4/21,16:10:00,28.37,94.56666667
7/4/21,16:20:00,23.255,77.51666667
7/4/21,16:30:00,20.55,68.5
7/4/21,16:40:00,24.18,80.6
7/4/21,16:50:00,23.08,76.93333333
7/4/21,17:00:00,28.005,93.35
7/4/21,17:10:00,23.03,76.76666667
7/4/21,17:20:00,28.405,94.68333333
7/4/21,17:30:00,29.705,99.01666667
7/4/21,17:40:00,35.57,118.5666667
7/4/21,17:50:00,40.54,135.1333333
7/4/21,18:00:00,40.45,134.8333333
7/4/21,18:10:00,42.975,143.25
7/4/21,18:20:00,50.12,167.0666667
7/4/21,18:30:00,60.185,200.6166667
7/4/21,18:40:00,63.375,211.25
7/4/21,18:50:00,67.13,223.7666667
7/4/21,19:00:00,70.525,235.0833333
7/4/21,19:10:00,74.68,248.9333333
7/4/21,19:20:00,77.605,258.6833333
7/4/21,19:30:00,81.625,272.0833333
7/4/21,19:40:00,84.71,282.3666667
7/4/21,19:50:00,86.185,287.2833333
7/4/21,20:00:00,85.74,285.8
7/4/21,20:10:00,88.255,294.1833333
7/4/21,20:20:00,88.685,295.6166667
7/4/21,20:30:00,90.23,300.7666667
7/4/21,20:40:00,89.485,298.2833333
7/4/21,20:50:00,93.15,310.5
7/4/21,21:00:00,93.025,310.0833333
7/4/21,21:10:00,93.69,312.3
7/4/21,21:20:00,95.38,317.9333333
7/4/21,21:30:00,91.25,304.1666667
7/4/21,21:40:00,93.645,312.15
7/4/21,21:50:00,94.815,316.05
7/4/21,22:00:00,94.31,314.3666667
7/4/21,22:10:00,94.925,316.4166667
7/4/21,22:20:00,94.715,315.7166667
7/4/21,22:30:00,96.55,321.8333333
7/4/21,22:40:00,95.66,318.8666667
7/4/21,22:50:00,90.285,300.95
7/4/21,23:00:00,92.925,309.75
7/4/21,23:10:00,94.675,315.5833333
7/4/21,23:20:00,92.86,309.5333333
7/4/21,23:30:00,91.395,304.65
7/4/21,23:40:00,90.69,302.3
7/4/21,23:50:00,91.935,306.45
7/5/21,0:00:00,88.45,294.8333333
7/5/21,0:10:00,95.355,317.85
7/5/21,0:20:00,89,296.6666667
7/5/21,0:30:00,90.075,300.25
7/5/21,0:40:00,92.67,308.9
7/5/21,0:50:00,90.78,302.6
7/5/21,1:00:00,88.135,293.7833333
7/5/21,1:10:00,92.695,308.9833333
7/5/21,1:20:00,85.61,285.3666667
7/5/21,1:30:00,90.1,300.3333333
7/5/21,1:40:00,85.345,284.4833333
7/5/21,1:50:00,88.515,295.05
7/5/21,2:00:00,85.765,285.8833333
7/5/21,2:10:00,88.06,293.5333333
7/5/21,2:20:00,87.675,292.25
7/5/21,2:30:00,88.135,293.7833333
7/5/21,2:40:00,85.28,284.2666667
7/5/21,2:50:00,88.585,295.2833333
7/5/21,3:00:00,87.68,292.2666667
7/5/21,3:10:00,88.665,295.55
7/5/21,3:20:00,87.675,292.25
7/5/21,3:30:00,88,293.3333333
7/5/21,3:40:00,87.815,292.7166667
7/5/21,3:50:00,87.48,291.6
7/5/21,4:00:00,85.32,284.4
7/5/21,4:10:00,85.54,285.1333333
7/5/21,4:20:00,83.71,279.0333333
7/5/21,4:30:00,87.17,290.5666667
7/5/21,4:40:00,85.37,284.5666667
7/5/21,4:50:00,85.305,284.35
7/5/21,5:00:00,85.49,284.9666667
7/5/21,5:10:00,85.055,283.5166667
7/5/21,5:20:00,85.7,285.6666667
7/5/21,5:30:00,84.155,280.5166667
7/5/21,5:40:00,83.44,278.1333333
7/5/21,5:50:00,82.36,274.5333333
7/5/21,6:00:00,83.325,277.75
7/5/21,6:10:00,82.41,274.7
7/5/21,6:20:00,83.12,277.0666667
7/5/21,6:30:00,80.13,267.1
7/5/21,6:40:00,80.515,268.3833333
7/5/21,6:50:00,78.86,262.8666667
7/5/21,7:00:00,78.2,260.6666667
7/5/21,7:10:00,77.13,257.1
7/5/21,7:20:00,75.515,251.7166667
7/5/21,7:30:00,75.06,250.2
7/5/21,7:40:00,78.04,260.1333333
7/5/21,7:50:00,74.385,247.95
7/5/21,8:00:00,76.86,256.2
7/5/21,8:10:00,70.73,235.7666667
7/5/21,8:20:00,74.63,248.7666667
7/5/21,8:30:00,70.245,234.15
7/5/21,8:40:00,67.64,225.4666667
7/5/21,8:50:00,68.105,227.0166667
7/5/21,9:00:00,65.5,218.3333333
7/5/21,9:10:00,65.45,218.1666667
7/5/21,9:20:00,69.73,232.4333333
7/5/21,9:30:00,65.43,218.1
7/5/21,9:40:00,63.105,210.35
7/5/21,9:50:00,62.78,209.2666667
7/5/21,10:00:00,63.115,210.3833333
7/5/21,10:10:00,65.15,217.1666667
7/5/21,10:20:00,66.04,220.1333333
7/5/21,10:30:00,65.735,219.1166667
7/5/21,10:40:00,61.2,204
7/5/21,10:50:00,60.815,202.7166667
7/5/21,11:00:00,65.735,219.1166667
7/5/21,11:10:00,60.945,203.15
7/5/21,11:20:00,56.415,188.05
7/5/21,11:30:00,57.09,190.3
7/5/21,11:40:00,58.83,196.1
7/5/21,11:50:00,62.27,207.5666667
7/5/21,12:00:00,62.005,206.6833333
7/5/21,12:10:00,63.305,211.0166667
7/5/21,12:20:00,61.69,205.6333333
7/5/21,12:30:00,65.605,218.6833333
7/5/21,12:40:00,65.925,219.75
7/5/21,12:50:00,60.93,203.1
7/5/21,13:00:00,63.255,210.85
7/5/21,13:10:00,59.865,199.55
7/5/21,13:20:00,57.805,192.6833333
7/5/21,13:30:00,58.215,194.05
7/5/21,13:40:00,55.575,185.25
7/5/21,13:50:00,57.405,191.35
7/5/21,14:00:00,55.625,185.4166667
7/5/21,14:10:00,55.7,185.6666667
7/5/21,14:20:00,54.72,182.4
7/5/21,14:30:00,53.925,179.75
7/5/21,14:40:00,50.815,169.3833333
7/5/21,14:50:00,50.89,169.6333333
7/5/21,15:00:00,50.075,166.9166667
7/5/21,15:10:00,45.445,151.4833333
7/5/21,15:20:00,40.6,135.3333333
7/5/21,15:30:00,40.365,134.55
7/5/21,15:40:00,34.925,116.4166667
7/5/21,15:50:00,30.22,100.7333333
7/5/21,16:00:00,30.36,101.2
7/5/21,16:10:00,34.685,115.6166667
7/5/21,16:20:00,32.915,109.7166667
7/5/21,16:30:00,37.53,125.1
7/5/21,16:40:00,41.81,139.3666667
7/5/21,16:50:00,39.995,133.3166667
7/5/21,17:00:00,40.235,134.1166667
7/5/21,17:10:00,42.7,142.3333333
7/5/21,17:20:00,42.205,140.6833333
7/5/21,17:30:00,44.325,147.75
7/5/21,17:40:00,45.39,151.3
7/5/21,17:50:00,47.56,158.5333333
7/5/21,18:00:00,51.1,170.3333333
7/5/21,18:10:00,52.025,173.4166667
7/5/21,18:20:00,55.12,183.7333333
7/5/21,18:30:00,60.16,200.5333333
7/5/21,18:40:00,62.755,209.1833333
7/5/21,18:50:00,68.44,228.1333333
7/5/21,19:00:00,72.755,242.5166667
7/5/21,19:10:00,75.255,250.85
7/5/21,19:20:00,79.78,265.9333333
7/5/21,19:30:00,80.365,267.8833333
7/5/21,19:40:00,82.27,274.2333333
7/5/21,19:50:00,81.465,271.55
7/5/21,20:00:00,77.75,259.1666667
7/5/21,20:10:00,80.285,267.6166667
7/5/21,20:20:00,80.7,269
7/5/21,20:30:00,86.03,286.7666667
7/5/21,20:40:00,90.3,301
7/5/21,20:50:00,89.715,299.05
7/5/21,21:00:00,90.84,302.8
7/5/21,21:10:00,92.215,307.3833333
7/5/21,21:20:00,91.93,306.4333333
7/5/21,21:30:00,87.665,292.2166667
7/5/21,21:40:00,88.15,293.8333333
7/5/21,21:50:00,89.945,299.8166667
7/5/21,22:00:00,86.66,288.8666667
7/5/21,22:10:00,82.81,276.0333333
7/5/21,22:20:00,80.24,267.4666667
7/5/21,22:30:00,85.51,285.0333333
7/5/21,22:40:00,87.72,292.4
7/5/21,22:50:00,87.86,292.8666667
7/5/21,23:00:00,87.705,292.35
7/5/21,23:10:00,88.115,293.7166667
7/5/21,23:20:00,89.035,296.7833333
7/5/21,23:30:00,92.78,309.2666667
7/5/21,23:40:00,89.34,297.8
7/5/21,23:50:00,92.185,307.2833333
7/6/21,0:00:00,89.48,298.2666667
7/6/21,0:10:00,90.105,300.35
7/6/21,0:20:00,86.23,287.4333333
7/6/21,0:30:00,88.61,295.3666667
7/6/21,0:40:00,83.095,276.9833333
7/6/21,0:50:00,87.405,291.35
7/6/21,1:00:00,84.705,282.35
7/6/21,1:10:00,87.11,290.3666667
7/6/21,1:20:00,82.115,273.7166667
7/6/21,1:30:00,82.855,276.1833333
7/6/21,1:40:00,82.48,274.9333333
7/6/21,1:50:00,85.26,284.2
7/6/21,2:00:00,85.43,284.7666667
7/6/21,2:10:00,83.475,278.25
7/6/21,2:20:00,82.7,275.6666667
7/6/21,2:30:00,85.685,285.6166667
7/6/21,2:40:00,83.665,278.8833333
7/6/21,2:50:00,87.555,291.85
7/6/21,3:00:00,84.99,283.3
7/6/21,3:10:00,84.235,280.7833333
7/6/21,3:20:00,85.605,285.35
7/6/21,3:30:00,90.36,301.2
7/6/21,3:40:00,87.83,292.7666667
7/6/21,3:50:00,84.475,281.5833333
7/6/21,4:00:00,87.68,292.2666667
7/6/21,4:10:00,84.965,283.2166667
7/6/21,4:20:00,86.405,288.0166667
7/6/21,4:30:00,84.495,281.65
7/6/21,4:40:00,85.68,285.6
7/6/21,4:50:00,82.645,275.4833333
7/6/21,5:00:00,82.785,275.95
7/6/21,5:10:00,82.83,276.1
7/6/21,5:20:00,80.45,268.1666667
7/6/21,5:30:00,80.635,268.7833333
7/6/21,5:40:00,81.485,271.6166667
7/6/21,5:50:00,79.76,265.8666667
7/6/21,6:00:00,80.755,269.1833333
7/6/21,6:10:00,81.525,271.75
7/6/21,6:20:00,79.595,265.3166667
7/6/21,6:30:00,78.52,261.7333333
7/6/21,6:40:00,79.08,263.6
7/6/21,6:50:00,82.4,274.6666667
7/6/21,7:00:00,80.18,267.2666667
7/6/21,7:10:00,76.825,256.0833333
7/6/21,7:20:00,79.485,264.95
7/6/21,7:30:00,76.71,255.7
7/6/21,7:40:00,77.775,259.25
7/6/21,7:50:00,77.855,259.5166667
7/6/21,8:00:00,73.33,244.4333333
7/6/21,8:10:00,75.315,251.05
7/6/21,8:20:00,70.135,233.7833333
7/6/21,8:30:00,70.09,233.6333333
7/6/21,8:40:00,69.11,230.3666667
7/6/21,8:50:00,62.87,209.5666667
7/6/21,9:00:00,66.205,220.6833333
7/6/21,9:10:00,65.14,217.1333333
7/6/21,9:20:00,70.065,233.55
7/6/21,9:30:00,67.755,225.85
7/6/21,9:40:00,65.165,217.2166667
7/6/21,9:50:00,63.945,213.15
7/6/21,10:00:00,62.345,207.8166667
7/6/21,10:10:00,63.615,212.05
7/6/21,10:20:00,64.36,214.5333333
7/6/21,10:30:00,62.77,209.2333333
7/6/21,10:40:00,63.545,211.8166667
7/6/21,10:50:00,61.04,203.4666667
7/6/21,11:00:00,61.07,203.5666667
7/6/21,11:10:00,58.78,195.9333333
7/6/21,11:20:00,57.7,192.3333333
7/6/21,11:30:00,58.07,193.5666667
7/6/21,11:40:00,58.945,196.4833333
7/6/21,11:50:00,59.66,198.8666667
7/6/21,12:00:00,58.045,193.4833333
7/6/21,12:10:00,59.45,198.1666667
7/6/21,12:20:00,57.31,191.0333333
7/6/21,12:30:00,56.24,187.4666667
7/6/21,12:40:00,58.765,195.8833333
7/6/21,12:50:00,55.525,185.0833333
7/6/21,13:00:00,57.725,192.4166667
7/6/21,13:10:00,55.44,184.8
7/6/21,13:20:00,53.01,176.7
7/6/21,13:30:00,56.005,186.6833333
7/6/21,13:40:00,55.735,185.7833333
7/6/21,13:50:00,52.795,175.9833333
7/6/21,14:00:00,55.67,185.5666667
7/6/21,14:10:00,52.9,176.3333333
7/6/21,14:20:00,53.17,177.2333333
7/6/21,14:30:00,54.005,180.0166667
7/6/21,14:40:00,52.825,176.0833333
7/6/21,14:50:00,52.39,174.6333333
7/6/21,15:00:00,55.435,184.7833333
7/6/21,15:10:00,50.375,167.9166667
7/6/21,15:20:00,55.32,184.4
7/6/21,15:30:00,51.015,170.05
7/6/21,15:40:00,53.205,177.35
7/6/21,15:50:00,51.54,171.8
7/6/21,16:00:00,51.205,170.6833333
7/6/21,16:10:00,48.26,160.8666667
7/6/21,16:20:00,45.395,151.3166667
7/6/21,16:30:00,46.815,156.05
7/6/21,16:40:00,44.63,148.7666667
7/6/21,16:50:00,43.285,144.2833333
7/6/21,17:00:00,40.68,135.6
7/6/21,17:10:00,35.245,117.4833333
7/6/21,17:20:00,32.195,107.3166667
7/6/21,17:30:00,33.085,110.2833333
7/6/21,17:40:00,32.505,108.35
7/6/21,17:50:00,32.92,109.7333333
7/6/21,18:00:00,28.205,94.01666667
7/6/21,18:10:00,26.305,87.68333333
7/6/21,18:20:00,29.445,98.15
7/6/21,18:30:00,31.62,105.4
7/6/21,18:40:00,37.495,124.9833333
7/6/21,18:50:00,37.18,123.9333333
7/6/21,19:00:00,41.405,138.0166667
7/6/21,19:10:00,45.235,150.7833333
7/6/21,19:20:00,50.105,167.0166667
7/6/21,19:30:00,52.81,176.0333333
7/6/21,19:40:00,55.945,186.4833333
7/6/21,19:50:00,62.315,207.7166667
7/6/21,20:00:00,60.465,201.55
7/6/21,20:10:00,65.38,217.9333333
7/6/21,20:20:00,67.925,226.4166667
7/6/21,20:30:00,69.845,232.8166667
7/6/21,20:40:00,71.89,239.6333333
7/6/21,20:50:00,74.93,249.7666667
7/6/21,21:00:00,76.405,254.6833333
7/6/21,21:10:00,75.615,252.05
7/6/21,21:20:00,75.315,251.05
7/6/21,21:30:00,74.785,249.2833333
7/6/21,21:40:00,75.14,250.4666667
7/6/21,21:50:00,77.945,259.8166667
7/6/21,22:00:00,84.54,281.8
7/6/21,22:10:00,83.045,276.8166667
7/6/21,22:20:00,82.795,275.9833333
7/6/21,22:30:00,86.375,287.9166667
7/6/21,22:40:00,85.47,284.9
7/6/21,22:50:00,85.42,284.7333333
7/6/21,23:00:00,85.51,285.0333333
7/6/21,23:10:00,85.365,284.55
7/6/21,23:20:00,87.67,292.2333333
7/6/21,23:30:00,91.225,304.0833333
7/6/21,23:40:00,85.23,284.1
7/6/21,23:50:00,88.46,294.8666667
7/7/21,0:00:00,88.05,293.5
7/7/21,0:10:00,88.365,294.55
7/7/21,0:20:00,90.795,302.65
7/7/21,0:30:00,86.56,288.5333333
7/7/21,0:40:00,87.47,291.5666667
7/7/21,0:50:00,83.38,277.9333333
7/7/21,1:00:00,88.04,293.4666667
7/7/21,1:10:00,85.34,284.4666667
7/7/21,1:20:00,82.86,276.2
7/7/21,1:30:00,85.51,285.0333333
7/7/21,1:40:00,88.24,294.1333333
7/7/21,1:50:00,86.585,288.6166667
7/7/21,2:00:00,87.735,292.45
7/7/21,2:10:00,88.115,293.7166667
7/7/21,2:20:00,82.725,275.75
7/7/21,2:30:00,84.975,283.25
7/7/21,2:40:00,87.805,292.6833333
7/7/21,2:50:00,85.115,283.7166667
7/7/21,3:00:00,84.555,281.85
7/7/21,3:10:00,87.715,292.3833333
7/7/21,3:20:00,83.045,276.8166667
7/7/21,3:30:00,86.91,289.7
7/7/21,3:40:00,84.73,282.4333333
7/7/21,3:50:00,84.755,282.5166667
7/7/21,4:00:00,85.125,283.75
7/7/21,4:10:00,87.67,292.2333333
7/7/21,4:20:00,83.255,277.5166667
7/7/21,4:30:00,83.56,278.5333333
7/7/21,4:40:00,82.69,275.6333333
7/7/21,4:50:00,83.895,279.65
7/7/21,5:00:00,82.48,274.9333333
7/7/21,5:10:00,81.83,272.7666667
7/7/21,5:20:00,82.17,273.9
7/7/21,5:30:00,82.64,275.4666667
7/7/21,5:40:00,84.39,281.3
7/7/21,5:50:00,82.65,275.5
7/7/21,6:00:00,82.73,275.7666667
7/7/21,6:10:00,85.005,283.35
7/7/21,6:20:00,80.32,267.7333333
7/7/21,6:30:00,80.175,267.25
7/7/21,6:40:00,80.1,267
7/7/21,6:50:00,80.08,266.9333333
7/7/21,7:00:00,80.04,266.8
7/7/21,7:10:00,75.135,250.45
7/7/21,7:20:00,76.865,256.2166667
7/7/21,7:30:00,77.725,259.0833333
7/7/21,7:40:00,79.365,264.55
7/7/21,7:50:00,77.66,258.8666667
7/7/21,8:00:00,75.27,250.9
7/7/21,8:10:00,73.01,243.3666667
7/7/21,8:20:00,70.26,234.2
7/7/21,8:30:00,70.015,233.3833333
7/7/21,8:40:00,66.07,220.2333333
7/7/21,8:50:00,65.05,216.8333333
7/7/21,9:00:00,63.855,212.85
7/7/21,9:10:00,63.36,211.2
7/7/21,9:20:00,58.44,194.8
7/7/21,9:30:00,62.62,208.7333333
7/7/21,9:40:00,62.625,208.75
7/7/21,9:50:00,58.785,195.95
7/7/21,10:00:00,63.51,211.7
7/7/21,10:10:00,62.54,208.4666667
7/7/21,10:20:00,62.21,207.3666667
7/7/21,10:30:00,60.565,201.8833333
7/7/21,10:40:00,58.11,193.7
7/7/21,10:50:00,59.93,199.7666667
7/7/21,11:00:00,59.21,197.3666667
7/7/21,11:10:00,58.765,195.8833333
7/7/21,11:20:00,57.685,192.2833333
7/7/21,11:30:00,58.065,193.55
7/7/21,11:40:00,58.795,195.9833333
7/7/21,11:50:00,57.575,191.9166667
7/7/21,12:00:00,60.485,201.6166667
7/7/21,12:10:00,56.8,189.3333333
7/7/21,12:20:00,58.29,194.3
7/7/21,12:30:00,55.35,184.5
7/7/21,12:40:00,63.54,211.8
7/7/21,12:50:00,58.43,194.7666667
7/7/21,13:00:00,62.6,208.6666667
7/7/21,13:10:00,57.06,190.2
7/7/21,13:20:00,55.905,186.35
7/7/21,13:30:00,56.1,187
7/7/21,13:40:00,50.63,168.7666667
7/7/21,13:50:00,53.12,177.0666667
7/7/21,14:00:00,55.55,185.1666667
7/7/21,14:10:00,52.825,176.0833333
7/7/21,14:20:00,50.635,168.7833333
7/7/21,14:30:00,53.02,176.7333333
7/7/21,14:40:00,52.85,176.1666667
7/7/21,14:50:00,48.16,160.5333333
7/7/21,15:00:00,54.51,181.7
7/7/21,15:10:00,50.84,169.4666667
7/7/21,15:20:00,50.57,168.5666667
7/7/21,15:30:00,43.645,145.4833333
7/7/21,15:40:00,45.48,151.6
7/7/21,15:50:00,46.665,155.55
7/7/21,16:00:00,47.92,159.7333333
7/7/21,16:10:00,40.895,136.3166667
7/7/21,16:20:00,40.03,133.4333333
7/7/21,16:30:00,38.13,127.1
7/7/21,16:40:00,37.945,126.4833333
7/7/21,16:50:00,40.19,133.9666667
7/7/21,17:00:00,39.96,133.2
7/7/21,17:10:00,35.455,118.1833333
7/7/21,17:20:00,30.325,101.0833333
7/7/21,17:30:00,30.435,101.45
7/7/21,17:40:00,33.125,110.4166667
7/7/21,17:50:00,32.995,109.9833333
7/7/21,18:00:00,32.995,109.9833333
7/7/21,18:10:00,33.245,110.8166667
7/7/21,18:20:00,35.25,117.5
7/7/21,18:30:00,42.155,140.5166667
7/7/21,18:40:00,45.515,151.7166667
7/7/21,18:50:00,48.81,162.7
7/7/21,19:00:00,51.745,172.4833333
7/7/21,19:10:00,57.8,192.6666667
7/7/21,19:20:00,60.23,200.7666667
7/7/21,19:30:00,60.845,202.8166667
7/7/21,19:40:00,66.53,221.7666667
7/7/21,19:50:00,67.77,225.9
7/7/21,20:00:00,70.665,235.55
7/7/21,20:10:00,74.73,249.1
7/7/21,20:20:00,76.265,254.2166667
7/7/21,20:30:00,79.475,264.9166667
7/7/21,20:40:00,80.2,267.3333333
7/7/21,20:50:00,82.4,274.6666667
7/7/21,21:00:00,85.415,284.7166667
7/7/21,21:10:00,84.265,280.8833333
7/7/21,21:20:00,83.035,276.7833333
7/7/21,21:30:00,83.115,277.05
7/7/21,21:40:00,86.235,287.45
7/7/21,21:50:00,87.08,290.2666667
7/7/21,22:00:00,85.39,284.6333333
7/7/21,22:10:00,87.755,292.5166667
7/7/21,22:20:00,85.27,284.2333333
7/7/21,22:30:00,84.2,280.6666667
7/7/21,22:40:00,89.89,299.6333333
7/7/21,22:50:00,85.85,286.1666667
7/7/21,23:00:00,89.655,298.85
7/7/21,23:10:00,86.995,289.9833333
7/7/21,23:20:00,88.18,293.9333333
7/7/21,23:30:00,88.435,294.7833333
7/7/21,23:40:00,87.49,291.6333333
7/7/21,23:50:00,84.775,282.5833333
7/8/21,0:00:00,85.265,284.2166667
7/8/21,0:10:00,87.36,291.2
7/8/21,0:20:00,86.425,288.0833333
7/8/21,0:30:00,85.26,284.2
7/8/21,0:40:00,80.485,268.2833333
7/8/21,0:50:00,87.035,290.1166667
7/8/21,1:00:00,85.25,284.1666667
7/8/21,1:10:00,84.185,280.6166667
7/8/21,1:20:00,82.54,275.1333333
7/8/21,1:30:00,80.35,267.8333333
7/8/21,1:40:00,77.735,259.1166667
7/8/21,1:50:00,80.045,266.8166667
7/8/21,2:00:00,81.2,270.6666667
7/8/21,2:10:00,79.43,264.7666667
7/8/21,2:20:00,77.57,258.5666667
7/8/21,2:30:00,82.205,274.0166667
7/8/21,2:40:00,80.22,267.4
7/8/21,2:50:00,77.91,259.7
7/8/21,3:00:00,77.655,258.85
7/8/21,3:10:00,79.385,264.6166667
7/8/21,3:20:00,77.66,258.8666667
7/8/21,3:30:00,76.7,255.6666667
7/8/21,3:40:00,77.65,258.8333333
7/8/21,3:50:00,78.745,262.4833333
7/8/21,4:00:00,76.185,253.95
7/8/21,4:10:00,75.185,250.6166667
7/8/21,4:20:00,77.425,258.0833333
7/8/21,4:30:00,78.095,260.3166667
7/8/21,4:40:00,78.195,260.65
7/8/21,4:50:00,75.29,250.9666667
7/8/21,5:00:00,73.49,244.9666667
7/8/21,5:10:00,73.205,244.0166667
7/8/21,5:20:00,75.02,250.0666667
7/8/21,5:30:00,77.455,258.1833333
7/8/21,5:40:00,73.02,243.4
7/8/21,5:50:00,72.205,240.6833333
7/8/21,6:00:00,70.19,233.9666667
7/8/21,6:10:00,70.085,233.6166667
7/8/21,6:20:00,70.3,234.3333333
7/8/21,6:30:00,69.91,233.0333333
7/8/21,6:40:00,69.915,233.05
7/8/21,6:50:00,70.005,233.35
7/8/21,7:00:00,67.575,225.25
7/8/21,7:10:00,65.18,217.2666667
7/8/21,7:20:00,63.18,210.6
7/8/21,7:30:00,64.91,216.3666667
7/8/21,7:40:00,70.04,233.4666667
7/8/21,7:50:00,65.335,217.7833333
7/8/21,8:00:00,64.46,214.8666667
7/8/21,8:10:00,64.99,216.6333333
7/8/21,8:20:00,66.87,222.9
7/8/21,8:30:00,65.065,216.8833333
7/8/21,8:40:00,66.43,221.4333333
7/8/21,8:50:00,62.61,208.7
7/8/21,9:00:00,67.295,224.3166667
7/8/21,9:10:00,64.665,215.55
7/8/21,9:20:00,68.275,227.5833333
7/8/21,9:30:00,67.725,225.75
7/8/21,9:40:00,69.475,231.5833333
7/8/21,9:50:00,64.445,214.8166667
7/8/21,10:00:00,59.81,199.3666667
7/8/21,10:10:00,61.49,204.9666667
7/8/21,10:20:00,59.265,197.55
7/8/21,10:30:00,55.425,184.75
7/8/21,10:40:00,55.075,183.5833333
7/8/21,10:50:00,55.53,185.1
7/8/21,11:00:00,55.595,185.3166667
7/8/21,11:10:00,50.05,166.8333333
7/8/21,11:20:00,49.06,163.5333333
7/8/21,11:30:00,50.14,167.1333333
7/8/21,11:40:00,48.02,160.0666667
7/8/21,11:50:00,47.655,158.85
7/8/21,12:00:00,48.96,163.2
7/8/21,12:10:00,48.855,162.85
7/8/21,12:20:00,50.46,168.2
7/8/21,12:30:00,50.115,167.05
7/8/21,12:40:00,50.725,169.0833333
7/8/21,12:50:00,47.975,159.9166667
7/8/21,13:00:00,45.82,152.7333333
7/8/21,13:10:00,43.505,145.0166667
7/8/21,13:20:00,47.845,159.4833333
7/8/21,13:30:00,49.71,165.7
7/8/21,13:40:00,47.885,159.6166667
7/8/21,13:50:00,48.255,160.85
7/8/21,14:00:00,46.26,154.2
7/8/21,14:10:00,48.675,162.25
7/8/21,14:20:00,50.665,168.8833333
7/8/21,14:30:00,50.13,167.1
7/8/21,14:40:00,45.495,151.65
7/8/21,14:50:00,48.085,160.2833333
7/8/21,15:00:00,47.935,159.7833333
7/8/21,15:10:00,50.335,167.7833333
7/8/21,15:20:00,52.655,175.5166667
7/8/21,15:30:00,46.655,155.5166667
7/8/21,15:40:00,51.405,171.35
7/8/21,15:50:00,47.96,159.8666667
7/8/21,16:00:00,50.445,168.15
7/8/21,16:10:00,48.66,162.2
7/8/21,16:20:00,48.24,160.8
7/8/21,16:30:00,45.115,150.3833333
7/8/21,16:40:00,42.795,142.65
7/8/21,16:50:00,47.085,156.95
7/8/21,17:00:00,40.185,133.95
7/8/21,17:10:00,37.435,124.7833333
7/8/21,17:20:00,36.665,122.2166667
7/8/21,17:30:00,33.615,112.05
7/8/21,17:40:00,30.46,101.5333333
7/8/21,17:50:00,28.13,93.76666667
7/8/21,18:00:00,32.235,107.45
7/8/21,18:10:00,27.695,92.31666667
7/8/21,18:20:00,23.28,77.6
7/8/21,18:30:00,24.255,80.85
7/8/21,18:40:00,25.33,84.43333333
7/8/21,18:50:00,25.1,83.66666667
7/8/21,19:00:00,25.2,84
7/8/21,19:10:00,26.37,87.9
7/8/21,19:20:00,25.9,86.33333333
7/8/21,19:30:00,29.315,97.71666667
7/8/21,19:40:00,32.655,108.85
7/8/21,19:50:00,37.63,125.4333333
7/8/21,20:00:00,39.26,130.8666667
7/8/21,20:10:00,35.84,119.4666667
7/8/21,20:20:00,37.705,125.6833333
7/8/21,20:30:00,36.55,121.8333333
7/8/21,20:40:00,40.155,133.85
7/8/21,20:50:00,45.33,151.1
7/8/21,21:00:00,47.515,158.3833333
7/8/21,21:10:00,48.12,160.4
7/8/21,21:20:00,47.705,159.0166667
7/8/21,21:30:00,53.59,178.6333333
7/8/21,21:40:00,55.66,185.5333333
7/8/21,21:50:00,57.61,192.0333333
7/8/21,22:00:00,59.175,197.25
7/8/21,22:10:00,60.505,201.6833333
7/8/21,22:20:00,62.765,209.2166667
7/8/21,22:30:00,62.83,209.4333333
7/8/21,22:40:00,65.215,217.3833333
7/8/21,22:50:00,66.19,220.6333333
7/8/21,23:00:00,67.625,225.4166667
7/8/21,23:10:00,70.91,236.3666667
7/8/21,23:20:00,72.64,242.1333333
7/8/21,23:30:00,74.7,249
7/8/21,23:40:00,72.815,242.7166667
7/8/21,23:50:00,73.555,245.1833333
7/9/21,0:00:00,72.64,242.1333333
7/9/21,0:10:00,71.55,238.5
7/9/21,0:20:00,73.85,246.1666667
7/9/21,0:30:00,71.385,237.95
7/9/21,0:40:00,73.98,246.6
7/9/21,0:50:00,72.945,243.15
7/9/21,1:00:00,79.66,265.5333333
7/9/21,1:10:00,75.3,251
7/9/21,1:20:00,80.105,267.0166667
7/9/21,1:30:00,77.96,259.8666667
7/9/21,1:40:00,77.23,257.4333333
7/9/21,1:50:00,76.87,256.2333333
7/9/21,2:00:00,79.43,264.7666667
7/9/21,2:10:00,72.675,242.25
7/9/21,2:20:00,77.7,259
7/9/21,2:30:00,73.02,243.4
7/9/21,2:40:00,75.79,252.6333333
7/9/21,2:50:00,75.29,250.9666667
7/9/21,3:00:00,75.235,250.7833333
7/9/21,3:10:00,75.225,250.75
7/9/21,3:20:00,74.985,249.95
7/9/21,3:30:00,75.82,252.7333333
7/9/21,3:40:00,76.57,255.2333333
7/9/21,3:50:00,76.55,255.1666667
7/9/21,4:00:00,72.615,242.05
7/9/21,4:10:00,75.205,250.6833333
7/9/21,4:20:00,77.64,258.8
7/9/21,4:30:00,77.62,258.7333333
7/9/21,4:40:00,77.785,259.2833333
7/9/21,4:50:00,74.98,249.9333333
7/9/21,5:00:00,78.075,260.25
7/9/21,5:10:00,76.74,255.8
7/9/21,5:20:00,77.49,258.3
7/9/21,5:30:00,80.04,266.8
7/9/21,5:40:00,75.305,251.0166667
7/9/21,5:50:00,77.65,258.8333333
7/9/21,6:00:00,76.77,255.9
7/9/21,6:10:00,76.665,255.55
7/9/21,6:20:00,76.83,256.1
7/9/21,6:30:00,74.97,249.9
7/9/21,6:40:00,74.94,249.8
7/9/21,6:50:00,76.055,253.5166667
7/9/21,7:00:00,75.785,252.6166667
7/9/21,7:10:00,71.315,237.7166667
7/9/21,7:20:00,71.53,238.4333333
7/9/21,7:30:00,72.82,242.7333333
7/9/21,7:40:00,74.235,247.45
7/9/21,7:50:00,72.9,243
7/9/21,8:00:00,65.375,217.9166667
7/9/21,8:10:00,65.105,217.0166667
7/9/21,8:20:00,64.88,216.2666667
7/9/21,8:30:00,62.79,209.3
7/9/21,8:40:00,59.58,198.6
7/9/21,8:50:00,58.875,196.25
7/9/21,9:00:00,52.515,175.05
7/9/21,9:10:00,57.7,192.3333333
7/9/21,9:20:00,55.28,184.2666667
7/9/21,9:30:00,60.565,201.8833333
7/9/21,9:40:00,61.955,206.5166667
7/9/21,9:50:00,61.33,204.4333333
7/9/21,10:00:00,64.53,215.1
7/9/21,10:10:00,64.72,215.7333333
7/9/21,10:20:00,65.515,218.3833333
7/9/21,10:30:00,62.56,208.5333333
7/9/21,10:40:00,65.105,217.0166667
7/9/21,10:50:00,61.67,205.5666667
7/9/21,11:00:00,61.49,204.9666667
7/9/21,11:10:00,62.6,208.6666667
7/9/21,11:20:00,60.285,200.95
7/9/21,11:30:00,59.495,198.3166667
7/9/21,11:40:00,61.54,205.1333333
7/9/21,11:50:00,63.5,211.6666667
7/9/21,12:00:00,60.6,202
7/9/21,12:10:00,60.965,203.2166667
7/9/21,12:20:00,61.075,203.5833333
7/9/21,12:30:00,57.84,192.8
7/9/21,12:40:00,55.795,185.9833333
7/9/21,12:50:00,58.245,194.15
7/9/21,13:00:00,56.49,188.3
7/9/21,13:10:00,57.555,191.85
7/9/21,13:20:00,53.065,176.8833333
7/9/21,13:30:00,50.775,169.25
7/9/21,13:40:00,51.745,172.4833333
7/9/21,13:50:00,52.955,176.5166667
7/9/21,14:00:00,52.42,174.7333333
7/9/21,14:10:00,48.945,163.15
7/9/21,14:20:00,50.35,167.8333333
7/9/21,14:30:00,47.99,159.9666667
7/9/21,14:40:00,43.18,143.9333333
7/9/21,14:50:00,42.655,142.1833333
7/9/21,15:00:00,39.805,132.6833333
7/9/21,15:10:00,36.13,120.4333333
7/9/21,15:20:00,36.395,121.3166667
7/9/21,15:30:00,32.96,109.8666667
7/9/21,15:40:00,27.985,93.28333333
7/9/21,15:50:00,27.76,92.53333333
7/9/21,16:00:00,30.845,102.8166667
7/9/21,16:10:00,25.365,84.55
7/9/21,16:20:00,30.29,100.9666667
7/9/21,16:30:00,26.11,87.03333333
7/9/21,16:40:00,27.87,92.9
7/9/21,16:50:00,26.765,89.21666667
7/9/21,17:00:00,27.75,92.5
7/9/21,17:10:00,27.68,92.26666667
7/9/21,17:20:00,32.895,109.65
7/9/21,17:30:00,32.865,109.55
7/9/21,17:40:00,37.955,126.5166667
7/9/21,17:50:00,40.12,133.7333333
7/9/21,18:00:00,40.1,133.6666667
7/9/21,18:10:00,37.86,126.2
7/9/21,18:20:00,41.31,137.7
7/9/21,18:30:00,42.625,142.0833333
7/9/21,18:40:00,42.115,140.3833333
7/9/21,18:50:00,40.975,136.5833333
7/9/21,19:00:00,41.865,139.55
7/9/21,19:10:00,44.73,149.1
7/9/21,19:20:00,50.465,168.2166667
7/9/21,19:30:00,53.185,177.2833333
7/9/21,19:40:00,55.385,184.6166667
7/9/21,19:50:00,60.18,200.6
7/9/21,20:00:00,57.4,191.3333333
7/9/21,20:10:00,58.73,195.7666667
7/9/21,20:20:00,64.735,215.7833333
7/9/21,20:30:00,63.935,213.1166667
7/9/21,20:40:00,68.09,226.9666667
7/9/21,20:50:00,71.505,238.35
7/9/21,21:00:00,70.435,234.7833333
7/9/21,21:10:00,72.64,242.1333333
7/9/21,21:20:00,75.3,251
7/9/21,21:30:00,77.6,258.6666667
7/9/21,21:40:00,77.685,258.95
7/9/21,21:50:00,75.585,251.95
7/9/21,22:00:00,76.405,254.6833333
7/9/21,22:10:00,79.04,263.4666667
7/9/21,22:20:00,77.68,258.9333333
7/9/21,22:30:00,77.65,258.8333333
7/9/21,22:40:00,81.175,270.5833333
7/9/21,22:50:00,77.08,256.9333333
7/9/21,23:00:00,76.045,253.4833333
7/9/21,23:10:00,77.32,257.7333333
7/9/21,23:20:00,80.17,267.2333333
7/9/21,23:30:00,80.335,267.7833333
7/9/21,23:40:00,80.18,267.2666667
7/9/21,23:50:00,80.545,268.4833333
7/10/21,0:00:00,82.63,275.4333333
7/10/21,0:10:00,83.07,276.9
7/10/21,0:20:00,82.57,275.2333333
7/10/21,0:30:00,81.625,272.0833333
7/10/21,0:40:00,81.59,271.9666667
7/10/21,0:50:00,84.925,283.0833333
7/10/21,1:00:00,84.915,283.05
7/10/21,1:10:00,85.15,283.8333333
7/10/21,1:20:00,85.315,284.3833333
7/10/21,1:30:00,83.115,277.05
7/10/21,1:40:00,82.485,274.95
7/10/21,1:50:00,82.56,275.2
7/10/21,2:00:00,87.005,290.0166667
7/10/21,2:10:00,82.1,273.6666667
7/10/21,2:20:00,82.425,274.75
7/10/21,2:30:00,85.09,283.6333333
7/10/21,2:40:00,82.755,275.85
7/10/21,2:50:00,80.255,267.5166667
7/10/21,3:00:00,84.675,282.25
7/10/21,3:10:00,82.785,275.95
7/10/21,3:20:00,77.765,259.2166667
7/10/21,3:30:00,82.425,274.75
7/10/21,3:40:00,80.91,269.7
7/10/21,3:50:00,80.205,267.35
7/10/21,4:00:00,80.415,268.05
7/10/21,4:10:00,78.72,262.4
7/10/21,4:20:00,79.71,265.7
7/10/21,4:30:00,81.465,271.55
7/10/21,4:40:00,77.675,258.9166667
7/10/21,4:50:00,77.28,257.6
7/10/21,5:00:00,77.995,259.9833333
7/10/21,5:10:00,76.83,256.1
7/10/21,5:20:00,79.395,264.65
7/10/21,5:30:00,77.69,258.9666667
7/10/21,5:40:00,76.71,255.7
7/10/21,5:50:00,78.575,261.9166667
7/10/21,6:00:00,77.88,259.6
7/10/21,6:10:00,76.43,254.7666667
7/10/21,6:20:00,74.695,248.9833333
7/10/21,6:30:00,77.06,256.8666667
7/10/21,6:40:00,75.255,250.85
7/10/21,6:50:00,72.465,241.55
7/10/21,7:00:00,73.685,245.6166667
7/10/21,7:10:00,72.545,241.8166667
7/10/21,7:20:00,68.81,229.3666667
7/10/21,7:30:00,70.72,235.7333333
7/10/21,7:40:00,70.17,233.9
7/10/21,7:50:00,65.745,219.15
7/10/21,8:00:00,66.76,222.5333333
7/10/21,8:10:00,65.085,216.95
7/10/21,8:20:00,62.865,209.55
7/10/21,8:30:00,59.715,199.05
7/10/21,8:40:00,59.095,196.9833333
7/10/21,8:50:00,58.305,194.35
7/10/21,9:00:00,56.915,189.7166667
7/10/21,9:10:00,55.48,184.9333333
7/10/21,9:20:00,54.615,182.05
7/10/21,9:30:00,53.015,176.7166667
7/10/21,9:40:00,54.745,182.4833333
7/10/21,9:50:00,53.71,179.0333333
7/10/21,10:00:00,54.705,182.35
7/10/21,10:10:00,53.73,179.1
7/10/21,10:20:00,55.07,183.5666667
7/10/21,10:30:00,55.255,184.1833333
7/10/21,10:40:00,56.895,189.65
7/10/21,10:50:00,57.37,191.2333333
7/10/21,11:00:00,57.935,193.1166667
7/10/21,11:10:00,57.755,192.5166667
7/10/21,11:20:00,60.425,201.4166667
7/10/21,11:30:00,57.48,191.6
7/10/21,11:40:00,61,203.3333333
7/10/21,11:50:00,60.605,202.0166667
7/10/21,12:00:00,60.355,201.1833333
7/10/21,12:10:00,56.945,189.8166667
7/10/21,12:20:00,60.31,201.0333333
7/10/21,12:30:00,57.77,192.5666667
7/10/21,12:40:00,62.34,207.8
7/10/21,12:50:00,55.685,185.6166667
7/10/21,13:00:00,58.445,194.8166667
7/10/21,13:10:00,54.895,182.9833333
7/10/21,13:20:00,56.435,188.1166667
7/10/21,13:30:00,55.12,183.7333333
7/10/21,13:40:00,55.37,184.5666667
7/10/21,13:50:00,52.785,175.95
7/10/21,14:00:00,51.645,172.15
7/10/21,14:10:00,52.98,176.6
7/10/21,14:20:00,55.79,185.9666667
7/10/21,14:30:00,52.715,175.7166667
7/10/21,14:40:00,57.85,192.8333333
7/10/21,14:50:00,55.045,183.4833333
7/10/21,15:00:00,55.07,183.5666667
7/10/21,15:10:00,55.2,184
7/10/21,15:20:00,55.965,186.55
7/10/21,15:30:00,51.94,173.1333333
7/10/21,15:40:00,55.205,184.0166667
7/10/21,15:50:00,53.07,176.9
7/10/21,16:00:00,60.22,200.7333333
7/10/21,16:10:00,53.285,177.6166667
7/10/21,16:20:00,57.215,190.7166667
7/10/21,16:30:00,54.645,182.15
7/10/21,16:40:00,56.645,188.8166667
7/10/21,16:50:00,57.83,192.7666667
7/10/21,17:00:00,55.315,184.3833333
7/10/21,17:10:00,53.08,176.9333333
7/10/21,17:20:00,52.825,176.0833333
7/10/21,17:30:00,51.06,170.2
7/10/21,17:40:00,48.88,162.9333333
7/10/21,17:50:00,47.725,159.0833333
7/10/21,18:00:00,47.035,156.7833333
7/10/21,18:10:00,42.76,142.5333333
7/10/21,18:20:00,40.19,133.9666667
7/10/21,18:30:00,38.22,127.4
7/10/21,18:40:00,37.24,124.1333333
7/10/21,18:50:00,33.845,112.8166667
7/10/21,19:00:00,30.135,100.45
7/10/21,19:10:00,27.825,92.75
7/10/21,19:20:00,29.895,99.65
7/10/21,19:30:00,27.675,92.25
7/10/21,19:40:00,28.415,94.71666667
7/10/21,19:50:00,31.54,105.1333333
7/10/21,20:00:00,32.315,107.7166667
7/10/21,20:10:00,32.31,107.7
7/10/21,20:20:00,34.3,114.3333333
7/10/21,20:30:00,35.39,117.9666667
7/10/21,20:40:00,36.32,121.0666667
7/10/21,20:50:00,39.09,130.3
7/10/21,21:00:00,45.45,151.5
7/10/21,21:10:00,47.56,158.5333333
7/10/21,21:20:00,52.59,175.3
7/10/21,21:30:00,53.83,179.4333333
7/10/21,21:40:00,55.03,183.4333333
7/10/21,21:50:00,57.365,191.2166667
7/10/21,22:00:00,57.47,191.5666667
7/10/21,22:10:00,58.465,194.8833333
7/10/21,22:20:00,62.905,209.6833333
7/10/21,22:30:00,65.075,216.9166667
7/10/21,22:40:00,66.145,220.4833333
7/10/21,22:50:00,69.225,230.75
7/10/21,23:00:00,65.465,218.2166667
7/10/21,23:10:00,68.525,228.4166667
7/10/21,23:20:00,67.245,224.15
7/10/21,23:30:00,70.625,235.4166667
7/10/21,23:40:00,69.205,230.6833333
7/10/21,23:50:00,72.4,241.3333333
7/11/21,0:00:00,68.115,227.05
7/11/21,0:10:00,75.075,250.25
7/11/21,0:20:00,71.595,238.65
7/11/21,0:30:00,71.26,237.5333333
7/11/21,0:40:00,69.715,232.3833333
7/11/21,0:50:00,70.375,234.5833333
7/11/21,1:00:00,70.2,234
7/11/21,1:10:00,71.845,239.4833333
7/11/21,1:20:00,70.12,233.7333333
7/11/21,1:30:00,68.64,228.8
7/11/21,1:40:00,73.865,246.2166667
7/11/21,1:50:00,72.65,242.1666667
7/11/21,2:00:00,70.095,233.65
7/11/21,2:10:00,73.635,245.45
7/11/21,2:20:00,70.1,233.6666667
7/11/21,2:30:00,73.64,245.4666667
7/11/21,2:40:00,71.58,238.6
7/11/21,2:50:00,77.215,257.3833333
7/11/21,3:00:00,73.08,243.6
7/11/21,3:10:00,71.89,239.6333333
7/11/21,3:20:00,69.3,231
7/11/21,3:30:00,74.43,248.1
7/11/21,3:40:00,70.05,233.5
7/11/21,3:50:00,70.035,233.45
7/11/21,4:00:00,72.54,241.8
7/11/21,4:10:00,69.765,232.55
7/11/21,4:20:00,67.715,225.7166667
7/11/21,4:30:00,70.085,233.6166667
7/11/21,4:40:00,72.1,240.3333333
7/11/21,4:50:00,66.04,220.1333333
7/11/21,5:00:00,67.62,225.4
7/11/21,5:10:00,67.525,225.0833333
7/11/21,5:20:00,67.725,225.75
7/11/21,5:30:00,64.65,215.5
7/11/21,5:40:00,65.98,219.9333333
7/11/21,5:50:00,64.545,215.15
7/11/21,6:00:00,66.41,221.3666667
7/11/21,6:10:00,62.755,209.1833333
7/11/21,6:20:00,61.215,204.05
7/11/21,6:30:00,58.54,195.1333333
7/11/21,6:40:00,61.385,204.6166667
7/11/21,6:50:00,57.295,190.9833333
7/11/21,7:00:00,54.67,182.2333333
7/11/21,7:10:00,52.49,174.9666667
7/11/21,7:20:00,49.21,164.0333333
7/11/21,7:30:00,50.39,167.9666667
7/11/21,7:40:00,49.89,166.3
7/11/21,7:50:00,50.03,166.7666667
7/11/21,8:00:00,51.68,172.2666667
7/11/21,8:10:00,53.6,178.6666667
7/11/21,8:20:00,53.435,178.1166667
7/11/21,8:30:00,58.075,193.5833333
7/11/21,8:40:00,57.54,191.8
7/11/21,8:50:00,57.805,192.6833333
7/11/21,9:00:00,60.635,202.1166667
7/11/21,9:10:00,59.155,197.1833333
7/11/21,9:20:00,62.655,208.85
7/11/21,9:30:00,60.24,200.8
7/11/21,9:40:00,59.065,196.8833333
7/11/21,9:50:00,54.925,183.0833333
7/11/21,10:00:00,55.655,185.5166667
7/11/21,10:10:00,52.34,174.4666667
7/11/21,10:20:00,52.78,175.9333333
7/11/21,10:30:00,49.82,166.0666667
7/11/21,10:40:00,47.73,159.1
7/11/21,10:50:00,50.03,166.7666667
7/11/21,11:00:00,50.25,167.5
7/11/21,11:10:00,47.76,159.2
7/11/21,11:20:00,47.76,159.2
7/11/21,11:30:00,49.8,166
7/11/21,11:40:00,48.3,161
7/11/21,11:50:00,45.81,152.7
7/11/21,12:00:00,47.755,159.1833333
7/11/21,12:10:00,49.045,163.4833333
7/11/21,12:20:00,50.08,166.9333333
7/11/21,12:30:00,47.595,158.65
7/11/21,12:40:00,51.4,171.3333333
7/11/21,12:50:00,50.745,169.15
7/11/21,13:00:00,50.03,166.7666667
7/11/21,13:10:00,50.07,166.9
7/11/21,13:20:00,52.885,176.2833333
7/11/21,13:30:00,50.205,167.35
7/11/21,13:40:00,50.59,168.6333333
7/11/21,13:50:00,50.24,167.4666667
7/11/21,14:00:00,48.065,160.2166667
7/11/21,14:10:00,51.505,171.6833333
7/11/21,14:20:00,52.725,175.75
7/11/21,14:30:00,51.25,170.8333333
7/11/21,14:40:00,51.87,172.9
7/11/21,14:50:00,50.08,166.9333333
7/11/21,15:00:00,49.905,166.35
7/11/21,15:10:00,52.405,174.6833333
7/11/21,15:20:00,52.325,174.4166667
7/11/21,15:30:00,50.49,168.3
7/11/21,15:40:00,50.18,167.2666667
7/11/21,15:50:00,52.855,176.1833333
7/11/21,16:00:00,53.09,176.9666667
7/11/21,16:10:00,53.09,176.9666667
7/11/21,16:20:00,50.55,168.5
7/11/21,16:30:00,57.215,190.7166667
7/11/21,16:40:00,52.76,175.8666667
7/11/21,16:50:00,57.36,191.2
7/11/21,17:00:00,56.79,189.3
7/11/21,17:10:00,56.435,188.1166667
7/11/21,17:20:00,54.68,182.2666667
7/11/21,17:30:00,55.295,184.3166667
7/11/21,17:40:00,54.195,180.65
7/11/21,17:50:00,52.72,175.7333333
7/11/21,18:00:00,52.62,175.4
7/11/21,18:10:00,48.975,163.25
7/11/21,18:20:00,48.095,160.3166667
7/11/21,18:30:00,48.395,161.3166667
7/11/21,18:40:00,43.195,143.9833333
7/11/21,18:50:00,42.27,140.9
7/11/21,19:00:00,35.835,119.45
7/11/21,19:10:00,35.14,117.1333333
7/11/21,19:20:00,35.295,117.65
7/11/21,19:30:00,32.78,109.2666667
7/11/21,19:40:00,25.215,84.05
7/11/21,19:50:00,24.32,81.06666667
7/11/21,20:00:00,20.115,67.05
7/11/21,20:10:00,21.02,70.06666667
7/11/21,20:20:00,20.025,66.75
7/11/21,20:30:00,17.53,58.43333333
7/11/21,20:40:00,20.14,67.13333333
7/11/21,20:50:00,19.995,66.65
7/11/21,21:00:00,22.015,73.38333333
7/11/21,21:10:00,20.24,67.46666667
7/11/21,21:20:00,20.01,66.7
7/11/21,21:30:00,17.715,59.05
7/11/21,21:40:00,19.555,65.18333333
7/11/21,21:50:00,22.32,74.4
7/11/21,22:00:00,24.205,80.68333333
7/11/21,22:10:00,26.625,88.75
7/11/21,22:20:00,24.885,82.95
7/11/21,22:30:00,27.455,91.51666667
7/11/21,22:40:00,31.285,104.2833333
7/11/21,22:50:00,34.895,116.3166667
7/11/21,23:00:00,32.5,108.3333333
7/11/21,23:10:00,33.88,112.9333333
7/11/21,23:20:00,35.865,119.55
7/11/21,23:30:00,37.615,125.3833333
7/11/21,23:40:00,39.915,133.05
7/11/21,23:50:00,40.32,134.4
7/12/21,0:00:00,37.74,125.8
7/12/21,0:10:00,43.61,145.3666667
7/12/21,0:20:00,40.075,133.5833333
7/12/21,0:30:00,42.475,141.5833333
7/12/21,0:40:00,43.485,144.95
7/12/21,0:50:00,40.185,133.95
7/12/21,1:00:00,45.495,151.65
7/12/21,1:10:00,45.51,151.7
7/12/21,1:20:00,44.865,149.55
7/12/21,1:30:00,42.655,142.1833333
7/12/21,1:40:00,46.885,156.2833333
7/12/21,1:50:00,42.665,142.2166667
7/12/21,2:00:00,48.23,160.7666667
7/12/21,2:10:00,47.035,156.7833333
7/12/21,2:20:00,49.66,165.5333333
7/12/21,2:30:00,45.57,151.9
7/12/21,2:40:00,47.64,158.8
7/12/21,2:50:00,47.68,158.9333333
7/12/21,3:00:00,50.105,167.0166667
7/12/21,3:10:00,50.02,166.7333333
7/12/21,3:20:00,49.145,163.8166667
7/12/21,3:30:00,51.4,171.3333333
7/12/21,3:40:00,47.47,158.2333333
7/12/21,3:50:00,51.94,173.1333333
7/12/21,4:00:00,48.01,160.0333333
7/12/21,4:10:00,50.235,167.45
7/12/21,4:20:00,55.125,183.75
7/12/21,4:30:00,50.315,167.7166667
7/12/21,4:40:00,48.87,162.9
7/12/21,4:50:00,49.945,166.4833333
7/12/21,5:00:00,50.22,167.4
7/12/21,5:10:00,51.41,171.3666667
7/12/21,5:20:00,51.105,170.35
7/12/21,5:30:00,50.63,168.7666667
7/12/21,5:40:00,52.98,176.6
7/12/21,5:50:00,51.79,172.6333333
7/12/21,6:00:00,52.39,174.6333333
7/12/21,6:10:00,53.945,179.8166667
7/12/21,6:20:00,54.94,183.1333333
7/12/21,6:30:00,53.445,178.15
7/12/21,6:40:00,52.48,174.9333333
7/12/21,6:50:00,52.165,173.8833333
7/12/21,7:00:00,50.815,169.3833333
7/12/21,7:10:00,48.4,161.3333333
7/12/21,7:20:00,47.175,157.25
7/12/21,7:30:00,45.03,150.1
7/12/21,7:40:00,43.225,144.0833333
7/12/21,7:50:00,40.09,133.6333333
7/12/21,8:00:00,39.615,132.05
7/12/21,8:10:00,40.445,134.8166667
7/12/21,8:20:00,39.585,131.95
7/12/21,8:30:00,37.345,124.4833333
7/12/21,8:40:00,37.525,125.0833333
7/12/21,8:50:00,40.9,136.3333333
7/12/21,9:00:00,39.635,132.1166667
7/12/21,9:10:00,44.45,148.1666667
7/12/21,9:20:00,47.75,159.1666667
7/12/21,9:30:00,47.495,158.3166667
7/12/21,9:40:00,50.455,168.1833333
7/12/21,9:50:00,51.98,173.2666667
7/12/21,10:00:00,51.825,172.75
7/12/21,10:10:00,54.985,183.2833333
7/12/21,10:20:00,52.165,173.8833333
7/12/21,10:30:00,51.2,170.6666667
7/12/21,10:40:00,49.83,166.1
7/12/21,10:50:00,49.795,165.9833333
7/12/21,11:00:00,52.365,174.55
7/12/21,11:10:00,52.505,175.0166667
7/12/21,11:20:00,52.925,176.4166667
7/12/21,11:30:00,52.25,174.1666667
7/12/21,11:40:00,53.115,177.05
7/12/21,11:50:00,52.98,176.6
7/12/21,12:00:00,54.09,180.3
7/12/21,12:10:00,52.665,175.55
7/12/21,12:20:00,50.34,167.8
7/12/21,12:30:00,52.61,175.3666667
7/12/21,12:40:00,50.335,167.7833333
7/12/21,12:50:00,55.535,185.1166667
7/12/21,13:00:00,52.9,176.3333333
7/12/21,13:10:00,53.18,177.2666667
7/12/21,13:20:00,51.975,173.25
7/12/21,13:30:00,55.205,184.0166667
7/12/21,13:40:00,51.78,172.6
7/12/21,13:50:00,53.39,177.9666667
7/12/21,14:00:00,50.395,167.9833333
7/12/21,14:10:00,55.965,186.55
7/12/21,14:20:00,54.45,181.5
7/12/21,14:30:00,57.625,192.0833333
7/12/21,14:40:00,54.06,180.2
7/12/21,14:50:00,55.27,184.2333333
7/12/21,15:00:00,55.595,185.3166667
7/12/21,15:10:00,56.175,187.25
7/12/21,15:20:00,60.055,200.1833333
7/12/21,15:30:00,55.13,183.7666667
7/12/21,15:40:00,52.76,175.8666667
7/12/21,15:50:00,52.845,176.15
7/12/21,16:00:00,51.755,172.5166667
7/12/21,16:10:00,53.945,179.8166667
7/12/21,16:20:00,51.54,171.8
7/12/21,16:30:00,50.66,168.8666667
7/12/21,16:40:00,47.73,159.1
7/12/21,16:50:00,52.91,176.3666667
7/12/21,17:00:00,52.7,175.6666667
7/12/21,17:10:00,47.9,159.6666667
7/12/21,17:20:00,52.745,175.8166667
7/12/21,17:30:00,46.465,154.8833333
7/12/21,17:40:00,47.855,159.5166667
7/12/21,17:50:00,47.885,159.6166667
7/12/21,18:00:00,42.215,140.7166667
7/12/21,18:10:00,38.025,126.75
7/12/21,18:20:00,37.585,125.2833333
7/12/21,18:30:00,35.715,119.05
7/12/21,18:40:00,33.31,111.0333333
7/12/21,18:50:00,30.215,100.7166667
7/12/21,19:00:00,27.675,92.25
7/12/21,19:10:00,29.22,97.4
7/12/21,19:20:00,29.41,98.03333333
7/12/21,19:30:00,27.815,92.71666667
7/12/21,19:40:00,25.915,86.38333333
7/12/21,19:50:00,28.865,96.21666667
7/12/21,20:00:00,25.155,83.85
7/12/21,20:10:00,32.06,106.8666667
7/12/21,20:20:00,27.71,92.36666667
7/12/21,20:30:00,31.345,104.4833333
7/12/21,20:40:00,31.95,106.5
7/12/21,20:50:00,37.53,125.1
7/12/21,21:00:00,35.49,118.3
7/12/21,21:10:00,39.93,133.1
7/12/21,21:20:00,37.915,126.3833333
7/12/21,21:30:00,43.34,144.4666667
7/12/21,21:40:00,43.495,144.9833333
7/12/21,21:50:00,42.805,142.6833333
7/12/21,22:00:00,44.99,149.9666667
7/12/21,22:10:00,47.67,158.9
7/12/21,22:20:00,50.22,167.4
7/12/21,22:30:00,52.39,174.6333333
7/12/21,22:40:00,53.77,179.2333333
7/12/21,22:50:00,52.44,174.8
7/12/21,23:00:00,50.895,169.65
7/12/21,23:10:00,57.53,191.7666667
7/12/21,23:20:00,57.08,190.2666667
7/12/21,23:30:00,57.65,192.1666667
7/12/21,23:40:00,52.71,175.7
7/12/21,23:50:00,48.02,160.0666667
7/13/21,0:00:00,52.645,175.4833333
7/13/21,0:10:00,50.685,168.95
7/13/21,0:20:00,55.35,184.5
7/13/21,0:30:00,55.485,184.95
7/13/21,0:40:00,57.735,192.45
7/13/21,0:50:00,57.43,191.4333333
7/13/21,1:00:00,60.895,202.9833333
7/13/21,1:10:00,59.945,199.8166667
7/13/21,1:20:00,59.85,199.5
7/13/21,1:30:00,61.28,204.2666667
7/13/21,1:40:00,61.495,204.9833333
7/13/21,1:50:00,63.47,211.5666667
7/13/21,2:00:00,62.98,209.9333333
7/13/21,2:10:00,60.485,201.6166667
7/13/21,2:20:00,62.51,208.3666667
7/13/21,2:30:00,65.205,217.35
7/13/21,2:40:00,65.215,217.3833333
7/13/21,2:50:00,63.09,210.3
7/13/21,3:00:00,65.085,216.95
7/13/21,3:10:00,65.375,217.9166667
7/13/21,3:20:00,62.44,208.1333333
7/13/21,3:30:00,67.745,225.8166667
7/13/21,3:40:00,62.99,209.9666667
7/13/21,3:50:00,60.19,200.6333333
7/13/21,4:00:00,62.64,208.8
7/13/21,4:10:00,64.435,214.7833333
7/13/21,4:20:00,62.83,209.4333333
7/13/21,4:30:00,60.465,201.55
7/13/21,4:40:00,62.345,207.8166667
7/13/21,4:50:00,60.18,200.6
7/13/21,5:00:00,62.47,208.2333333
7/13/21,5:10:00,60.175,200.5833333
7/13/21,5:20:00,59.27,197.5666667
7/13/21,5:30:00,60.895,202.9833333
7/13/21,5:40:00,59.205,197.35
7/13/21,5:50:00,61.77,205.9
7/13/21,6:00:00,59.835,199.45
7/13/21,6:10:00,60.105,200.35
7/13/21,6:20:00,60.225,200.75
7/13/21,6:30:00,57.07,190.2333333
7/13/21,6:40:00,59.46,198.2
7/13/21,6:50:00,57.425,191.4166667
7/13/21,7:00:00,54.45,181.5
7/13/21,7:10:00,54.99,183.3
7/13/21,7:20:00,49.41,164.7
7/13/21,7:30:00,50.93,169.7666667
7/13/21,7:40:00,49.745,165.8166667
7/13/21,7:50:00,47.58,158.6
7/13/21,8:00:00,45.3,151
7/13/21,8:10:00,42.59,141.9666667
7/13/21,8:20:00,45.385,151.2833333
7/13/21,8:30:00,47.875,159.5833333
7/13/21,8:40:00,44.55,148.5
7/13/21,8:50:00,43.545,145.15
7/13/21,9:00:00,46.4,154.6666667
7/13/21,9:10:00,47.255,157.5166667
7/13/21,9:20:00,46.965,156.55
7/13/21,9:30:00,50.365,167.8833333
7/13/21,9:40:00,49.325,164.4166667
7/13/21,9:50:00,47.375,157.9166667
7/13/21,10:00:00,52.71,175.7
7/13/21,10:10:00,52.265,174.2166667
7/13/21,10:20:00,52.385,174.6166667
7/13/21,10:30:00,51.49,171.6333333
7/13/21,10:40:00,53.275,177.5833333
7/13/21,10:50:00,54.695,182.3166667
7/13/21,11:00:00,52.75,175.8333333
7/13/21,11:10:00,54.78,182.6
7/13/21,11:20:00,57.74,192.4666667
7/13/21,11:30:00,58.075,193.5833333
7/13/21,11:40:00,57.79,192.6333333
7/13/21,11:50:00,60.21,200.7
7/13/21,12:00:00,57.205,190.6833333
7/13/21,12:10:00,55.435,184.7833333
7/13/21,12:20:00,52.895,176.3166667
7/13/21,12:30:00,55.225,184.0833333
7/13/21,12:40:00,52.935,176.45
7/13/21,12:50:00,55.075,183.5833333
7/13/21,13:00:00,58.025,193.4166667
7/13/21,13:10:00,55.82,186.0666667
7/13/21,13:20:00,56.04,186.8
7/13/21,13:30:00,56.38,187.9333333
7/13/21,13:40:00,50.7,169
7/13/21,13:50:00,50.115,167.05
7/13/21,14:00:00,51.36,171.2
7/13/21,14:10:00,50.085,166.95
7/13/21,14:20:00,45.87,152.9
7/13/21,14:30:00,42.41,141.3666667
7/13/21,14:40:00,39.98,133.2666667
7/13/21,14:50:00,39.635,132.1166667
7/13/21,15:00:00,39.97,133.2333333
7/13/21,15:10:00,43.895,146.3166667
7/13/21,15:20:00,42.445,141.4833333
7/13/21,15:30:00,37.59,125.3
7/13/21,15:40:00,39.615,132.05
7/13/21,15:50:00,41.42,138.0666667
7/13/21,16:00:00,36.27,120.9
7/13/21,16:10:00,37.78,125.9333333
7/13/21,16:20:00,32.31,107.7
7/13/21,16:30:00,32.17,107.2333333
7/13/21,16:40:00,31.74,105.8
7/13/21,16:50:00,29.905,99.68333333
7/13/21,17:00:00,32.03,106.7666667
7/13/21,17:10:00,28.895,96.31666667
7/13/21,17:20:00,23.355,77.85
7/13/21,17:30:00,24.685,82.28333333
7/13/21,17:40:00,24.96,83.2
7/13/21,17:50:00,25.03,83.43333333
7/13/21,18:00:00,23.845,79.48333333
7/13/21,18:10:00,21.19,70.63333333
7/13/21,18:20:00,17.975,59.91666667
7/13/21,18:30:00,24.64,82.13333333
7/13/21,18:40:00,22.46,74.86666667
7/13/21,18:50:00,25.23,84.1
7/13/21,19:00:00,26.045,86.81666667
7/13/21,19:10:00,30,100
7/13/21,19:20:00,31.63,105.4333333
7/13/21,19:30:00,31.675,105.5833333
7/13/21,19:40:00,31.225,104.0833333
7/13/21,19:50:00,32.275,107.5833333
7/13/21,20:00:00,32.535,108.45
7/13/21,20:10:00,39.53,131.7666667
7/13/21,20:20:00,39.46,131.5333333
7/13/21,20:30:00,42.45,141.5
7/13/21,20:40:00,46.965,156.55
7/13/21,20:50:00,47.51,158.3666667
7/13/21,21:00:00,49.515,165.05
7/13/21,21:10:00,49.095,163.65
7/13/21,21:20:00,50.265,167.55
7/13/21,21:30:00,53.285,177.6166667
7/13/21,21:40:00,53.085,176.95
7/13/21,21:50:00,54.84,182.8
7/13/21,22:00:00,54.9,183
7/13/21,22:10:00,52.93,176.4333333
7/13/21,22:20:00,53.01,176.7
7/13/21,22:30:00,58.275,194.25
7/13/21,22:40:00,58.25,194.1666667
7/13/21,22:50:00,55.08,183.6
7/13/21,23:00:00,60.06,200.2
7/13/21,23:10:00,55.96,186.5333333
7/13/21,23:20:00,60.635,202.1166667
7/13/21,23:30:00,59.835,199.45
7/13/21,23:40:00,59.69,198.9666667
7/13/21,23:50:00,61.97,206.5666667
7/14/21,0:00:00,61.945,206.4833333
7/14/21,0:10:00,62.71,209.0333333
7/14/21,0:20:00,61.895,206.3166667
7/14/21,0:30:00,64.31,214.3666667
7/14/21,0:40:00,64,213.3333333
7/14/21,0:50:00,62.79,209.3
7/14/21,1:00:00,60.045,200.15
7/14/21,1:10:00,62.455,208.1833333
7/14/21,1:20:00,63.585,211.95
7/14/21,1:30:00,60.465,201.55
7/14/21,1:40:00,62.105,207.0166667
7/14/21,1:50:00,60.465,201.55
7/14/21,2:00:00,58.315,194.3833333
7/14/21,2:10:00,59.66,198.8666667
7/14/21,2:20:00,58.465,194.8833333
7/14/21,2:30:00,58.385,194.6166667
7/14/21,2:40:00,57.955,193.1833333
7/14/21,2:50:00,58.05,193.5
7/14/21,3:00:00,59.855,199.5166667
7/14/21,3:10:00,55.11,183.7
7/14/21,3:20:00,54.94,183.1333333
7/14/21,3:30:00,52.51,175.0333333
7/14/21,3:40:00,54.29,180.9666667
7/14/21,3:50:00,52.33,174.4333333
7/14/21,4:00:00,51.765,172.55
7/14/21,4:10:00,48.455,161.5166667
7/14/21,4:20:00,47.84,159.4666667
7/14/21,4:30:00,49.79,165.9666667
7/14/21,4:40:00,50.25,167.5
7/14/21,4:50:00,50.285,167.6166667
7/14/21,5:00:00,51.305,171.0166667
7/14/21,5:10:00,50.79,169.3
7/14/21,5:20:00,50.225,167.4166667
7/14/21,5:30:00,50.785,169.2833333
7/14/21,5:40:00,48.62,162.0666667
7/14/21,5:50:00,50.83,169.4333333
7/14/21,6:00:00,50.41,168.0333333
7/14/21,6:10:00,52.5,175
7/14/21,6:20:00,48.37,161.2333333
7/14/21,6:30:00,47.445,158.15
7/14/21,6:40:00,50.125,167.0833333
7/14/21,6:50:00,50.745,169.15
7/14/21,7:00:00,52.655,175.5166667
7/14/21,7:10:00,51.835,172.7833333
7/14/21,7:20:00,51.24,170.8
7/14/21,7:30:00,52.96,176.5333333
7/14/21,7:40:00,53.77,179.2333333
7/14/21,7:50:00,52.815,176.05
7/14/21,8:00:00,50.035,166.7833333
7/14/21,8:10:00,50.705,169.0166667
7/14/21,8:20:00,52.105,173.6833333
7/14/21,8:30:00,56.6,188.6666667
7/14/21,8:40:00,55.2,184
7/14/21,8:50:00,50.28,167.6
7/14/21,9:00:00,54.385,181.2833333
7/14/21,9:10:00,53.865,179.55
7/14/21,9:20:00,57.27,190.9
7/14/21,9:30:00,57.295,190.9833333
7/14/21,9:40:00,55.035,183.45
7/14/21,9:50:00,54.15,180.5
7/14/21,10:00:00,52.725,175.75
7/14/21,10:10:00,57.34,191.1333333
7/14/21,10:20:00,57.075,190.25
7/14/21,10:30:00,55.6,185.3333333
7/14/21,10:40:00,58.455,194.85
7/14/21,10:50:00,56.88,189.6
7/14/21,11:00:00,56.8,189.3333333
7/14/21,11:10:00,57.155,190.5166667
7/14/21,11:20:00,54.835,182.7833333
7/14/21,11:30:00,58.87,196.2333333
7/14/21,11:40:00,54.635,182.1166667
7/14/21,11:50:00,59.06,196.8666667
7/14/21,12:00:00,54.355,181.1833333
7/14/21,12:10:00,54.205,180.6833333
7/14/21,12:20:00,52.19,173.9666667
7/14/21,12:30:00,53.42,178.0666667
7/14/21,12:40:00,53.04,176.8
7/14/21,12:50:00,52.1,173.6666667
7/14/21,13:00:00,53.925,179.75
7/14/21,13:10:00,54.78,182.6
7/14/21,13:20:00,56.55,188.5
7/14/21,13:30:00,54.405,181.35
7/14/21,13:40:00,52.75,175.8333333
7/14/21,13:50:00,51.725,172.4166667
7/14/21,14:00:00,53.08,176.9333333
7/14/21,14:10:00,51.125,170.4166667
7/14/21,14:20:00,51.495,171.65
7/14/21,14:30:00,51.77,172.5666667
7/14/21,14:40:00,52.07,173.5666667
7/14/21,14:50:00,53.6,178.6666667