sample,datetime,wtemp_a_1,ltemp_a_2,wtrhgt__3,wtrhgt__4
1,05/20/2020 16:28:09,6.2,11.6,4,4
2,05/20/2020 16:38:09,3.4,12.8,180,175
3,05/20/2020 16:48:09,2.0,11.3,188,185
4,05/20/2020 16:58:09,1.8,10.4,192,191
5,05/20/2020 17:08:09,1.7,9.6,194,193
6,05/20/2020 17:18:09,1.7,9.0,197,196
7,05/20/2020 17:28:09,1.7,8.4,199,198
8,05/20/2020 17:38:09,1.6,8.1,196,198
9,05/20/2020 17:48:09,1.6,7.9,197,196
10,05/20/2020 17:58:09,1.6,7.8,197,197
11,05/20/2020 18:08:09,1.6,7.7,198,197
12,05/20/2020 18:18:09,1.6,7.6,197,197
13,05/20/2020 18:28:09,1.6,7.6,198,197
14,05/20/2020 18:38:09,1.6,7.5,197,197
15,05/20/2020 18:48:09,1.6,7.3,196,197
16,05/20/2020 18:58:09,1.6,7.2,195,195
17,05/20/2020 19:08:09,1.6,7.0,191,193
18,05/20/2020 19:18:09,1.6,6.8,189,190
19,05/20/2020 19:28:09,1.6,6.6,186,187
20,05/20/2020 19:38:09,1.6,6.5,182,184
21,05/20/2020 19:48:09,1.6,6.3,179,180
22,05/20/2020 19:58:09,1.6,6.2,175,177
23,05/20/2020 20:08:09,1.5,6.0,172,173
24,05/20/2020 20:18:09,1.5,5.9,166,169
25,05/20/2020 20:28:09,1.5,5.8,163,165
26,05/20/2020 20:38:09,1.5,5.7,160,161
27,05/20/2020 20:48:09,1.5,5.6,158,159
28,05/20/2020 20:58:09,1.5,5.4,155,157
29,05/20/2020 21:08:09,1.5,5.3,153,154
30,05/20/2020 21:18:09,1.5,5.2,150,151
31,05/20/2020 21:28:09,1.5,5.1,147,148
32,05/20/2020 21:38:09,1.5,5.0,144,146
33,05/20/2020 21:48:09,1.5,4.9,142,143
34,05/20/2020 21:58:09,1.5,4.8,140,141
35,05/20/2020 22:08:09,1.5,4.7,137,138
36,05/20/2020 22:18:09,1.5,4.6,135,136
37,05/20/2020 22:28:09,1.5,4.5,132,133
38,05/20/2020 22:38:09,1.5,4.4,129,130
39,05/20/2020 22:48:09,1.5,4.3,127,128
40,05/20/2020 22:58:09,1.5,4.2,125,126
41,05/20/2020 23:08:09,1.5,4.1,123,124
42,05/20/2020 23:18:09,1.5,4.0,121,122
43,05/20/2020 23:28:09,1.5,3.9,119,120
44,05/20/2020 23:38:09,1.5,3.8,120,120
45,05/20/2020 23:48:09,1.5,3.8,118,118
46,05/20/2020 23:58:09,1.5,3.7,116,117
47,05/21/2020 00:08:09,1.5,3.6,114,115
48,05/21/2020 00:18:09,1.5,3.5,112,113
49,05/21/2020 00:28:09,1.5,3.4,111,111
50,05/21/2020 00:38:09,1.5,3.4,109,110
51,05/21/2020 00:48:09,1.5,3.3,108,108
52,05/21/2020 00:58:09,1.5,3.2,106,107
53,05/21/2020 01:08:09,1.5,3.2,106,106
54,05/21/2020 01:18:09,1.5,3.1,104,105
55,05/21/2020 01:28:09,1.5,3.1,103,103
56,05/21/2020 01:38:09,1.5,3.0,101,102
57,05/21/2020 01:48:09,1.5,3.0,100,101
58,05/21/2020 01:58:09,1.6,2.9,99,99
59,05/21/2020 02:08:09,1.6,2.9,98,98
60,05/21/2020 02:18:09,1.6,2.8,97,97
61,05/21/2020 02:28:09,1.6,2.8,96,96
62,05/21/2020 02:38:09,1.5,2.8,95,95
63,05/21/2020 02:48:09,1.6,2.7,94,94
64,05/21/2020 02:58:09,1.5,2.7,93,93
65,05/21/2020 03:08:09,1.5,2.6,92,92
66,05/21/2020 03:18:09,1.6,2.6,91,91
67,05/21/2020 03:28:09,1.6,2.5,90,90
68,05/21/2020 03:38:09,1.6,2.5,89,90
69,05/21/2020 03:48:09,1.6,2.4,88,89
70,05/21/2020 03:58:09,1.6,2.4,87,88
71,05/21/2020 04:08:09,1.6,2.3,87,87
72,05/21/2020 04:18:09,1.6,2.3,86,86
73,05/21/2020 04:28:09,1.6,2.3,85,86
74,05/21/2020 04:38:09,1.6,2.2,85,85
75,05/21/2020 04:48:09,1.6,2.2,85,85
76,05/21/2020 04:58:09,1.6,2.2,84,84
77,05/21/2020 05:08:09,1.6,2.1,83,84
78,05/21/2020 05:18:09,1.6,2.1,83,83
79,05/21/2020 05:28:09,1.6,2.0,82,82
80,05/21/2020 05:38:09,1.6,2.0,82,82
81,05/21/2020 05:48:09,1.6,2.0,81,81
82,05/21/2020 05:58:09,1.6,1.9,80,80
83,05/21/2020 06:08:09,1.6,1.9,79,80
84,05/21/2020 06:18:09,1.6,1.9,79,79
85,05/21/2020 06:28:09,1.6,1.9,78,79
86,05/21/2020 06:38:09,1.6,1.8,78,78
87,05/21/2020 06:48:09,1.6,1.8,78,78
88,05/21/2020 06:58:09,1.6,1.8,77,77
89,05/21/2020 07:08:09,1.6,1.8,78,77
90,05/21/2020 07:18:09,1.6,1.8,77,77
91,05/21/2020 07:28:09,1.6,1.8,77,77
92,05/21/2020 07:38:09,1.6,1.8,77,77
93,05/21/2020 07:48:09,1.6,1.8,77,77
94,05/21/2020 07:58:09,1.6,1.8,76,76
95,05/21/2020 08:08:09,1.6,1.8,76,76
96,05/21/2020 08:18:09,1.6,1.8,75,75
97,05/21/2020 08:28:09,1.6,1.8,74,75
98,05/21/2020 08:38:09,1.6,1.8,74,74
99,05/21/2020 08:48:09,1.6,1.8,74,74
100,05/21/2020 08:58:09,1.6,1.8,73,73
101,05/21/2020 09:08:09,1.6,1.9,73,73
102,05/21/2020 09:18:09,1.6,1.9,72,72
103,05/21/2020 09:28:09,1.6,1.9,72,72
104,05/21/2020 09:38:09,1.6,1.9,71,71
105,05/21/2020 09:48:09,1.6,1.9,72,71
106,05/21/2020 09:58:09,1.6,1.9,71,71
107,05/21/2020 10:08:09,1.6,1.9,71,71
108,05/21/2020 10:18:09,1.6,2.0,70,70
109,05/21/2020 10:28:09,1.6,2.0,70,70
110,05/21/2020 10:38:09,1.6,2.1,70,70
111,05/21/2020 10:48:09,1.6,2.3,70,70
112,05/21/2020 10:58:09,1.6,2.5,70,70
113,05/21/2020 11:08:09,1.6,2.5,69,70
114,05/21/2020 11:18:09,1.6,2.5,69,69
115,05/21/2020 11:28:09,1.6,2.5,68,68
116,05/21/2020 11:38:09,1.6,2.5,68,68
117,05/21/2020 11:48:09,1.6,2.5,67,68
118,05/21/2020 11:58:09,1.6,2.4,67,67
119,05/21/2020 12:08:09,1.6,2.4,66,66
120,05/21/2020 12:18:09,1.6,2.4,65,65
121,05/21/2020 12:28:09,1.6,2.4,65,65
122,05/21/2020 12:38:09,1.6,2.6,64,64
123,05/21/2020 12:48:09,1.6,2.8,63,64
124,05/21/2020 12:58:09,1.7,3.0,63,63
125,05/21/2020 13:08:09,1.7,3.2,62,62
126,05/21/2020 13:18:09,1.7,3.4,61,62
127,05/21/2020 13:28:09,1.6,3.5,61,61
128,05/21/2020 13:38:09,1.6,3.5,60,60
129,05/21/2020 13:48:09,1.6,3.5,59,60
130,05/21/2020 13:58:09,1.6,3.5,59,59
131,05/21/2020 14:08:09,1.6,3.5,58,58
132,05/21/2020 14:18:09,1.6,3.6,58,58
133,05/21/2020 14:28:09,1.6,3.6,57,57
134,05/21/2020 14:38:09,1.7,3.7,56,57
135,05/21/2020 14:48:09,1.7,3.9,56,56
136,05/21/2020 14:58:09,1.7,4.3,55,56
137,05/21/2020 15:08:09,1.7,4.7,55,55
138,05/21/2020 15:18:09,1.7,5.1,54,54
139,05/21/2020 15:28:09,1.7,5.5,54,54
140,05/21/2020 15:38:09,1.7,5.9,54,54
141,05/21/2020 15:48:09,1.7,6.0,54,54
142,05/21/2020 15:58:09,1.7,6.1,54,54
143,05/21/2020 16:08:09,1.7,6.3,52,53
144,05/21/2020 16:18:09,1.7,6.6,53,52
145,05/21/2020 16:28:09,1.7,7.0,54,53
146,05/21/2020 16:38:09,1.7,7.2,55,54
147,05/21/2020 16:48:09,1.7,7.4,56,56
148,05/21/2020 16:58:09,1.7,7.3,57,57
149,05/21/2020 17:08:09,1.7,7.2,59,58
150,05/21/2020 17:18:09,1.7,7.1,59,59
151,05/21/2020 17:28:09,1.7,6.9,60,60
152,05/21/2020 17:38:09,1.7,6.8,61,61
153,05/21/2020 17:48:09,1.7,6.7,62,62
154,05/21/2020 17:58:09,1.7,6.6,63,63
155,05/21/2020 18:08:09,1.7,6.5,64,63
156,05/21/2020 18:18:09,1.7,6.4,63,63
157,05/21/2020 18:28:09,1.7,6.4,64,64
158,05/21/2020 18:38:09,1.7,6.4,64,64
159,05/21/2020 18:48:09,1.7,6.3,64,64
160,05/21/2020 18:58:09,1.7,6.3,63,64
161,05/21/2020 19:08:09,1.7,6.2,63,63
162,05/21/2020 19:18:09,1.7,6.0,63,63
163,05/21/2020 19:28:09,1.7,5.9,63,63
164,05/21/2020 19:38:09,1.7,5.8,63,63
165,05/21/2020 19:48:09,1.7,5.7,63,63
166,05/21/2020 19:58:09,1.7,5.6,62,62
167,05/21/2020 20:08:09,1.7,5.5,59,60
168,05/21/2020 20:18:09,1.7,5.4,59,59
169,05/21/2020 20:28:09,1.7,5.3,58,58
170,05/21/2020 20:38:09,1.7,5.2,58,58
171,05/21/2020 20:48:09,1.7,5.1,55,56
172,05/21/2020 20:58:09,1.7,5.0,54,55
173,05/21/2020 21:08:09,1.7,4.9,54,54
174,05/21/2020 21:18:09,1.7,4.8,54,54
175,05/21/2020 21:28:09,1.7,4.7,53,53
176,05/21/2020 21:38:09,1.7,4.6,53,53
177,05/21/2020 21:48:09,1.7,4.6,52,53
178,05/21/2020 21:58:09,1.7,4.5,52,52
179,05/21/2020 22:08:09,1.7,4.4,52,52
180,05/21/2020 22:18:09,1.7,4.3,51,52
181,05/21/2020 22:28:09,1.7,4.2,51,51
182,05/21/2020 22:38:09,1.7,4.2,50,51
183,05/21/2020 22:48:09,1.7,4.1,49,50
184,05/21/2020 22:58:09,1.7,4.0,48,49
185,05/21/2020 23:08:09,1.7,3.9,48,48
186,05/21/2020 23:18:09,1.7,3.8,48,48
187,05/21/2020 23:28:09,1.6,3.7,48,48
188,05/21/2020 23:38:09,1.6,3.7,47,47
189,05/21/2020 23:48:09,1.6,3.6,47,47
190,05/21/2020 23:58:09,1.6,3.5,49,47
191,05/22/2020 00:08:09,1.6,3.4,49,49
192,05/22/2020 00:18:09,1.6,3.4,49,49
193,05/22/2020 00:28:09,1.6,3.3,48,49
194,05/22/2020 00:38:09,1.6,3.2,49,48
195,05/22/2020 00:48:09,1.6,3.2,48,48
196,05/22/2020 00:58:09,1.6,3.1,48,48
197,05/22/2020 01:08:09,1.6,3.1,48,48
198,05/22/2020 01:18:09,1.6,3.0,47,47
199,05/22/2020 01:28:09,1.6,2.9,47,47
200,05/22/2020 01:38:09,1.6,2.9,47,47
201,05/22/2020 01:48:09,1.6,2.8,47,47
202,05/22/2020 01:58:09,1.6,2.8,47,47
203,05/22/2020 02:08:09,1.6,2.7,46,47
204,05/22/2020 02:18:09,1.6,2.7,46,46
205,05/22/2020 02:28:09,1.6,2.6,46,46
206,05/22/2020 02:38:09,1.6,2.6,46,46
207,05/22/2020 02:48:09,1.6,2.6,45,45
208,05/22/2020 02:58:09,1.6,2.5,44,45
209,05/22/2020 03:08:09,1.6,2.5,44,44
210,05/22/2020 03:18:09,1.6,2.4,44,44
211,05/22/2020 03:28:09,1.6,2.4,43,44
212,05/22/2020 03:38:09,1.6,2.4,43,43
213,05/22/2020 03:48:09,1.6,2.3,43,43
214,05/22/2020 03:58:09,1.6,2.3,42,42
215,05/22/2020 04:08:09,1.6,2.3,42,42
216,05/22/2020 04:18:09,1.6,2.2,42,42
217,05/22/2020 04:28:09,1.6,2.2,41,42
218,05/22/2020 04:38:09,1.6,2.2,41,41
219,05/22/2020 04:48:09,1.6,2.1,40,41
220,05/22/2020 04:58:09,1.6,2.1,40,40
221,05/22/2020 05:08:09,1.6,2.1,40,40
222,05/22/2020 05:18:09,1.6,2.0,39,40
223,05/22/2020 05:28:09,1.6,2.0,39,39
224,05/22/2020 05:38:09,1.6,2.0,39,39
225,05/22/2020 05:48:09,1.7,2.0,38,38
226,05/22/2020 05:58:09,1.7,1.9,38,38
227,05/22/2020 06:08:09,1.7,1.9,38,38
228,05/22/2020 06:18:09,1.7,1.9,37,37
229,05/22/2020 06:28:09,1.7,1.9,37,37
230,05/22/2020 06:38:09,1.7,1.9,36,37
231,05/22/2020 06:48:09,1.7,1.9,36,36
232,05/22/2020 06:58:09,1.7,1.8,36,36
233,05/22/2020 07:08:09,1.7,1.8,36,36
234,05/22/2020 07:18:09,1.7,1.8,35,35
235,05/22/2020 07:28:09,1.7,1.8,35,35
236,05/22/2020 07:38:09,1.7,1.8,35,35
237,05/22/2020 07:48:09,1.7,1.8,34,34
238,05/22/2020 07:58:09,1.7,1.8,34,34
239,05/22/2020 08:08:09,1.7,1.8,33,33
240,05/22/2020 08:18:09,1.7,1.8,33,33
241,05/22/2020 08:28:09,1.7,1.9,32,32
242,05/22/2020 08:38:09,1.7,1.9,32,32
243,05/22/2020 08:48:09,1.7,1.9,32,32
244,05/22/2020 08:58:09,1.7,1.9,31,31
245,05/22/2020 09:08:09,1.7,1.9,31,31
246,05/22/2020 09:18:09,1.7,1.9,31,31
247,05/22/2020 09:28:09,1.7,1.9,31,31
248,05/22/2020 09:38:09,1.7,2.0,30,30
249,05/22/2020 09:48:09,1.7,2.0,30,30
250,05/22/2020 09:58:09,1.7,2.0,30,30
251,05/22/2020 10:08:09,1.7,2.0,29,29
252,05/22/2020 10:18:09,1.7,2.0,29,29
253,05/22/2020 10:28:09,1.8,2.1,28,28
254,05/22/2020 10:38:09,1.8,2.3,28,28
255,05/22/2020 10:48:09,1.8,2.5,27,28
256,05/22/2020 10:58:09,1.8,2.7,27,27
257,05/22/2020 11:08:09,1.8,2.7,27,27
258,05/22/2020 11:18:09,1.8,2.8,26,26
259,05/22/2020 11:28:09,1.8,2.8,26,26
260,05/22/2020 11:38:09,1.8,2.9,25,26
261,05/22/2020 11:48:09,1.8,2.9,25,25
262,05/22/2020 11:58:09,1.8,2.9,25,25
263,05/22/2020 12:08:09,1.8,2.9,24,25
264,05/22/2020 12:18:09,1.8,2.9,24,24
265,05/22/2020 12:28:09,1.8,3.0,24,24
266,05/22/2020 12:38:09,1.8,3.1,23,23
267,05/22/2020 12:48:09,1.8,3.4,22,23
268,05/22/2020 12:58:09,1.8,3.6,22,22
269,05/22/2020 13:08:09,1.8,3.9,22,22
270,05/22/2020 13:18:09,1.8,4.2,21,21
271,05/22/2020 13:28:09,1.8,4.3,21,21
272,05/22/2020 13:38:09,1.8,4.3,21,21
273,05/22/2020 13:48:09,1.8,4.3,20,20
274,05/22/2020 13:58:09,1.8,4.3,20,20
275,05/22/2020 14:08:09,1.8,4.3,19,19
276,05/22/2020 14:18:09,1.8,4.4,19,19
277,05/22/2020 14:28:09,1.8,4.4,18,18
278,05/22/2020 14:38:09,1.9,4.5,17,18
279,05/22/2020 14:48:09,1.9,4.8,17,17
280,05/22/2020 14:58:09,1.9,5.2,17,17
281,05/22/2020 15:08:09,1.9,5.7,17,17
282,05/22/2020 15:18:09,1.9,6.1,16,16
283,05/22/2020 15:28:09,1.9,6.5,17,17
284,05/22/2020 15:38:09,1.9,6.8,17,17
285,05/22/2020 15:48:09,1.9,6.9,17,17
286,05/22/2020 15:58:09,1.9,7.1,18,18
287,05/22/2020 16:08:09,1.9,7.3,19,18
288,05/22/2020 16:18:09,1.9,7.6,19,19
289,05/22/2020 16:28:09,1.9,8.0,20,20
290,05/22/2020 16:38:09,1.9,8.3,21,21
291,05/22/2020 16:48:09,1.9,8.5,24,23
292,05/22/2020 16:58:09,1.9,8.6,25,25
293,05/22/2020 17:08:09,1.9,8.5,28,27
294,05/22/2020 17:18:09,1.9,8.3,30,29
295,05/22/2020 17:28:09,1.9,8.1,32,31
296,05/22/2020 17:38:09,1.9,8.0,35,34
297,05/22/2020 17:48:09,1.9,8.0,37,36
298,05/22/2020 17:58:09,1.9,8.0,39,38
299,05/22/2020 18:08:09,1.9,8.0,41,40
300,05/22/2020 18:18:09,1.9,8.0,43,42
301,05/22/2020 18:28:09,1.9,7.9,45,44
302,05/22/2020 18:38:09,1.9,7.8,47,47
303,05/22/2020 18:48:09,1.9,7.6,48,47
304,05/22/2020 18:58:09,1.9,7.4,49,48
305,05/22/2020 19:08:09,1.9,7.3,50,49
306,05/22/2020 19:18:09,1.9,7.1,50,50
307,05/22/2020 19:28:09,1.9,6.9,50,50
308,05/22/2020 19:38:09,1.9,6.8,48,48
309,05/22/2020 19:48:09,1.9,6.6,47,48
310,05/22/2020 19:58:09,1.9,6.5,47,47
311,05/22/2020 20:08:09,1.9,6.3,45,46
312,05/22/2020 20:18:09,1.9,6.2,44,44
313,05/22/2020 20:28:09,1.9,6.1,44,44
314,05/22/2020 20:38:09,1.8,6.0,44,44
315,05/22/2020 20:48:09,1.8,5.9,43,43
316,05/22/2020 20:58:09,1.8,5.8,43,43
317,05/22/2020 21:08:09,1.8,5.7,41,42
318,05/22/2020 21:18:09,1.8,5.6,40,41
319,05/22/2020 21:28:09,1.8,5.5,39,40
320,05/22/2020 21:38:09,1.8,5.4,38,39
321,05/22/2020 21:48:09,1.8,5.3,37,38
322,05/22/2020 21:58:09,1.8,5.2,36,37
323,05/22/2020 22:08:09,1.8,5.1,35,35
324,05/22/2020 22:18:09,1.8,5.0,34,34
325,05/22/2020 22:28:09,1.8,5.0,32,33
326,05/22/2020 22:38:09,1.8,4.9,32,32
327,05/22/2020 22:48:09,1.8,4.8,31,31
328,05/22/2020 22:58:09,1.8,4.7,30,31
329,05/22/2020 23:08:09,1.8,4.7,30,30
330,05/22/2020 23:18:09,1.8,4.6,29,29
331,05/22/2020 23:28:09,1.8,4.6,28,28
332,05/22/2020 23:38:09,1.8,4.5,27,27
333,05/22/2020 23:48:09,1.8,4.4,26,26
334,05/22/2020 23:58:09,1.8,4.4,25,25
335,05/23/2020 00:08:09,1.8,4.3,24,24
336,05/23/2020 00:18:09,1.8,4.3,23,23
337,05/23/2020 00:28:09,1.8,4.2,22,23
338,05/23/2020 00:38:09,1.8,4.2,21,22
339,05/23/2020 00:48:09,1.8,4.1,21,21
340,05/23/2020 00:58:09,1.8,4.1,20,20
341,05/23/2020 01:08:09,1.8,4.0,19,19
342,05/23/2020 01:18:09,1.8,3.9,18,18
343,05/23/2020 01:28:09,1.8,3.8,17,18
344,05/23/2020 01:38:09,1.8,3.8,17,17
345,05/23/2020 01:48:09,1.8,3.7,16,16
346,05/23/2020 01:58:09,1.8,3.6,15,16
347,05/23/2020 02:08:09,1.8,3.6,15,15
348,05/23/2020 02:18:09,1.8,3.5,14,14
349,05/23/2020 02:28:09,1.8,3.4,14,14
350,05/23/2020 02:38:09,1.8,3.4,13,13
351,05/23/2020 02:48:09,1.8,3.3,12,13
352,05/23/2020 02:58:09,1.8,3.3,12,12
353,05/23/2020 03:08:09,1.8,3.2,11,12
354,05/23/2020 03:18:09,1.8,3.2,11,11
355,05/23/2020 03:28:09,1.8,3.1,10,10
356,05/23/2020 03:38:09,1.8,3.1,10,10
357,05/23/2020 03:48:09,1.8,3.0,9,9
358,05/23/2020 03:58:09,1.8,3.0,9,9
359,05/23/2020 04:08:09,1.8,2.9,9,9
360,05/23/2020 04:18:09,1.8,2.9,8,8
361,05/23/2020 04:28:09,1.8,2.8,7,8
362,05/23/2020 04:38:09,1.8,2.8,7,7
363,05/23/2020 04:48:09,1.8,2.7,6,7
364,05/23/2020 04:58:09,1.8,2.7,5,6
365,05/23/2020 05:08:09,1.8,2.7,5,5
366,05/23/2020 05:18:09,1.8,2.6,5,5
367,05/23/2020 05:28:09,1.8,2.6,4,5
368,05/23/2020 05:38:09,1.8,2.5,4,4
369,05/23/2020 05:48:09,1.9,2.5,3,4
370,05/23/2020 05:58:09,1.9,2.5,3,3
371,05/23/2020 06:08:09,1.9,2.5,2,3
372,05/23/2020 06:18:09,1.9,2.4,2,2
373,05/23/2020 06:28:09,1.9,2.4,1,2
374,05/23/2020 06:38:09,1.9,2.4,1,1
375,05/23/2020 06:48:09,1.9,2.4,0,0
376,05/23/2020 06:58:09,1.9,2.3,0,0
377,05/23/2020 07:08:09,1.9,2.3,0,0
378,05/23/2020 07:18:09,1.9,2.3,0,0
379,05/23/2020 07:28:09,1.9,2.3,0,0
380,05/23/2020 07:38:09,1.9,2.4,-1,-1
381,05/23/2020 07:48:09,1.9,2.4,-1,-1
382,05/23/2020 07:58:09,1.9,2.4,-1,-1
383,05/23/2020 08:08:09,1.9,2.4,-1,-1
384,05/23/2020 08:18:09,1.9,2.4,-1,-1
385,05/23/2020 08:28:09,1.9,2.4,-2,-1
386,05/23/2020 08:38:09,1.9,2.4,-2,-2
387,05/23/2020 08:48:09,1.9,2.5,-2,-2
388,05/23/2020 08:58:09,1.9,2.5,-2,-2
389,05/23/2020 09:08:09,1.9,2.5,-2,-2
390,05/23/2020 09:18:09,1.9,2.5,-2,-2
391,05/23/2020 09:28:09,1.9,2.5,-2,-2
392,05/23/2020 09:38:09,1.9,2.6,-2,-2
393,05/23/2020 09:48:09,1.9,2.6,-2,-2
394,05/23/2020 09:58:09,1.9,2.6,-2,-2
395,05/23/2020 10:08:09,1.9,2.6,-2,-2
396,05/23/2020 10:18:09,1.9,2.7,-2,-2
397,05/23/2020 10:28:09,1.9,2.7,-2,-2
398,05/23/2020 10:38:09,1.9,2.8,-2,-2
399,05/23/2020 10:48:09,1.9,2.9,-2,-2
400,05/23/2020 10:58:09,1.9,3.0,-2,-2
401,05/23/2020 11:08:09,1.9,3.2,-2,-2
402,05/23/2020 11:18:09,1.9,3.3,-2,-2
403,05/23/2020 11:28:09,1.9,3.3,-2,-2
404,05/23/2020 11:38:09,2.0,3.4,-2,-2
405,05/23/2020 11:48:09,1.9,3.5,-2,-2
406,05/23/2020 11:58:09,1.9,3.6,-2,-2
407,05/23/2020 12:08:09,1.9,3.6,-2,-2
408,05/23/2020 12:18:09,1.9,3.7,-2,-2
409,05/23/2020 12:28:09,2.0,3.8,-3,-2
410,05/23/2020 12:38:09,2.0,3.9,-2,-2
411,05/23/2020 12:48:09,2.0,3.9,-3,-2
412,05/23/2020 12:58:09,2.0,4.0,-3,-3
413,05/23/2020 13:08:09,2.0,4.1,0,0
414,05/23/2020 13:18:09,2.0,4.3,0,0
415,05/23/2020 13:28:09,2.0,4.4,0,0
416,05/23/2020 13:38:09,2.0,4.5,0,0
417,05/23/2020 13:48:09,2.0,4.6,0,0
418,05/23/2020 13:58:09,2.0,4.6,0,0
419,05/23/2020 14:08:09,2.0,4.7,0,0
420,05/23/2020 14:18:09,2.0,4.8,0,0
421,05/23/2020 14:28:09,2.0,4.8,0,0
422,05/23/2020 14:38:09,2.0,4.9,0,0
423,05/23/2020 14:48:09,2.0,5.0,0,0
424,05/23/2020 14:58:09,2.0,5.3,1,1
425,05/23/2020 15:08:09,2.0,5.7,1,1
426,05/23/2020 15:18:09,2.0,5.9,2,1
427,05/23/2020 15:28:09,2.0,5.9,2,2
428,05/23/2020 15:38:09,2.0,5.8,1,1
429,05/23/2020 15:48:09,2.0,5.8,1,1
430,05/23/2020 15:58:09,2.0,5.7,0,0
431,05/23/2020 16:08:09,2.0,5.7,-1,0
432,05/23/2020 16:18:09,2.0,5.7,-1,-1
433,05/23/2020 16:28:09,2.1,5.8,1,0
434,05/23/2020 16:38:09,2.1,6.1,1,1
435,05/23/2020 16:48:09,2.1,6.4,2,2
436,05/23/2020 16:58:09,2.1,6.6,2,2
437,05/23/2020 17:08:09,2.0,6.6,2,2
438,05/23/2020 17:18:09,2.0,6.5,2,2
439,05/23/2020 17:28:09,2.0,6.5,2,2
440,05/23/2020 17:38:09,2.0,6.5,2,2
441,05/23/2020 17:48:09,2.0,6.4,2,2
442,05/23/2020 17:58:09,2.0,6.3,2,2
443,05/23/2020 18:08:09,2.0,6.4,2,2
444,05/23/2020 18:18:09,2.0,6.5,2,2
445,05/23/2020 18:28:09,2.0,6.6,2,2
446,05/23/2020 18:38:09,2.0,6.6,2,2
447,05/23/2020 18:48:09,2.0,6.6,2,2
448,05/23/2020 18:58:09,2.0,6.5,1,2
449,05/23/2020 19:08:09,2.0,6.4,1,1
450,05/23/2020 19:18:09,2.0,6.3,0,1
451,05/23/2020 19:28:09,2.0,6.2,0,0
452,05/23/2020 19:38:09,2.0,6.0,-1,-1
453,05/23/2020 19:48:09,2.0,5.9,-3,-2
454,05/23/2020 19:58:09,2.0,5.9,-4,-4
455,05/23/2020 20:08:09,2.0,5.8,-4,-4
456,05/23/2020 20:18:09,2.0,5.7,-4,-4
457,05/23/2020 20:28:09,2.0,5.6,-4,-4
458,05/23/2020 20:38:09,2.0,5.4,-4,-4
459,05/23/2020 20:48:09,2.0,5.3,-4,-4
460,05/23/2020 20:58:09,2.0,5.2,-4,-4
461,05/23/2020 21:08:09,2.0,5.1,-3,-4
462,05/23/2020 21:18:09,2.0,5.0,-4,-4
463,05/23/2020 21:28:09,2.0,4.9,-4,-4
464,05/23/2020 21:38:09,2.0,4.8,-4,-4
465,05/23/2020 21:48:09,2.0,4.7,-4,-4
466,05/23/2020 21:58:09,2.0,4.7,-4,-4
467,05/23/2020 22:08:09,2.0,4.6,-4,-4
468,05/23/2020 22:18:09,2.0,4.5,-4,-4
469,05/23/2020 22:28:09,2.0,4.4,-4,-4
470,05/23/2020 22:38:09,2.0,4.3,-4,-4
471,05/23/2020 22:48:09,2.0,4.2,-3,-3
472,05/23/2020 22:58:09,2.0,4.2,-3,-4
473,05/23/2020 23:08:09,2.0,4.1,-3,-3
474,05/23/2020 23:18:09,2.0,4.1,-4,-3
475,05/23/2020 23:28:09,2.0,4.0,-3,-3
476,05/23/2020 23:38:09,2.0,4.0,-3,-3
477,05/23/2020 23:48:09,2.0,3.9,-4,-3
478,05/23/2020 23:58:09,2.0,3.9,-3,-3
479,05/24/2020 00:08:09,2.0,3.9,-3,-3
480,05/24/2020 00:18:09,2.0,3.8,-3,-3
481,05/24/2020 00:28:09,2.0,3.8,-3,-3
482,05/24/2020 00:38:09,2.0,3.7,-3,-3
483,05/24/2020 00:48:09,2.0,3.6,-3,-3
484,05/24/2020 00:58:09,2.0,3.6,-3,-3
485,05/24/2020 01:08:09,2.0,3.5,-3,-3
486,05/24/2020 01:18:09,2.0,3.4,-2,-3
487,05/24/2020 01:28:09,2.0,3.3,-3,-3
488,05/24/2020 01:38:09,2.0,3.3,-3,-3
489,05/24/2020 01:48:09,2.0,3.2,-3,-3
490,05/24/2020 01:58:09,2.0,3.2,-3,-3
491,05/24/2020 02:08:09,2.0,3.1,-3,-3
492,05/24/2020 02:18:09,2.0,3.0,-3,-3
493,05/24/2020 02:28:09,2.0,3.0,-2,-3
494,05/24/2020 02:38:09,2.0,2.9,-2,-3
495,05/24/2020 02:48:09,2.0,2.9,-3,-3
496,05/24/2020 02:58:09,2.0,2.8,-2,-3
497,05/24/2020 03:08:09,2.0,2.8,-3,-3
498,05/24/2020 03:18:09,2.0,2.7,-3,-3
499,05/24/2020 03:28:09,2.0,2.7,-3,-3
500,05/24/2020 03:38:09,2.0,2.7,-3,-3
501,05/24/2020 03:48:09,2.0,2.6,-2,-2
502,05/24/2020 03:58:09,2.0,2.6,-2,-2
503,05/24/2020 04:08:09,2.0,2.6,-2,-2
504,05/24/2020 04:18:09,2.0,2.5,-2,-2
505,05/24/2020 04:28:09,2.0,2.5,-2,-2
506,05/24/2020 04:38:09,2.0,2.5,-2,-2
507,05/24/2020 04:48:09,2.0,2.5,-2,-2
508,05/24/2020 04:58:09,2.1,2.4,-2,-2
509,05/24/2020 05:08:09,2.0,2.4,-2,-2
510,05/24/2020 05:18:09,2.0,2.4,-2,-2
511,05/24/2020 05:28:09,2.0,2.3,-2,-2
512,05/24/2020 05:38:09,2.0,2.3,-1,-2
513,05/24/2020 05:48:09,2.1,2.3,-1,-2
514,05/24/2020 05:58:09,2.1,2.3,-2,-2
515,05/24/2020 06:08:09,2.1,2.3,-1,-2
516,05/24/2020 06:18:09,2.1,2.3,-2,-2
517,05/24/2020 06:28:09,2.1,2.2,-2,-2
518,05/24/2020 06:38:09,2.1,2.2,-1,-1
519,05/24/2020 06:48:09,2.1,2.2,-1,-1
520,05/24/2020 06:58:09,2.1,2.2,-1,-1
521,05/24/2020 07:08:09,2.1,2.2,-1,-1
522,05/24/2020 07:18:09,2.1,2.2,-1,-1
523,05/24/2020 07:28:09,2.1,2.2,-1,-1
524,05/24/2020 07:38:09,2.1,2.3,-1,-1
525,05/24/2020 07:48:09,2.1,2.3,-1,-1
526,05/24/2020 07:58:09,2.1,2.3,-1,-1
527,05/24/2020 08:08:09,2.1,2.3,-1,-1
528,05/24/2020 08:18:09,2.1,2.4,-1,-1
529,05/24/2020 08:28:09,2.1,2.4,-1,-1
530,05/24/2020 08:38:09,2.1,2.4,-1,-1
531,05/24/2020 08:48:09,2.1,2.4,-1,-1
532,05/24/2020 08:58:09,2.1,2.3,-1,-1
533,05/24/2020 09:08:09,2.1,2.3,-1,-1
534,05/24/2020 09:18:09,2.1,2.3,-1,-1
535,05/24/2020 09:28:09,2.1,2.3,-1,-1
536,05/24/2020 09:38:09,2.1,2.3,-1,-1
537,05/24/2020 09:48:09,2.1,2.3,-1,-1
538,05/24/2020 09:58:09,2.1,2.3,-1,-1
539,05/24/2020 10:08:09,2.1,2.3,0,-1
540,05/24/2020 10:18:09,2.1,2.4,-1,-1
541,05/24/2020 10:28:09,2.1,2.4,0,-1
542,05/24/2020 10:38:09,2.1,2.4,-1,-1
543,05/24/2020 10:48:09,2.1,2.4,-1,-1
544,05/24/2020 10:58:09,2.1,2.4,-1,-1
545,05/24/2020 11:08:09,2.1,2.4,-1,-1
546,05/24/2020 11:18:09,2.1,2.4,-1,-1
547,05/24/2020 11:28:09,2.1,2.3,-1,-1
548,05/24/2020 11:38:09,2.1,2.3,0,-1
549,05/24/2020 11:48:09,2.1,2.3,0,-1
550,05/24/2020 11:58:09,2.1,2.3,0,-1
551,05/24/2020 12:08:09,2.1,2.3,0,0
552,05/24/2020 12:18:09,2.1,2.2,0,0
553,05/24/2020 12:28:09,2.1,2.2,-1,0
554,05/24/2020 12:38:09,2.1,2.2,0,-1
555,05/24/2020 12:48:09,2.1,2.1,0,0
556,05/24/2020 12:58:09,2.1,2.1,0,0
557,05/24/2020 13:08:09,2.1,2.1,0,0
558,05/24/2020 13:18:09,2.1,2.1,0,0
559,05/24/2020 13:28:09,2.1,2.1,0,0
560,05/24/2020 13:38:09,2.1,2.1,0,0
561,05/24/2020 13:48:09,2.1,2.1,0,0
562,05/24/2020 13:58:09,2.1,2.0,0,0
563,05/24/2020 14:08:09,2.1,2.0,0,0
564,05/24/2020 14:18:09,2.1,2.0,0,0
565,05/24/2020 14:28:09,2.1,2.0,0,0
566,05/24/2020 14:38:09,2.1,2.0,0,0
567,05/24/2020 14:48:09,2.1,2.0,0,0
568,05/24/2020 14:58:09,2.1,2.0,0,0
569,05/24/2020 15:08:09,2.1,1.9,0,0
570,05/24/2020 15:18:09,2.1,1.9,0,0
571,05/24/2020 15:28:09,2.1,1.9,0,0
572,05/24/2020 15:38:09,2.1,1.9,0,0
573,05/24/2020 15:48:09,2.1,1.9,0,0
574,05/24/2020 15:58:09,2.1,1.9,0,0
575,05/24/2020 16:08:09,2.1,1.9,0,0
576,05/24/2020 16:18:09,2.1,1.9,0,0
577,05/24/2020 16:28:09,2.1,1.9,0,0
578,05/24/2020 16:38:09,2.1,1.8,0,0
579,05/24/2020 16:48:09,2.1,1.8,0,0
580,05/24/2020 16:58:09,2.1,1.8,0,0
581,05/24/2020 17:08:09,2.1,1.8,0,0
582,05/24/2020 17:18:09,2.1,1.8,0,0
583,05/24/2020 17:28:09,2.1,1.8,1,0
584,05/24/2020 17:38:09,2.1,1.8,1,0
585,05/24/2020 17:48:09,2.1,1.8,1,1
586,05/24/2020 17:58:09,2.1,1.7,1,1
587,05/24/2020 18:08:09,2.1,1.7,1,0
588,05/24/2020 18:18:09,2.1,1.7,1,1
589,05/24/2020 18:28:09,2.1,1.7,1,1
590,05/24/2020 18:38:09,2.1,1.7,1,1
591,05/24/2020 18:48:09,2.1,1.7,1,1
592,05/24/2020 18:58:09,2.1,1.7,1,1
593,05/24/2020 19:08:09,2.1,1.7,1,1
594,05/24/2020 19:18:09,2.1,1.7,1,1
595,05/24/2020 19:28:09,2.1,1.7,1,1
596,05/24/2020 19:38:09,2.1,1.6,1,1
597,05/24/2020 19:48:09,2.1,1.6,1,1
598,05/24/2020 19:58:09,2.1,1.6,1,1
599,05/24/2020 20:08:09,2.1,1.6,1,1
600,05/24/2020 20:18:09,2.1,1.6,1,1
601,05/24/2020 20:28:09,2.1,1.6,1,1
602,05/24/2020 20:38:09,2.1,1.6,1,1
603,05/24/2020 20:48:09,2.1,1.6,1,1
604,05/24/2020 20:58:09,2.1,1.6,1,1
605,05/24/2020 21:08:09,2.1,1.6,1,1
606,05/24/2020 21:18:09,2.1,1.6,1,1
607,05/24/2020 21:28:09,2.1,1.5,1,1
608,05/24/2020 21:38:09,2.1,1.5,1,1
609,05/24/2020 21:48:09,2.1,1.5,1,1
610,05/24/2020 21:58:09,2.1,1.5,1,1
611,05/24/2020 22:08:09,2.1,1.5,1,1
612,05/24/2020 22:18:09,2.1,1.5,1,1
613,05/24/2020 22:28:09,2.1,1.5,1,1
614,05/24/2020 22:38:09,2.1,1.5,1,1
615,05/24/2020 22:48:09,2.1,1.5,1,1
616,05/24/2020 22:58:09,2.1,1.5,1,1
617,05/24/2020 23:08:09,2.1,1.5,1,1
618,05/24/2020 23:18:09,2.1,1.5,1,1
619,05/24/2020 23:28:09,2.1,1.5,1,1
620,05/24/2020 23:38:09,2.1,1.4,1,1
621,05/24/2020 23:48:09,2.1,1.4,1,1
622,05/24/2020 23:58:09,2.1,1.4,1,1
623,05/25/2020 00:08:09,2.1,1.4,1,1
624,05/25/2020 00:18:09,2.1,1.4,1,1
625,05/25/2020 00:28:09,2.1,1.4,1,1
626,05/25/2020 00:38:09,2.1,1.4,1,1
627,05/25/2020 00:48:09,2.1,1.4,1,1
628,05/25/2020 00:58:09,2.1,1.4,2,1
629,05/25/2020 01:08:09,2.1,1.4,2,2
630,05/25/2020 01:18:09,2.1,1.3,1,1
631,05/25/2020 01:28:09,2.1,1.3,1,1
632,05/25/2020 01:38:09,2.1,1.3,1,1
633,05/25/2020 01:48:09,2.1,1.3,1,1
634,05/25/2020 01:58:09,2.1,1.3,1,1
635,05/25/2020 02:08:09,2.1,1.3,1,1
636,05/25/2020 02:18:09,2.1,1.3,1,1
637,05/25/2020 02:28:09,2.1,1.3,1,1
638,05/25/2020 02:38:09,2.1,1.3,1,2
639,05/25/2020 02:48:09,2.1,1.3,1,2
640,05/25/2020 02:58:09,2.1,1.3,2,2
641,05/25/2020 03:08:09,2.1,1.3,1,2
642,05/25/2020 03:18:09,2.1,1.3,1,1
643,05/25/2020 03:28:09,2.1,1.3,1,2
644,05/25/2020 03:38:09,2.1,1.3,1,2
645,05/25/2020 03:48:09,2.1,1.3,2,2
646,05/25/2020 03:58:09,2.1,1.2,1,2
647,05/25/2020 04:08:09,2.0,1.2,1,2
648,05/25/2020 04:18:09,2.0,1.2,1,2
649,05/25/2020 04:28:09,2.0,1.2,1,1
650,05/25/2020 04:38:09,2.0,1.2,2,2
651,05/25/2020 04:48:09,2.0,1.2,1,2
652,05/25/2020 04:58:09,2.0,1.2,1,1
653,05/25/2020 05:08:09,2.0,1.2,1,1
654,05/25/2020 05:18:09,2.0,1.1,1,1
655,05/25/2020 05:28:09,2.0,1.1,1,1
656,05/25/2020 05:38:09,2.0,1.1,1,1
657,05/25/2020 05:48:09,2.0,1.1,2,2
658,05/25/2020 05:58:09,2.0,1.1,2,2
659,05/25/2020 06:08:09,2.0,1.1,2,2
660,05/25/2020 06:18:09,2.0,1.1,2,2
661,05/25/2020 06:28:09,2.0,1.1,2,2
662,05/25/2020 06:38:09,2.0,1.1,2,2
663,05/25/2020 06:48:09,2.0,1.1,2,2
664,05/25/2020 06:58:09,2.0,1.1,2,2
665,05/25/2020 07:08:09,2.0,1.1,2,2
666,05/25/2020 07:18:09,2.0,1.1,2,2
667,05/25/2020 07:28:09,2.0,1.1,2,2
668,05/25/2020 07:38:09,2.0,1.1,2,2
669,05/25/2020 07:48:09,2.0,1.1,2,2
670,05/25/2020 07:58:09,2.0,1.1,2,2
671,05/25/2020 08:08:09,2.0,1.1,2,2
672,05/25/2020 08:18:09,2.0,1.1,2,2
673,05/25/2020 08:28:09,2.0,1.1,2,2
674,05/25/2020 08:38:09,2.0,1.2,2,2
675,05/25/2020 08:48:09,2.0,1.2,2,2
676,05/25/2020 08:58:09,2.0,1.2,2,2
677,05/25/2020 09:08:09,2.0,1.2,2,2
678,05/25/2020 09:18:09,2.0,1.2,2,2
679,05/25/2020 09:28:09,2.0,1.2,2,2
680,05/25/2020 09:38:09,2.0,1.2,2,2
681,05/25/2020 09:48:09,2.0,1.2,2,2
682,05/25/2020 09:58:09,2.0,1.3,2,2
683,05/25/2020 10:08:09,2.0,1.3,2,2
684,05/25/2020 10:18:09,2.0,1.3,2,2
685,05/25/2020 10:28:09,2.0,1.3,2,2
686,05/25/2020 10:38:09,2.0,1.4,2,2
687,05/25/2020 10:48:09,2.0,1.5,2,2
688,05/25/2020 10:58:09,2.0,1.5,2,2
689,05/25/2020 11:08:09,2.0,1.6,2,2
690,05/25/2020 11:18:09,2.0,1.6,2,2
691,05/25/2020 11:28:09,2.0,1.6,2,2
692,05/25/2020 11:38:09,2.0,1.6,1,2
693,05/25/2020 11:48:09,2.0,1.6,2,2
694,05/25/2020 11:58:09,2.0,1.6,1,2
695,05/25/2020 12:08:09,2.0,1.6,2,2
696,05/25/2020 12:18:09,2.0,1.6,2,2
697,05/25/2020 12:28:09,2.0,1.6,2,2
698,05/25/2020 12:38:09,2.0,1.6,2,2
699,05/25/2020 12:48:09,2.0,1.6,2,2
700,05/25/2020 12:58:09,1.9,1.6,2,2
701,05/25/2020 13:08:09,1.9,1.7,3,2
702,05/25/2020 13:18:09,1.9,1.7,3,3
703,05/25/2020 13:28:09,1.9,1.8,3,3
704,05/25/2020 13:38:09,1.9,1.7,3,3
705,05/25/2020 13:48:09,1.9,1.7,3,3
706,05/25/2020 13:58:09,1.9,1.7,3,3
707,05/25/2020 14:08:09,1.9,1.7,3,3
708,05/25/2020 14:18:09,1.9,1.8,3,3
709,05/25/2020 14:28:09,1.9,1.7,3,3
710,05/25/2020 14:38:09,1.9,1.7,3,3
711,05/25/2020 14:48:09,1.9,1.8,3,3
712,05/25/2020 14:58:09,1.9,2.1,3,3
713,05/25/2020 15:08:09,1.9,2.3,3,3
714,05/25/2020 15:18:09,1.9,2.6,3,3
715,05/25/2020 15:28:09,1.9,2.7,3,3
716,05/25/2020 15:38:09,1.9,2.8,2,2
717,05/25/2020 15:48:09,1.9,2.8,2,2
718,05/25/2020 15:58:09,1.9,2.7,2,2
719,05/25/2020 16:08:09,1.9,2.8,2,2
720,05/25/2020 16:18:09,1.9,2.8,2,2
721,05/25/2020 16:28:09,1.9,2.7,1,2
722,05/25/2020 16:38:09,1.9,2.6,1,1
723,05/25/2020 16:48:09,1.9,2.7,2,2
724,05/25/2020 16:58:09,1.9,2.8,2,2
725,05/25/2020 17:08:09,1.9,2.8,0,1
726,05/25/2020 17:18:09,1.9,2.7,-1,0
727,05/25/2020 17:28:09,1.9,2.6,-1,-1
728,05/25/2020 17:38:09,1.9,2.6,-1,-1
729,05/25/2020 17:48:09,1.9,2.6,-1,-1
730,05/25/2020 17:58:09,1.9,2.6,-2,-2
731,05/25/2020 18:08:09,1.9,2.5,-1,-2
732,05/25/2020 18:18:09,1.9,2.3,-1,-1
733,05/25/2020 18:28:09,1.9,2.2,-1,-1
734,05/25/2020 18:38:09,1.9,2.1,-1,-1
735,05/25/2020 18:48:09,1.9,2.1,-1,-1
736,05/25/2020 18:58:09,1.9,2.0,-1,-1
737,05/25/2020 19:08:09,1.9,1.9,-1,-1
738,05/25/2020 19:18:09,1.9,1.9,-1,-1
739,05/25/2020 19:28:09,1.9,1.9,-1,-1
740,05/25/2020 19:38:09,1.9,1.8,0,0
741,05/25/2020 19:48:09,1.9,1.8,1,1
742,05/25/2020 19:58:09,1.9,1.7,2,1
743,05/25/2020 20:08:09,1.9,1.7,2,2
744,05/25/2020 20:18:09,1.9,1.6,2,2
745,05/25/2020 20:28:09,1.9,1.6,4,3
746,05/25/2020 20:38:09,1.9,1.5,5,4
747,05/25/2020 20:48:09,1.9,1.5,6,5
748,05/25/2020 20:58:09,1.9,1.4,6,6
749,05/25/2020 21:08:09,1.9,1.4,7,6
750,05/25/2020 21:18:09,1.9,1.3,7,7
751,05/25/2020 21:28:09,1.9,1.3,7,7
752,05/25/2020 21:38:09,1.9,1.2,7,7
753,05/25/2020 21:48:09,1.9,1.2,7,7
754,05/25/2020 21:58:09,1.9,1.1,8,8
755,05/25/2020 22:08:09,1.9,1.1,8,8
756,05/25/2020 22:18:09,1.8,1.1,8,8
757,05/25/2020 22:28:09,1.8,1.1,8,8
758,05/25/2020 22:38:09,1.8,1.0,8,8
759,05/25/2020 22:48:09,1.8,1.0,8,8
760,05/25/2020 22:58:09,1.8,1.0,8,8
761,05/25/2020 23:08:09,1.8,1.0,8,8
762,05/25/2020 23:18:09,1.8,1.0,8,8
763,05/25/2020 23:28:09,1.8,1.0,8,8
764,05/25/2020 23:38:09,1.8,1.0,8,8
765,05/25/2020 23:48:09,1.8,0.9,8,8
766,05/25/2020 23:58:09,1.8,0.9,8,8
767,05/26/2020 00:08:09,1.8,0.9,8,8
768,05/26/2020 00:18:09,1.8,0.9,7,7
769,05/26/2020 00:28:09,1.8,0.9,7,7
770,05/26/2020 00:38:09,1.8,0.9,7,7
771,05/26/2020 00:48:09,1.8,0.9,6,7
772,05/26/2020 00:58:09,1.8,0.9,6,6
773,05/26/2020 01:08:09,1.8,0.9,6,6
774,05/26/2020 01:18:09,1.8,0.9,5,6
775,05/26/2020 01:28:09,1.8,0.9,5,5
776,05/26/2020 01:38:09,1.8,0.9,5,5
777,05/26/2020 01:48:09,1.8,0.8,5,5
778,05/26/2020 01:58:09,1.8,0.8,5,5
779,05/26/2020 02:08:09,1.8,0.8,5,5
780,05/26/2020 02:18:09,1.8,0.8,4,4
781,05/26/2020 02:28:09,1.8,0.8,4,3
782,05/26/2020 02:38:09,1.8,0.8,4,3
783,05/26/2020 02:48:09,1.8,0.8,4,4
784,05/26/2020 02:58:09,1.8,0.8,3,3
785,05/26/2020 03:08:09,1.8,0.8,2,3
786,05/26/2020 03:18:09,1.8,0.8,3,2
787,05/26/2020 03:28:09,1.8,0.8,3,3
788,05/26/2020 03:38:09,1.8,0.7,3,3
789,05/26/2020 03:48:09,1.8,0.7,3,3
790,05/26/2020 03:58:09,1.8,0.7,3,3
791,05/26/2020 04:08:09,1.8,0.7,3,3
792,05/26/2020 04:18:09,1.8,0.7,4,3
793,05/26/2020 04:28:09,1.8,0.7,3,3
794,05/26/2020 04:38:09,1.8,0.7,3,3
795,05/26/2020 04:48:09,1.8,0.7,4,3
796,05/26/2020 04:58:09,1.8,0.7,3,3
797,05/26/2020 05:08:09,1.8,0.7,3,3
798,05/26/2020 05:18:09,1.8,0.7,4,3
799,05/26/2020 05:28:09,1.8,0.7,4,4
800,05/26/2020 05:38:09,1.8,0.7,3,3
801,05/26/2020 05:48:09,1.8,0.6,3,3
802,05/26/2020 05:58:09,1.8,0.6,3,3
803,05/26/2020 06:08:09,1.8,0.6,3,3
804,05/26/2020 06:18:09,1.8,0.6,3,3
805,05/26/2020 06:28:09,1.8,0.6,3,3
806,05/26/2020 06:38:09,1.8,0.6,3,3
807,05/26/2020 06:48:09,1.8,0.6,2,2
808,05/26/2020 06:58:09,1.8,0.6,2,2
809,05/26/2020 07:08:09,1.8,0.6,2,2
810,05/26/2020 07:18:09,1.8,0.6,2,2
811,05/26/2020 07:28:09,1.8,0.6,2,2
812,05/26/2020 07:38:09,1.8,0.6,2,2
813,05/26/2020 07:48:09,1.8,0.6,2,2
814,05/26/2020 07:58:09,1.8,0.7,2,2
815,05/26/2020 08:08:09,1.8,0.7,2,2
816,05/26/2020 08:18:09,1.8,0.7,2,2
817,05/26/2020 08:28:09,1.8,0.7,2,2
818,05/26/2020 08:38:09,1.7,0.7,2,2
819,05/26/2020 08:48:09,1.8,0.8,2,2
820,05/26/2020 08:58:09,1.8,0.8,2,2
821,05/26/2020 09:08:09,1.7,0.8,2,2
822,05/26/2020 09:18:09,1.7,0.8,2,2
823,05/26/2020 09:28:09,1.7,0.8,2,2
824,05/26/2020 09:38:09,1.7,0.9,2,2
825,05/26/2020 09:48:09,1.7,0.9,2,2
826,05/26/2020 09:58:09,1.8,0.9,3,2
827,05/26/2020 10:08:09,1.7,1.0,2,2
828,05/26/2020 10:18:09,1.7,1.0,2,2
829,05/26/2020 10:28:09,1.7,1.0,2,2
830,05/26/2020 10:38:09,1.7,1.2,2,2
831,05/26/2020 10:48:09,1.7,1.4,2,2
832,05/26/2020 10:58:09,1.7,1.5,2,2
833,05/26/2020 11:08:09,1.7,1.5,2,2
834,05/26/2020 11:18:09,1.7,1.5,2,2
835,05/26/2020 11:28:09,1.7,1.5,1,2
836,05/26/2020 11:38:09,1.7,1.5,2,2
837,05/26/2020 11:48:09,1.7,1.5,2,2
838,05/26/2020 11:58:09,1.7,1.4,2,2
839,05/26/2020 12:08:09,1.7,1.4,2,2
840,05/26/2020 12:18:09,1.7,1.4,2,2
841,05/26/2020 12:28:09,1.7,1.5,2,2
842,05/26/2020 12:38:09,1.8,1.6,2,2
843,05/26/2020 12:48:09,1.8,1.8,2,2
844,05/26/2020 12:58:09,1.8,2.0,2,2
845,05/26/2020 13:08:09,1.8,2.2,2,2
846,05/26/2020 13:18:09,1.8,2.4,2,2
847,05/26/2020 13:28:09,1.7,2.5,2,2
848,05/26/2020 13:38:09,1.7,2.5,2,1
849,05/26/2020 13:48:09,1.7,2.5,2,2
850,05/26/2020 13:58:09,1.7,2.6,2,2
851,05/26/2020 14:08:09,1.7,2.7,1,1
852,05/26/2020 14:18:09,1.7,2.8,1,1
853,05/26/2020 14:28:09,1.7,2.8,1,2
854,05/26/2020 14:38:09,1.7,2.9,1,1
855,05/26/2020 14:48:09,1.7,3.1,1,1
856,05/26/2020 14:58:09,1.7,3.5,1,1
857,05/26/2020 15:08:09,1.7,3.9,1,1
858,05/26/2020 15:18:09,1.7,4.3,2,1
859,05/26/2020 15:28:09,1.7,4.7,2,2
860,05/26/2020 15:38:09,1.7,5.0,2,2
861,05/26/2020 15:48:09,1.7,5.3,1,2
862,05/26/2020 15:58:09,1.7,5.5,2,2
863,05/26/2020 16:08:09,1.7,5.8,2,2
864,05/26/2020 16:18:09,1.7,6.1,3,2
865,05/26/2020 16:28:09,1.7,6.4,3,3
866,05/26/2020 16:38:09,1.7,6.5,6,6
867,05/26/2020 16:48:09,1.7,6.7,6,6
868,05/26/2020 16:58:09,1.7,6.9,6,6
869,05/26/2020 17:08:09,1.7,6.9,5,5
870,05/26/2020 17:18:09,1.7,6.7,6,6
871,05/26/2020 17:28:09,1.7,6.6,6,5
872,05/26/2020 17:38:09,1.7,6.7,6,6
873,05/26/2020 17:48:09,1.7,6.9,6,6
874,05/26/2020 17:58:09,1.7,6.9,5,6
875,05/26/2020 18:08:09,1.7,6.8,4,5
876,05/26/2020 18:18:09,1.7,6.7,4,4
877,05/26/2020 18:28:09,1.7,6.6,4,4
878,05/26/2020 18:38:09,1.7,6.6,3,3
879,05/26/2020 18:48:09,1.7,6.5,3,3
880,05/26/2020 18:58:09,1.7,6.4,2,2
881,05/26/2020 19:08:09,1.7,6.3,1,2
882,05/26/2020 19:18:09,1.7,6.2,0,0
883,05/26/2020 19:28:09,1.7,6.1,0,0
884,05/26/2020 19:38:09,1.7,6.0,0,0
885,05/26/2020 19:48:09,1.7,5.9,-1,-1
886,05/26/2020 19:58:09,1.7,5.8,-1,-1
887,05/26/2020 20:08:09,1.7,5.7,-1,-1
888,05/26/2020 20:18:09,1.7,5.6,-1,-2
889,05/26/2020 20:28:09,1.7,5.5,0,-1
890,05/26/2020 20:38:09,1.7,5.4,0,0
891,05/26/2020 20:48:09,1.7,5.3,0,0
892,05/26/2020 20:58:09,1.7,5.2,0,0
893,05/26/2020 21:08:09,1.7,5.1,0,0
894,05/26/2020 21:18:09,1.7,5.0,0,0
895,05/26/2020 21:28:09,1.7,5.0,0,0
896,05/26/2020 21:38:09,1.7,4.9,0,0
897,05/26/2020 21:48:09,1.7,4.8,0,0
898,05/26/2020 21:58:09,1.7,4.8,0,0
899,05/26/2020 22:08:09,1.7,4.7,0,0
900,05/26/2020 22:18:09,1.7,4.7,0,0
901,05/26/2020 22:28:09,1.7,4.6,0,0
902,05/26/2020 22:38:09,1.7,4.6,0,0
903,05/26/2020 22:48:09,1.7,4.5,-2,-1
904,05/26/2020 22:58:09,1.7,4.5,-1,-1
905,05/26/2020 23:08:09,1.7,4.4,-1,-1
906,05/26/2020 23:18:09,1.7,4.4,-1,-1
907,05/26/2020 23:28:09,1.7,4.3,-1,-1
908,05/26/2020 23:38:09,1.7,4.3,-1,-1
909,05/26/2020 23:48:09,1.7,4.3,-2,-1
910,05/26/2020 23:58:09,1.7,4.2,-2,-1
911,05/27/2020 00:08:09,1.7,4.2,-1,-1
912,05/27/2020 00:18:09,1.7,4.1,-2,-1
913,05/27/2020 00:28:09,1.7,4.1,-2,-1
914,05/27/2020 00:38:09,1.7,4.0,-2,-2
915,05/27/2020 00:48:09,1.7,4.0,-2,-2
916,05/27/2020 00:58:09,1.7,4.0,-2,-2
917,05/27/2020 01:08:09,1.7,3.9,-1,-2
918,05/27/2020 01:18:09,1.7,3.9,-2,-2
919,05/27/2020 01:28:09,1.7,3.8,-2,-2
920,05/27/2020 01:38:09,1.7,3.7,-2,-2
921,05/27/2020 01:48:09,1.7,3.7,-2,-2
922,05/27/2020 01:58:09,1.7,3.6,-2,-2
923,05/27/2020 02:08:09,1.7,3.6,-2,-2
924,05/27/2020 02:18:09,1.7,3.6,-2,-2
925,05/27/2020 02:28:09,1.7,3.5,-2,-2
926,05/27/2020 02:38:09,1.7,3.5,-2,-2
927,05/27/2020 02:48:09,1.7,3.5,-2,-2
928,05/27/2020 02:58:09,1.7,3.5,-2,-2
929,05/27/2020 03:08:09,1.7,3.5,-2,-2
930,05/27/2020 03:18:09,1.7,3.5,-2,-2
931,05/27/2020 03:28:09,1.7,3.4,-2,-2
932,05/27/2020 03:38:09,1.7,3.4,-2,-2
933,05/27/2020 03:48:09,1.7,3.4,-2,-2
934,05/27/2020 03:58:09,1.8,3.3,-2,-2
935,05/27/2020 04:08:09,1.8,3.3,-2,-2
936,05/27/2020 04:18:09,1.8,3.2,-2,-2
937,05/27/2020 04:28:09,1.8,3.2,-2,-2
938,05/27/2020 04:38:09,1.8,3.1,-3,-2
939,05/27/2020 04:48:09,1.8,3.1,-4,-4
940,05/27/2020 04:58:09,1.8,3.0,-4,-4
941,05/27/2020 05:08:09,1.8,3.0,-4,-4
942,05/27/2020 05:18:09,1.8,2.9,-4,-4
943,05/27/2020 05:28:09,1.8,2.9,-4,-4
944,05/27/2020 05:38:09,1.8,2.9,-4,-4
945,05/27/2020 05:48:09,1.8,2.8,-4,-4
946,05/27/2020 05:58:09,1.8,2.8,-4,-4
947,05/27/2020 06:08:09,1.8,2.8,-4,-4
948,05/27/2020 06:18:09,1.8,2.7,-3,-3
949,05/27/2020 06:28:09,1.8,2.7,-3,-3
950,05/27/2020 06:38:09,1.8,2.7,-4,-4
951,05/27/2020 06:48:09,1.8,2.6,-3,-3
952,05/27/2020 06:58:09,1.8,2.6,-3,-3
953,05/27/2020 07:08:09,1.8,2.6,-3,-3
954,05/27/2020 07:18:09,1.8,2.6,-4,-4
955,05/27/2020 07:28:09,1.8,2.6,-3,-3
956,05/27/2020 07:38:09,1.8,2.6,-3,-3
957,05/27/2020 07:48:09,1.8,2.6,-3,-3
958,05/27/2020 07:58:09,1.8,2.6,-4,-4
959,05/27/2020 08:08:09,1.8,2.6,-3,-3
960,05/27/2020 08:18:09,1.8,2.6,-3,-3
961,05/27/2020 08:28:09,1.8,2.7,-3,-3
962,05/27/2020 08:38:09,1.8,2.7,-4,-3
963,05/27/2020 08:48:09,1.8,2.7,-4,-4
964,05/27/2020 08:58:09,1.8,2.8,-4,-3
965,05/27/2020 09:08:09,1.9,2.8,-3,-3
966,05/27/2020 09:18:09,1.9,2.9,-3,-3
967,05/27/2020 09:28:09,1.9,2.9,-3,-3
968,05/27/2020 09:38:09,1.9,2.9,-3,-3
969,05/27/2020 09:48:09,1.9,3.0,-3,-3
970,05/27/2020 09:58:09,1.9,3.0,-3,-3
971,05/27/2020 10:08:09,1.9,3.1,-3,-3
972,05/27/2020 10:18:09,1.9,3.1,-3,-3
973,05/27/2020 10:28:09,1.9,3.2,-3,-3
974,05/27/2020 10:38:09,1.9,3.4,-3,-3
975,05/27/2020 10:48:09,1.9,3.7,-3,-3
976,05/27/2020 10:58:09,1.9,4.0,-4,-4
977,05/27/2020 11:08:09,1.9,4.2,-3,-3
978,05/27/2020 11:18:09,1.9,4.3,-3,-3
979,05/27/2020 11:28:09,1.9,4.3,-3,-3
980,05/27/2020 11:38:09,1.9,4.4,-4,-4
981,05/27/2020 11:48:09,1.9,4.4,-4,-3
982,05/27/2020 11:58:09,1.9,4.5,-4,-4
983,05/27/2020 12:08:09,1.9,4.5,-4,-4
984,05/27/2020 12:18:09,1.9,4.5,-4,-4
985,05/27/2020 12:28:09,1.9,4.6,-4,-4
986,05/27/2020 12:38:09,1.9,4.7,-4,-4
987,05/27/2020 12:48:09,1.9,4.8,-3,-4
988,05/27/2020 12:58:09,1.9,5.0,-4,-4
989,05/27/2020 13:08:09,1.9,5.1,-4,-4
990,05/27/2020 13:18:09,1.9,5.2,-3,-3
991,05/27/2020 13:28:09,1.9,5.2,-4,-3
992,05/27/2020 13:38:09,1.9,5.3,-4,-4
993,05/27/2020 13:48:09,1.9,5.4,-4,-4
994,05/27/2020 13:58:09,1.9,5.4,-4,-4
995,05/27/2020 14:08:09,1.9,5.5,-4,-4
996,05/27/2020 14:18:09,1.9,5.6,-3,-4
997,05/27/2020 14:28:09,1.9,5.6,-4,-4
998,05/27/2020 14:38:09,1.9,5.7,-4,-4
999,05/27/2020 14:48:09,1.9,5.8,-3,-3
1000,05/27/2020 14:58:09,1.9,5.9,-3,-3
1001,05/27/2020 15:08:09,1.9,6.0,1,-1
1002,05/27/2020 15:18:09,2.0,6.2,2,2
1003,05/27/2020 15:28:09,2.0,6.4,3,3
1004,05/27/2020 15:38:09,2.0,6.4,3,3
1005,05/27/2020 15:48:09,2.0,6.4,3,3
1006,05/27/2020 15:58:09,2.0,6.6,3,3
1007,05/27/2020 16:08:09,2.0,6.9,4,4
1008,05/27/2020 16:18:09,2.0,7.3,4,5
1009,05/27/2020 16:28:09,2.0,7.5,7,6
1010,05/27/2020 16:38:09,2.0,7.7,7,7
1011,05/27/2020 16:48:09,2.0,7.7,7,7
1012,05/27/2020 16:58:09,2.0,7.7,7,7
1013,05/27/2020 17:08:09,2.0,7.7,8,7
1014,05/27/2020 17:18:09,2.0,7.5,6,7
1015,05/27/2020 17:28:09,2.0,7.4,6,6
1016,05/27/2020 17:38:09,2.0,7.2,6,6
1017,05/27/2020 17:48:09,2.0,7.1,6,6
1018,05/27/2020 17:58:09,2.0,6.9,5,5
1019,05/27/2020 18:08:09,2.0,6.8,5,5
1020,05/27/2020 18:18:09,2.0,6.8,5,5
1021,05/27/2020 18:28:09,2.0,6.7,4,5
1022,05/27/2020 18:38:09,2.0,6.6,2,4
1023,05/27/2020 18:48:09,2.0,6.6,1,2
1024,05/27/2020 18:58:09,2.0,6.5,1,2
1025,05/27/2020 19:08:09,2.0,6.5,1,1
1026,05/27/2020 19:18:09,2.0,6.5,1,1
1027,05/27/2020 19:28:09,2.0,6.4,1,1
1028,05/27/2020 19:38:09,2.0,6.4,-1,0
1029,05/27/2020 19:48:09,2.0,6.3,-2,-1
1030,05/27/2020 19:58:09,2.0,6.2,-2,-2
1031,05/27/2020 20:08:09,2.0,6.1,-1,-2
1032,05/27/2020 20:18:09,2.0,6.0,-1,-1
1033,05/27/2020 20:28:09,2.0,6.0,-1,-1
1034,05/27/2020 20:38:09,2.0,5.9,-1,-1
1035,05/27/2020 20:48:09,2.0,5.8,-1,-1
1036,05/27/2020 20:58:09,2.0,5.8,-1,-1
1037,05/27/2020 21:08:09,2.0,5.7,-1,-1
1038,05/27/2020 21:18:09,2.0,5.6,-1,-1
1039,05/27/2020 21:28:09,2.0,5.6,-1,-1
1040,05/27/2020 21:38:09,2.0,5.5,-1,-1
1041,05/27/2020 21:48:09,2.0,5.5,-1,-1
1042,05/27/2020 21:58:09,2.0,5.4,-1,-1
1043,05/27/2020 22:08:09,2.0,5.3,-1,-1
1044,05/27/2020 22:18:09,2.0,5.3,-1,-1
1045,05/27/2020 22:28:09,2.0,5.2,-1,-1
1046,05/27/2020 22:38:09,2.0,5.2,-1,-1
1047,05/27/2020 22:48:09,2.0,5.1,-1,-1
1048,05/27/2020 22:58:09,2.0,5.1,-1,-1
1049,05/27/2020 23:08:09,2.0,5.1,-1,-1
1050,05/27/2020 23:18:09,2.0,5.0,0,-1
1051,05/27/2020 23:28:09,2.0,5.0,-1,-1
1052,05/27/2020 23:38:09,2.0,4.9,0,-1
1053,05/27/2020 23:48:09,2.0,4.8,0,-1
1054,05/27/2020 23:58:09,2.0,4.8,-1,-1
1055,05/28/2020 00:08:09,2.0,4.7,-1,-1
1056,05/28/2020 00:18:09,2.0,4.7,0,0
1057,05/28/2020 00:28:09,2.0,4.6,-1,-1
1058,05/28/2020 00:38:09,2.0,4.6,0,-1
1059,05/28/2020 00:48:09,2.0,4.5,-1,-1
1060,05/28/2020 00:58:09,2.1,4.5,0,-1
1061,05/28/2020 01:08:09,2.1,4.4,0,0
1062,05/28/2020 01:18:09,2.1,4.4,-1,-1
1063,05/28/2020 01:28:09,2.1,4.3,0,0
1064,05/28/2020 01:38:09,2.1,4.2,0,0
1065,05/28/2020 01:48:09,2.1,4.2,0,0
1066,05/28/2020 01:58:09,2.1,4.2,-1,0
1067,05/28/2020 02:08:09,2.1,4.1,0,0
1068,05/28/2020 02:18:09,2.1,4.1,0,0
1069,05/28/2020 02:28:09,2.1,4.0,0,0
1070,05/28/2020 02:38:09,2.1,4.0,-1,0
1071,05/28/2020 02:48:09,2.1,3.9,-1,-1
1072,05/28/2020 02:58:09,2.1,3.9,-1,-1
1073,05/28/2020 03:08:09,2.1,3.8,-1,-1
1074,05/28/2020 03:18:09,2.1,3.8,-1,-1
1075,05/28/2020 03:28:09,2.1,3.7,-1,-1
1076,05/28/2020 03:38:09,2.1,3.7,-1,-1
1077,05/28/2020 03:48:09,2.1,3.7,-1,-1
1078,05/28/2020 03:58:09,2.1,3.6,-1,-1
1079,05/28/2020 04:08:09,2.1,3.6,-1,-1
1080,05/28/2020 04:18:09,2.1,3.5,0,0
1081,05/28/2020 04:28:09,2.1,3.5,0,0
1082,05/28/2020 04:38:09,2.1,3.5,0,0
1083,05/28/2020 04:48:09,2.1,3.4,0,0
1084,05/28/2020 04:58:09,2.1,3.4,0,0
1085,05/28/2020 05:08:09,2.1,3.3,0,0
1086,05/28/2020 05:18:09,2.1,3.3,0,0
1087,05/28/2020 05:28:09,2.1,3.3,1,0
1088,05/28/2020 05:38:09,2.1,3.2,1,1
1089,05/28/2020 05:48:09,2.1,3.2,1,1
1090,05/28/2020 05:58:09,2.1,3.2,1,1
1091,05/28/2020 06:08:09,2.2,3.2,1,1
1092,05/28/2020 06:18:09,2.2,3.1,1,1
1093,05/28/2020 06:28:09,2.2,3.1,1,1
1094,05/28/2020 06:38:09,2.2,3.1,1,1
1095,05/28/2020 06:48:09,2.2,3.1,1,1
1096,05/28/2020 06:58:09,2.2,3.0,2,1
1097,05/28/2020 07:08:09,2.2,3.0,2,2
1098,05/28/2020 07:18:09,2.2,3.0,2,2
1099,05/28/2020 07:28:09,2.2,3.0,2,2
1100,05/28/2020 07:38:09,2.2,3.0,2,2
1101,05/28/2020 07:48:09,2.2,3.0,2,2
1102,05/28/2020 07:58:09,2.2,3.0,2,2
1103,05/28/2020 08:08:09,2.2,3.1,2,2
1104,05/28/2020 08:18:09,2.2,3.1,2,2
1105,05/28/2020 08:28:09,2.2,3.1,2,2
1106,05/28/2020 08:38:09,2.2,3.1,1,2
1107,05/28/2020 08:48:09,2.2,3.2,1,1
1108,05/28/2020 08:58:09,2.2,3.2,2,2
1109,05/28/2020 09:08:09,2.2,3.3,2,2
1110,05/28/2020 09:18:09,2.2,3.3,2,2
1111,05/28/2020 09:28:09,2.2,3.3,2,2
1112,05/28/2020 09:38:09,2.2,3.4,2,2
1113,05/28/2020 09:48:09,2.2,3.4,2,2
1114,05/28/2020 09:58:09,2.2,3.5,2,2
1115,05/28/2020 10:08:09,2.2,3.5,2,2
1116,05/28/2020 10:18:09,2.2,3.6,1,2
1117,05/28/2020 10:28:09,2.2,3.7,1,2
1118,05/28/2020 10:38:09,2.2,3.9,1,1
1119,05/28/2020 10:48:09,2.2,4.3,3,2
1120,05/28/2020 10:58:09,2.3,4.7,2,2
1121,05/28/2020 11:08:09,2.3,5.0,2,2
1122,05/28/2020 11:18:09,2.3,5.1,2,2
1123,05/28/2020 11:28:09,2.3,5.3,2,2
1124,05/28/2020 11:38:09,2.3,5.4,3,2
1125,05/28/2020 11:48:09,2.3,5.4,4,3
1126,05/28/2020 11:58:09,2.3,5.5,3,3
1127,05/28/2020 12:08:09,2.3,5.5,2,2
1128,05/28/2020 12:18:09,2.2,5.5,3,2
1129,05/28/2020 12:28:09,2.3,5.5,2,2
1130,05/28/2020 12:38:09,2.3,5.5,2,2
1131,05/28/2020 12:48:09,2.3,5.6,4,2
1132,05/28/2020 12:58:09,2.3,5.7,4,4
1133,05/28/2020 13:08:09,2.3,5.9,4,4
1134,05/28/2020 13:18:09,2.3,6.1,4,4
1135,05/28/2020 13:28:09,2.3,6.3,4,4
1136,05/28/2020 13:38:09,2.3,6.3,4,4
1137,05/28/2020 13:48:09,2.3,6.3,4,4
1138,05/28/2020 13:58:09,2.3,6.4,4,4
1139,05/28/2020 14:08:09,2.3,6.5,2,3
1140,05/28/2020 14:18:09,2.3,6.6,2,2
1141,05/28/2020 14:28:09,2.3,6.7,2,3
1142,05/28/2020 14:38:09,2.3,6.8,2,2
1143,05/28/2020 14:48:09,2.3,6.9,4,3
1144,05/28/2020 14:58:09,2.3,7.2,4,4
1145,05/28/2020 15:08:09,2.3,7.6,4,4
1146,05/28/2020 15:18:09,2.3,7.9,4,4
1147,05/28/2020 15:28:09,2.3,8.1,4,4
1148,05/28/2020 15:38:09,2.3,8.3,4,4
1149,05/28/2020 15:48:09,2.3,8.4,4,4
1150,05/28/2020 15:58:09,2.3,8.5,4,4
1151,05/28/2020 16:08:09,2.3,8.6,6,4
1152,05/28/2020 16:18:09,2.3,9.0,6,6
1153,05/28/2020 16:28:09,2.3,9.3,6,6
1154,05/28/2020 16:38:09,2.3,9.5,6,6
1155,05/28/2020 16:48:09,2.3,9.7,5,5
1156,05/28/2020 16:58:09,2.3,9.9,5,5
1157,05/28/2020 17:08:09,2.3,9.9,6,5
1158,05/28/2020 17:18:09,2.3,9.7,4,5
1159,05/28/2020 17:28:09,2.3,9.6,4,4
1160,05/28/2020 17:38:09,2.3,9.5,5,5
1161,05/28/2020 17:48:09,2.3,9.5,4,4
1162,05/28/2020 17:58:09,2.3,9.5,5,5
1163,05/28/2020 18:08:09,2.3,9.4,4,4
1164,05/28/2020 18:18:09,2.3,9.4,4,4
1165,05/28/2020 18:28:09,2.3,9.5,5,5
1166,05/28/2020 18:38:09,2.3,9.6,4,4
1167,05/28/2020 18:48:09,2.3,9.5,4,4
1168,05/28/2020 18:58:09,2.3,9.4,4,4
1169,05/28/2020 19:08:09,2.3,9.2,4,4
1170,05/28/2020 19:18:09,2.3,9.0,4,4
1171,05/28/2020 19:28:09,2.3,8.8,4,4
1172,05/28/2020 19:38:09,2.3,8.6,4,4
1173,05/28/2020 19:48:09,2.3,8.5,5,5
1174,05/28/2020 19:58:09,2.3,8.3,4,4
1175,05/28/2020 20:08:09,2.3,8.1,4,4
1176,05/28/2020 20:18:09,2.3,8.0,6,5
1177,05/28/2020 20:28:09,2.3,7.8,6,6
1178,05/28/2020 20:38:09,2.3,7.7,5,5
1179,05/28/2020 20:48:09,2.3,7.6,4,4
1180,05/28/2020 20:58:09,2.3,7.4,3,3
1181,05/28/2020 21:08:09,2.3,7.3,2,2
1182,05/28/2020 21:18:09,2.3,7.2,2,2
1183,05/28/2020 21:28:09,2.3,7.1,4,4
1184,05/28/2020 21:38:09,2.3,7.0,4,4
1185,05/28/2020 21:48:09,2.3,6.9,4,4
1186,05/28/2020 21:58:09,2.3,6.8,3,3
1187,05/28/2020 22:08:09,2.3,6.8,3,3
1188,05/28/2020 22:18:09,2.3,6.7,3,3
1189,05/28/2020 22:28:09,2.3,6.6,3,2
1190,05/28/2020 22:38:09,2.3,6.6,4,3
1191,05/28/2020 22:48:09,2.4,6.5,4,4
1192,05/28/2020 22:58:09,2.4,6.5,1,4
1193,05/28/2020 23:08:09,2.4,6.4,0,0
1194,05/28/2020 23:18:09,2.4,6.3,0,0
1195,05/28/2020 23:28:09,2.4,6.2,1,0
1196,05/28/2020 23:38:09,2.4,6.2,2,2
1197,05/28/2020 23:48:09,2.4,6.1,0,0
1198,05/28/2020 23:58:09,2.4,6.0,0,0
1199,05/29/2020 00:08:09,2.4,5.9,0,0
1200,05/29/2020 00:18:09,2.4,5.9,0,0
1201,05/29/2020 00:28:09,2.4,5.8,0,0
1202,05/29/2020 00:38:09,2.4,5.7,0,0
1203,05/29/2020 00:48:09,2.4,5.7,-2,-1
1204,05/29/2020 00:58:09,2.4,5.6,-2,-2
1205,05/29/2020 01:08:09,2.4,5.6,-2,-2
1206,05/29/2020 01:18:09,2.4,5.5,-2,-2
1207,05/29/2020 01:28:09,2.4,5.4,-1,-2
1208,05/29/2020 01:38:09,2.4,5.4,-1,-1
1209,05/29/2020 01:48:09,2.4,5.3,-2,-1
1210,05/29/2020 01:58:09,2.4,5.3,-2,-2
1211,05/29/2020 02:08:09,2.4,5.2,-2,-2
1212,05/29/2020 02:18:09,2.4,5.1,-2,-2
1213,05/29/2020 02:28:09,2.4,5.1,-2,-2
1214,05/29/2020 02:38:09,2.4,5.0,-3,-2
1215,05/29/2020 02:48:09,2.4,5.0,-1,-2
1216,05/29/2020 02:58:09,2.4,4.9,-1,-1
1217,05/29/2020 03:08:09,2.4,4.9,-1,-1
1218,05/29/2020 03:18:09,2.4,4.8,-1,-1
1219,05/29/2020 03:28:09,2.4,4.8,-1,-1
1220,05/29/2020 03:38:09,2.5,4.7,-1,-1
1221,05/29/2020 03:48:09,2.5,4.7,0,0
1222,05/29/2020 03:58:09,2.5,4.6,0,0
1223,05/29/2020 04:08:09,2.5,4.6,0,0
1224,05/29/2020 04:18:09,2.5,4.5,0,0
1225,05/29/2020 04:28:09,2.5,4.5,0,0
1226,05/29/2020 04:38:09,2.5,4.5,0,0
1227,05/29/2020 04:48:09,2.5,4.4,0,0
1228,05/29/2020 04:58:09,2.5,4.4,0,0
1229,05/29/2020 05:08:09,2.5,4.3,-1,0
1230,05/29/2020 05:18:09,2.5,4.3,-1,-1
1231,05/29/2020 05:28:09,2.5,4.2,-3,-3
1232,05/29/2020 05:38:09,2.5,4.2,-3,-3
1233,05/29/2020 05:48:09,2.5,4.2,-3,-3
1234,05/29/2020 05:58:09,2.5,4.1,-3,-3
1235,05/29/2020 06:08:09,2.5,4.1,-3,-3
1236,05/29/2020 06:18:09,2.5,4.0,-3,-3
1237,05/29/2020 06:28:09,2.5,4.0,-3,-3
1238,05/29/2020 06:38:09,2.5,4.0,-3,-3
1239,05/29/2020 06:48:09,2.5,4.0,-3,-3
1240,05/29/2020 06:58:09,2.5,4.0,-3,-3
1241,05/29/2020 07:08:09,2.5,4.0,-3,-3
1242,05/29/2020 07:18:09,2.5,3.9,-3,-3
1243,05/29/2020 07:28:09,2.5,3.9,-2,-2
1244,05/29/2020 07:38:09,2.5,3.9,-2,-2
1245,05/29/2020 07:48:09,2.5,3.9,-2,-2
1246,05/29/2020 07:58:09,2.5,4.0,-2,-2
1247,05/29/2020 08:08:09,2.5,4.0,-2,-2
1248,05/29/2020 08:18:09,2.5,4.0,-2,-2
1249,05/29/2020 08:28:09,2.5,4.0,-2,-2
1250,05/29/2020 08:38:09,2.6,4.0,-1,-1
1251,05/29/2020 08:48:09,2.6,4.1,-1,-1
1252,05/29/2020 08:58:09,2.6,4.1,-1,-1
1253,05/29/2020 09:08:09,2.6,4.2,-1,-1
1254,05/29/2020 09:18:09,2.6,4.2,-1,-1
1255,05/29/2020 09:28:09,2.6,4.3,0,-1
1256,05/29/2020 09:38:09,3.9,6.2,152,29
1257,05/29/2020 09:48:09,2.8,7.7,141,147
1258,05/29/2020 09:58:09,2.4,6.3,131,135
1259,05/29/2020 10:08:09,2.3,5.4,127,129
1260,05/29/2020 10:18:09,2.2,4.9,125,126
1261,05/29/2020 10:28:09,2.2,4.5,126,126
1262,05/29/2020 10:38:09,2.2,4.3,126,126
1263,05/29/2020 10:48:09,2.1,4.1,126,126
1264,05/29/2020 10:58:09,2.1,4.0,126,126
1265,05/29/2020 11:08:09,2.1,3.9,126,126
1266,05/29/2020 11:18:09,2.1,3.9,126,126
1267,05/29/2020 11:28:09,2.1,3.8,126,125
1268,05/29/2020 11:38:09,2.1,3.8,125,125
1269,05/29/2020 11:48:09,2.1,3.8,125,125
1270,05/29/2020 11:58:09,2.1,3.8,125,125
1271,05/29/2020 12:08:09,2.1,3.7,125,125
1272,05/29/2020 12:18:09,2.1,3.7,125,125
1273,05/29/2020 12:28:09,2.1,3.7,125,125
1274,05/29/2020 12:38:09,2.1,3.7,125,125
1275,05/29/2020 12:48:09,2.1,3.7,125,125
1276,05/29/2020 12:58:09,2.1,3.7,125,125
1277,05/29/2020 13:08:09,2.1,3.7,124,124
1278,05/29/2020 13:18:09,2.1,3.7,124,124
1279,05/29/2020 13:28:09,2.1,3.7,124,124
1280,05/29/2020 13:38:09,2.1,3.7,124,124
1281,05/29/2020 13:48:09,2.1,3.7,124,124
1282,05/29/2020 13:58:09,2.1,3.7,124,124
1283,05/29/2020 14:08:09,2.1,3.7,124,124
1284,05/29/2020 14:18:09,2.1,3.7,124,124
1285,05/29/2020 14:28:09,2.1,3.7,124,124
1286,05/29/2020 14:38:09,2.1,3.7,123,123
1287,05/29/2020 14:48:09,2.1,3.7,123,123
1288,05/29/2020 14:58:09,2.1,3.7,123,123
1289,05/29/2020 15:08:09,2.1,3.8,124,124
1290,05/29/2020 15:18:09,2.1,3.8,124,124
1291,05/29/2020 15:28:09,2.1,3.8,125,124
1292,05/29/2020 15:38:09,2.1,3.8,125,125
1293,05/29/2020 15:48:09,2.1,3.8,125,125
1294,05/29/2020 15:58:09,2.1,3.8,126,125
1295,05/29/2020 16:08:09,2.1,3.8,127,126
1296,05/29/2020 16:18:09,2.1,3.9,127,127
1297,05/29/2020 16:28:09,2.1,3.9,128,128
1298,05/29/2020 16:38:09,2.1,3.9,129,128
1299,05/29/2020 16:48:09,2.1,3.9,130,129
1300,05/29/2020 16:58:09,2.1,3.9,131,130
1301,05/29/2020 17:08:09,2.1,3.9,131,131
1302,05/29/2020 17:18:09,2.1,4.0,133,132
1303,05/29/2020 17:28:09,2.1,4.0,133,133
1304,05/29/2020 17:38:09,2.1,4.0,135,134
1305,05/29/2020 17:48:09,2.1,4.0,136,135
1306,05/29/2020 17:58:09,2.1,4.0,139,138
1307,05/29/2020 18:08:09,2.1,4.1,140,139
1308,05/29/2020 18:18:09,2.1,4.1,140,140
1309,05/29/2020 18:28:09,2.1,4.1,140,140
1310,05/29/2020 18:38:09,2.1,4.2,140,140
1311,05/29/2020 18:48:09,2.1,4.2,141,141
1312,05/29/2020 18:58:09,2.1,4.2,141,141
1313,05/29/2020 19:08:09,2.1,4.2,141,141
1314,05/29/2020 19:18:09,2.2,4.3,140,140
1315,05/29/2020 19:28:09,2.2,4.3,140,140
1316,05/29/2020 19:38:09,2.2,4.3,140,140
1317,05/29/2020 19:48:09,2.2,4.3,139,139
1318,05/29/2020 19:58:09,2.2,4.4,139,139
1319,05/29/2020 20:08:09,2.2,4.4,139,139
1320,05/29/2020 20:18:09,2.2,4.5,138,138
1321,05/29/2020 20:28:09,2.2,4.5,138,138
1322,05/29/2020 20:38:09,2.2,4.5,137,138
1323,05/29/2020 20:48:09,2.2,4.5,137,137
1324,05/29/2020 20:58:09,2.2,4.5,136,137
1325,05/29/2020 21:08:09,2.2,4.6,136,136
1326,05/29/2020 21:18:09,2.2,4.6,135,136
1327,05/29/2020 21:28:09,2.2,4.6,135,135
1328,05/29/2020 21:38:09,2.2,4.6,134,135
1329,05/29/2020 21:48:09,2.2,4.6,134,134
1330,05/29/2020 21:58:09,2.2,4.7,133,133
1331,05/29/2020 22:08:09,2.2,4.7,133,133
1332,05/29/2020 22:18:09,2.2,4.7,132,132
1333,05/29/2020 22:28:09,2.2,4.7,132,132
1334,05/29/2020 22:38:09,2.2,4.7,131,131
1335,05/29/2020 22:48:09,2.2,4.7,131,131
1336,05/29/2020 22:58:09,2.2,4.7,130,131
1337,05/29/2020 23:08:09,2.2,4.8,130,130
1338,05/29/2020 23:18:09,2.2,4.8,130,130
1339,05/29/2020 23:28:09,2.2,4.8,129,130
1340,05/29/2020 23:38:09,2.2,4.8,129,129
1341,05/29/2020 23:48:09,2.2,4.8,129,129
1342,05/29/2020 23:58:09,2.2,4.8,129,129
1343,05/30/2020 00:08:09,2.2,4.8,128,128
1344,05/30/2020 00:18:09,2.2,4.8,128,128
1345,05/30/2020 00:28:09,2.2,4.8,128,128
1346,05/30/2020 00:38:09,2.2,4.8,128,128
1347,05/30/2020 00:48:09,2.2,4.8,127,127
1348,05/30/2020 00:58:09,2.2,4.8,127,127
1349,05/30/2020 01:08:09,2.2,4.8,127,127
1350,05/30/2020 01:18:09,2.2,4.9,127,127
1351,05/30/2020 01:28:09,2.2,4.9,127,127
1352,05/30/2020 01:38:09,2.2,4.9,127,127
1353,05/30/2020 01:48:09,2.2,4.9,126,126
1354,05/30/2020 01:58:09,2.2,4.9,126,126
1355,05/30/2020 02:08:09,2.2,4.9,126,126
1356,05/30/2020 02:18:09,2.2,4.9,125,125
1357,05/30/2020 02:28:09,2.2,4.9,125,125
1358,05/30/2020 02:38:09,2.2,4.8,125,125
1359,05/30/2020 02:48:09,2.2,4.8,125,125
1360,05/30/2020 02:58:09,2.2,4.8,125,125
1361,05/30/2020 03:08:09,2.2,4.8,124,125
1362,05/30/2020 03:18:09,2.2,4.8,124,124
1363,05/30/2020 03:28:09,2.3,4.8,124,124
1364,05/30/2020 03:38:09,2.3,4.8,124,124
1365,05/30/2020 03:48:09,2.3,4.8,124,124
1366,05/30/2020 03:58:09,2.3,4.8,124,124
1367,05/30/2020 04:08:09,2.2,4.8,124,124
1368,05/30/2020 04:18:09,2.2,4.8,123,123
1369,05/30/2020 04:28:09,2.2,4.8,123,123
1370,05/30/2020 04:38:09,2.2,4.8,123,123
1371,05/30/2020 04:48:09,2.2,4.8,123,123
1372,05/30/2020 04:58:09,2.2,4.8,123,123
1373,05/30/2020 05:08:09,2.2,4.8,123,122
1374,05/30/2020 05:18:09,2.3,4.8,122,122
1375,05/30/2020 05:28:09,2.3,4.8,122,122
1376,05/30/2020 05:38:09,2.3,4.7,122,122
1377,05/30/2020 05:48:09,2.3,4.7,121,121
1378,05/30/2020 05:58:09,2.3,4.7,121,121
1379,05/30/2020 06:08:09,2.3,4.7,121,121
1380,05/30/2020 06:18:09,2.3,4.7,121,121
1381,05/30/2020 06:28:09,2.3,4.7,121,121
1382,05/30/2020 06:38:09,2.3,4.7,121,121
1383,05/30/2020 06:48:09,2.3,4.7,120,120
1384,05/30/2020 06:58:09,2.3,4.7,120,120
1385,05/30/2020 07:08:09,2.3,4.7,120,120
1386,05/30/2020 07:18:09,2.3,4.7,120,120
1387,05/30/2020 07:28:09,2.3,4.7,119,119
1388,05/30/2020 07:38:09,2.3,4.7,119,119
1389,05/30/2020 07:48:09,2.3,4.6,119,119
1390,05/30/2020 07:58:09,2.3,4.6,118,118
1391,05/30/2020 08:08:09,2.3,4.6,118,118
1392,05/30/2020 08:18:09,2.3,4.6,118,118
1393,05/30/2020 08:28:09,2.3,4.6,118,118
1394,05/30/2020 08:38:09,2.3,4.6,118,118
1395,05/30/2020 08:48:09,2.3,4.6,118,118
1396,05/30/2020 08:58:09,2.3,4.6,118,118
1397,05/30/2020 09:08:09,2.3,4.6,118,118
1398,05/30/2020 09:18:09,2.3,4.6,117,117
1399,05/30/2020 09:28:09,2.3,4.6,117,117
1400,05/30/2020 09:38:09,2.3,4.6,117,117
1401,05/30/2020 09:48:09,2.3,4.5,117,117
1402,05/30/2020 09:58:09,2.3,4.5,117,117
1403,05/30/2020 10:08:09,2.3,4.5,116,117
1404,05/30/2020 10:18:09,2.3,4.5,116,116
1405,05/30/2020 10:28:09,2.3,4.5,116,116
1406,05/30/2020 10:38:09,2.3,4.5,116,116
1407,05/30/2020 10:48:09,2.3,4.5,116,116
1408,05/30/2020 10:58:09,2.3,4.5,116,115
1409,05/30/2020 11:08:09,2.3,4.5,115,115
1410,05/30/2020 11:18:09,2.3,4.5,115,115
1411,05/30/2020 11:28:09,2.3,4.5,115,115
1412,05/30/2020 11:38:09,2.3,4.5,115,115
1413,05/30/2020 11:48:09,2.3,4.5,114,114
1414,05/30/2020 11:58:09,2.3,4.5,114,114
1415,05/30/2020 12:08:09,2.3,4.4,114,114
1416,05/30/2020 12:18:09,2.3,4.4,114,114
1417,05/30/2020 12:28:09,2.3,4.4,114,114
1418,05/30/2020 12:38:09,2.3,4.4,113,113
1419,05/30/2020 12:48:09,2.3,4.4,113,113
1420,05/30/2020 12:58:09,2.3,4.4,113,113
1421,05/30/2020 13:08:09,2.3,4.4,113,113
1422,05/30/2020 13:18:09,2.3,4.4,113,113
1423,05/30/2020 13:28:09,2.4,4.4,113,113
1424,05/30/2020 13:38:09,2.4,4.4,113,113
1425,05/30/2020 13:48:09,2.4,4.4,113,113
1426,05/30/2020 13:58:09,2.4,4.4,113,113
1427,05/30/2020 14:08:09,2.4,4.4,113,113
1428,05/30/2020 14:18:09,2.4,4.4,113,113
1429,05/30/2020 14:28:09,2.4,4.5,113,113
1430,05/30/2020 14:38:09,2.4,4.5,113,113
1431,05/30/2020 14:48:09,2.4,4.5,113,113
1432,05/30/2020 14:58:09,2.4,4.5,113,113
1433,05/30/2020 15:08:09,2.4,4.5,113,113
1434,05/30/2020 15:18:09,2.4,4.5,113,113
1435,05/30/2020 15:28:09,2.4,4.5,113,113
1436,05/30/2020 15:38:09,2.4,4.5,113,113
1437,05/30/2020 15:48:09,2.4,4.5,113,113
1438,05/30/2020 15:58:09,2.4,4.5,113,113
1439,05/30/2020 16:08:09,2.4,4.5,113,113
1440,05/30/2020 16:18:09,2.4,4.5,113,113
1441,05/30/2020 16:28:09,2.4,4.6,113,113
1442,05/30/2020 16:38:09,2.4,4.6,113,113
1443,05/30/2020 16:48:09,2.4,4.6,113,113
1444,05/30/2020 16:58:09,2.4,4.6,113,113
1445,05/30/2020 17:08:09,2.4,4.6,113,113
1446,05/30/2020 17:18:09,2.4,4.6,113,113
1447,05/30/2020 17:28:09,2.4,4.6,113,113
1448,05/30/2020 17:38:09,2.4,4.6,113,113
1449,05/30/2020 17:48:09,2.4,4.6,113,113
1450,05/30/2020 17:58:09,2.4,4.7,114,114
1451,05/30/2020 18:08:09,2.4,4.7,114,114
1452,05/30/2020 18:18:09,2.4,4.7,114,114
1453,05/30/2020 18:28:09,2.4,4.7,115,114
1454,05/30/2020 18:38:09,2.4,4.7,115,115
1455,05/30/2020 18:48:09,2.5,4.7,116,115
1456,05/30/2020 18:58:09,2.5,4.7,116,116
1457,05/30/2020 19:08:09,2.5,4.7,116,116
1458,05/30/2020 19:18:09,2.5,4.8,116,116
1459,05/30/2020 19:28:09,2.5,4.8,116,116
1460,05/30/2020 19:38:09,2.5,4.8,116,116
1461,05/30/2020 19:48:09,2.5,4.8,116,116
1462,05/30/2020 19:58:09,2.5,4.8,116,116
1463,05/30/2020 20:08:09,2.5,4.8,116,116
1464,05/30/2020 20:18:09,2.5,4.8,116,116
1465,05/30/2020 20:28:09,2.5,4.8,116,116
1466,05/30/2020 20:38:09,2.5,4.8,116,116
1467,05/30/2020 20:48:09,2.5,4.8,117,116
1468,05/30/2020 20:58:09,2.5,4.8,116,116
1469,05/30/2020 21:08:09,2.5,4.9,116,116
1470,05/30/2020 21:18:09,2.5,4.9,116,116
1471,05/30/2020 21:28:09,2.5,4.9,116,116
1472,05/30/2020 21:38:09,2.5,4.9,116,116
1473,05/30/2020 21:48:09,2.5,4.9,116,116
1474,05/30/2020 21:58:09,2.5,4.9,116,116
1475,05/30/2020 22:08:09,2.5,4.9,117,116
1476,05/30/2020 22:18:09,2.5,4.9,116,116
1477,05/30/2020 22:28:09,2.5,4.9,116,116
1478,05/30/2020 22:38:09,2.5,4.9,117,116
1479,05/30/2020 22:48:09,2.5,4.9,117,116
1480,05/30/2020 22:58:09,2.5,4.9,117,116
1481,05/30/2020 23:08:09,2.5,4.9,116,116
1482,05/30/2020 23:18:09,2.5,4.9,116,116
1483,05/30/2020 23:28:09,2.5,4.9,116,116
1484,05/30/2020 23:38:09,2.5,4.9,116,116
1485,05/30/2020 23:48:09,2.5,4.9,116,116
1486,05/30/2020 23:58:09,2.5,4.9,116,115
1487,05/31/2020 00:08:09,2.5,4.9,115,115
1488,05/31/2020 00:18:09,2.5,4.9,115,115
1489,05/31/2020 00:28:09,2.5,4.9,115,115
1490,05/31/2020 00:38:09,2.5,4.9,115,115
1491,05/31/2020 00:48:09,2.5,4.9,115,115
1492,05/31/2020 00:58:09,2.5,4.9,114,114
1493,05/31/2020 01:08:09,2.5,4.9,114,114
1494,05/31/2020 01:18:09,2.5,4.9,114,114
1495,05/31/2020 01:28:09,2.5,4.9,114,114
1496,05/31/2020 01:38:09,2.5,4.9,114,114
1497,05/31/2020 01:48:09,2.5,4.8,114,114
1498,05/31/2020 01:58:09,2.5,4.8,114,114
1499,05/31/2020 02:08:09,2.5,4.8,114,114
1500,05/31/2020 02:18:09,2.5,4.8,114,114
1501,05/31/2020 02:28:09,2.5,4.8,114,114
1502,05/31/2020 02:38:09,2.5,4.8,113,114
1503,05/31/2020 02:48:09,2.5,4.8,113,113
1504,05/31/2020 02:58:09,2.5,4.8,113,113
1505,05/31/2020 03:08:09,2.5,4.8,113,113
1506,05/31/2020 03:18:09,2.5,4.8,113,113
1507,05/31/2020 03:28:09,2.5,4.8,113,113
1508,05/31/2020 03:38:09,2.5,4.8,113,113
1509,05/31/2020 03:48:09,2.5,4.8,113,113
1510,05/31/2020 03:58:09,2.5,4.8,113,113
1511,05/31/2020 04:08:09,2.5,4.7,113,113
1512,05/31/2020 04:18:09,2.5,4.7,112,112
1513,05/31/2020 04:28:09,2.5,4.7,112,112
1514,05/31/2020 04:38:09,2.5,4.7,112,112
1515,05/31/2020 04:48:09,2.6,4.7,111,111
1516,05/31/2020 04:58:09,2.6,4.7,111,111
1517,05/31/2020 05:08:09,2.6,4.7,111,111
1518,05/31/2020 05:18:09,2.6,4.7,111,111
1519,05/31/2020 05:28:09,2.6,4.7,110,110
1520,05/31/2020 05:38:09,2.6,4.7,110,110
1521,05/31/2020 05:48:09,2.6,4.7,110,110
1522,05/31/2020 05:58:09,2.6,4.7,110,110
1523,05/31/2020 06:08:09,2.6,4.7,110,110
1524,05/31/2020 06:18:09,2.6,4.6,110,110
1525,05/31/2020 06:28:09,2.6,4.6,109,110
1526,05/31/2020 06:38:09,2.6,4.6,109,109
1527,05/31/2020 06:48:09,2.6,4.6,109,109
1528,05/31/2020 06:58:09,2.6,4.6,109,109
1529,05/31/2020 07:08:09,2.6,4.6,109,109
1530,05/31/2020 07:18:09,2.6,4.6,109,109
1531,05/31/2020 07:28:09,2.6,4.6,109,109
1532,05/31/2020 07:38:09,2.6,4.6,108,108
1533,05/31/2020 07:48:09,2.6,4.6,108,108
1534,05/31/2020 07:58:09,2.6,4.6,108,108
1535,05/31/2020 08:08:09,2.6,4.6,108,108
1536,05/31/2020 08:18:09,2.6,4.5,107,108
1537,05/31/2020 08:28:09,2.6,4.5,107,107
1538,05/31/2020 08:38:09,2.6,4.5,107,107
1539,05/31/2020 08:48:09,2.6,4.5,107,107
1540,05/31/2020 08:58:09,2.6,4.5,107,107
1541,05/31/2020 09:08:09,2.6,4.5,107,107
1542,05/31/2020 09:18:09,2.6,4.5,106,107
1543,05/31/2020 09:28:09,2.6,4.5,106,107
1544,05/31/2020 09:38:09,2.6,4.5,106,106
1545,05/31/2020 09:48:09,2.6,4.5,106,106
1546,05/31/2020 09:58:09,2.6,4.5,106,106
1547,05/31/2020 10:08:09,2.6,4.4,106,106
1548,05/31/2020 10:18:09,2.6,4.4,105,106
1549,05/31/2020 10:28:09,2.6,4.4,105,105
1550,05/31/2020 10:38:09,2.6,4.4,105,105
1551,05/31/2020 10:48:09,2.6,4.4,105,105
1552,05/31/2020 10:58:09,2.6,4.4,105,105
1553,05/31/2020 11:08:09,2.6,4.4,105,105
1554,05/31/2020 11:18:09,2.6,4.4,104,105
1555,05/31/2020 11:28:09,2.6,4.4,104,104
1556,05/31/2020 11:38:09,2.6,4.4,104,104
1557,05/31/2020 11:48:09,2.6,4.4,104,104
1558,05/31/2020 11:58:09,2.6,4.4,104,104
1559,05/31/2020 12:08:09,2.6,4.4,104,104
1560,05/31/2020 12:18:09,2.6,4.3,103,104
1561,05/31/2020 12:28:09,2.6,4.3,103,103
1562,05/31/2020 12:38:09,2.6,4.3,103,103
1563,05/31/2020 12:48:09,2.6,4.3,103,103
1564,05/31/2020 12:58:09,2.6,4.3,103,103
1565,05/31/2020 13:08:09,2.6,4.3,103,103
1566,05/31/2020 13:18:09,2.6,4.4,103,103
1567,05/31/2020 13:28:09,2.6,4.4,103,103
1568,05/31/2020 13:38:09,2.6,4.4,103,103
1569,05/31/2020 13:48:09,2.6,4.4,103,103
1570,05/31/2020 13:58:09,2.6,4.4,103,103
1571,05/31/2020 14:08:09,2.6,4.4,103,103
1572,05/31/2020 14:18:09,2.6,4.4,103,103
1573,05/31/2020 14:28:09,2.6,4.4,102,103
1574,05/31/2020 14:38:09,2.6,4.4,102,102
1575,05/31/2020 14:48:09,2.6,4.4,102,102
1576,05/31/2020 14:58:09,2.6,4.4,101,101
1577,05/31/2020 15:08:09,2.7,4.4,101,101
1578,05/31/2020 15:18:09,2.7,4.5,101,101
1579,05/31/2020 15:28:09,2.7,4.5,102,102
1580,05/31/2020 15:38:09,2.7,4.5,102,102
1581,05/31/2020 15:48:09,2.7,4.5,102,102
1582,05/31/2020 15:58:09,2.7,4.5,103,103
1583,05/31/2020 16:08:09,2.7,4.5,103,103
1584,05/31/2020 16:18:09,2.7,4.5,103,103
1585,05/31/2020 16:28:09,2.7,4.6,105,104
1586,05/31/2020 16:38:09,2.7,4.6,105,105
1587,05/31/2020 16:48:09,2.7,4.6,105,105
1588,05/31/2020 16:58:09,2.7,4.6,105,105
1589,05/31/2020 17:08:09,2.7,4.6,105,105
1590,05/31/2020 17:18:09,2.7,4.6,105,105
1591,05/31/2020 17:28:09,2.7,4.6,105,105
1592,05/31/2020 17:38:09,2.7,4.6,105,105
1593,05/31/2020 17:48:09,2.7,4.7,104,104
1594,05/31/2020 17:58:09,2.7,4.7,104,104
1595,05/31/2020 18:08:09,2.7,4.7,104,104
1596,05/31/2020 18:18:09,2.7,4.7,104,104
1597,05/31/2020 18:28:09,2.7,4.7,104,104
1598,05/31/2020 18:38:09,2.7,4.7,104,104
1599,05/31/2020 18:48:09,2.7,4.8,104,104
1600,05/31/2020 18:58:09,2.7,4.8,104,104
1601,05/31/2020 19:08:09,2.7,4.8,104,104
1602,05/31/2020 19:18:09,2.7,4.8,104,104
1603,05/31/2020 19:28:09,2.7,4.8,103,104
1604,05/31/2020 19:38:09,2.7,4.9,104,103
1605,05/31/2020 19:48:09,2.7,4.9,103,103
1606,05/31/2020 19:58:09,2.7,4.9,103,103
1607,05/31/2020 20:08:09,2.7,4.9,103,103
1608,05/31/2020 20:18:09,2.7,4.9,103,103
1609,05/31/2020 20:28:09,2.7,5.0,103,103
1610,05/31/2020 20:38:09,2.7,5.0,103,103
1611,05/31/2020 20:48:09,2.7,5.0,103,103
1612,05/31/2020 20:58:09,2.7,5.0,103,103
1613,05/31/2020 21:08:09,2.7,5.0,102,103
1614,05/31/2020 21:18:09,2.7,5.0,102,102
1615,05/31/2020 21:28:09,2.7,5.1,102,102
1616,05/31/2020 21:38:09,2.7,5.1,101,101
1617,05/31/2020 21:48:09,2.7,5.1,101,101
1618,05/31/2020 21:58:09,2.7,5.1,101,101
1619,05/31/2020 22:08:09,2.7,5.1,101,101
1620,05/31/2020 22:18:09,2.7,5.1,102,102
1621,05/31/2020 22:28:09,2.7,5.1,102,102
1622,05/31/2020 22:38:09,2.7,5.2,102,102
1623,05/31/2020 22:48:09,2.7,5.2,102,102
1624,05/31/2020 22:58:09,2.7,5.2,102,102
1625,05/31/2020 23:08:09,2.7,5.2,102,102
1626,05/31/2020 23:18:09,2.7,5.2,102,102
1627,05/31/2020 23:28:09,2.7,5.2,102,102
1628,05/31/2020 23:38:09,2.7,5.2,102,102
1629,05/31/2020 23:48:09,2.7,5.2,101,101
1630,05/31/2020 23:58:09,2.7,5.2,100,100
1631,06/01/2020 00:08:09,2.7,5.2,100,100
1632,06/01/2020 00:18:09,2.7,5.2,100,100
1633,06/01/2020 00:28:09,2.7,5.2,100,100
1634,06/01/2020 00:38:09,2.7,5.2,99,99
1635,06/01/2020 00:48:09,2.7,5.3,99,99
1636,06/01/2020 00:58:09,2.7,5.3,99,99
1637,06/01/2020 01:08:09,2.7,5.3,99,99
1638,06/01/2020 01:18:09,2.7,5.3,99,99
1639,06/01/2020 01:28:09,2.7,5.3,99,99
1640,06/01/2020 01:38:09,2.7,5.3,99,99
1641,06/01/2020 01:48:09,2.7,5.3,99,99
1642,06/01/2020 01:58:09,2.7,5.3,100,99
1643,06/01/2020 02:08:09,2.7,5.3,100,100
1644,06/01/2020 02:18:09,2.7,5.3,100,100
1645,06/01/2020 02:28:09,2.7,5.3,100,100
1646,06/01/2020 02:38:09,2.7,5.3,100,100
1647,06/01/2020 02:48:09,2.8,5.3,100,100
1648,06/01/2020 02:58:09,2.8,5.3,100,100
1649,06/01/2020 03:08:09,2.8,5.3,100,100
1650,06/01/2020 03:18:09,2.8,5.3,100,100
1651,06/01/2020 03:28:09,2.8,5.3,100,100
1652,06/01/2020 03:38:09,2.8,5.2,100,100
1653,06/01/2020 03:48:09,2.8,5.2,100,100
1654,06/01/2020 03:58:09,2.8,5.2,99,99
1655,06/01/2020 04:08:09,2.8,5.2,99,99
1656,06/01/2020 04:18:09,2.8,5.2,99,99
1657,06/01/2020 04:28:09,2.8,5.2,99,99
1658,06/01/2020 04:38:09,2.8,5.2,99,99
1659,06/01/2020 04:48:09,2.8,5.2,98,98
1660,06/01/2020 04:58:09,2.8,5.2,98,98
1661,06/01/2020 05:08:09,2.8,5.2,98,98
1662,06/01/2020 05:18:09,2.8,5.2,98,98
1663,06/01/2020 05:28:09,2.8,5.2,98,98
1664,06/01/2020 05:38:09,2.8,5.2,98,98
1665,06/01/2020 05:48:09,2.8,5.2,98,98
1666,06/01/2020 05:58:09,2.8,5.2,98,98
1667,06/01/2020 06:08:09,2.8,5.2,98,98
1668,06/01/2020 06:18:09,2.8,5.2,98,98
1669,06/01/2020 06:28:09,2.8,5.1,97,98
1670,06/01/2020 06:38:09,2.8,5.1,97,97
1671,06/01/2020 06:48:09,2.8,5.1,97,97
1672,06/01/2020 06:58:09,2.8,5.1,97,97
1673,06/01/2020 07:08:09,2.8,5.1,97,97
1674,06/01/2020 07:18:09,2.8,5.1,97,97
1675,06/01/2020 07:28:09,2.8,5.1,97,97
1676,06/01/2020 07:38:09,2.8,5.1,97,97
1677,06/01/2020 07:48:09,2.8,5.1,97,97
1678,06/01/2020 07:58:09,2.8,5.1,96,97
1679,06/01/2020 08:08:09,2.8,5.1,97,97
1680,06/01/2020 08:18:09,2.8,5.1,97,97
1681,06/01/2020 08:28:09,2.8,5.0,97,97
1682,06/01/2020 08:38:09,2.8,5.0,96,97
1683,06/01/2020 08:48:09,2.8,5.0,96,96
1684,06/01/2020 08:58:09,2.8,5.0,96,96
1685,06/01/2020 09:08:09,2.8,5.0,97,96
1686,06/01/2020 09:18:09,2.8,5.0,96,96
1687,06/01/2020 09:28:09,2.8,5.0,96,96
1688,06/01/2020 09:38:09,2.8,5.0,96,96
1689,06/01/2020 09:48:09,2.8,5.0,96,96
1690,06/01/2020 09:58:09,2.8,5.0,96,96
1691,06/01/2020 10:08:09,2.8,5.0,96,96
1692,06/01/2020 10:18:09,2.8,5.0,96,96
1693,06/01/2020 10:28:09,2.8,5.0,96,96
1694,06/01/2020 10:38:09,2.8,4.9,95,95
1695,06/01/2020 10:48:09,2.8,4.9,95,95
1696,06/01/2020 10:58:09,2.8,4.9,95,95
1697,06/01/2020 11:08:09,2.8,4.9,95,95
1698,06/01/2020 11:18:09,2.8,4.9,95,95
1699,06/01/2020 11:28:09,2.9,4.9,95,95
1700,06/01/2020 11:38:09,2.9,4.9,95,95
1701,06/01/2020 11:48:09,2.9,4.9,95,95
1702,06/01/2020 11:58:09,2.9,4.9,95,95
1703,06/01/2020 12:08:09,2.9,4.9,95,95
1704,06/01/2020 12:18:09,2.9,4.9,94,95
1705,06/01/2020 12:28:09,2.9,4.9,94,94
1706,06/01/2020 12:38:09,2.9,4.9,94,94
1707,06/01/2020 12:48:09,2.9,4.9,94,94
1708,06/01/2020 12:58:09,2.9,4.9,94,94
1709,06/01/2020 13:08:09,2.9,4.9,94,94
1710,06/01/2020 13:18:09,2.9,4.9,94,94
1711,06/01/2020 13:28:09,2.9,4.9,94,94
1712,06/01/2020 13:38:09,2.9,4.9,94,94
1713,06/01/2020 13:48:09,2.9,4.9,94,94
1714,06/01/2020 13:58:09,2.9,4.9,94,94
1715,06/01/2020 14:08:09,2.9,4.9,94,94
1716,06/01/2020 14:18:09,2.9,4.9,94,94
1717,06/01/2020 14:28:09,2.9,4.9,94,94
1718,06/01/2020 14:38:09,2.9,4.9,94,94
1719,06/01/2020 14:48:09,2.9,5.0,94,94
1720,06/01/2020 14:58:09,2.9,5.0,94,94
1721,06/01/2020 15:08:09,2.9,5.0,94,94
1722,06/01/2020 15:18:09,2.9,5.0,94,94
1723,06/01/2020 15:28:09,2.9,5.0,94,94
1724,06/01/2020 15:38:09,2.9,5.0,94,94
1725,06/01/2020 15:48:09,2.9,5.0,94,94
1726,06/01/2020 15:58:09,2.9,5.1,94,94
1727,06/01/2020 16:08:09,2.9,5.1,94,94
1728,06/01/2020 16:18:09,2.9,5.1,94,94
1729,06/01/2020 16:28:09,2.9,5.1,94,94
1730,06/01/2020 16:38:09,2.9,5.1,93,93
1731,06/01/2020 16:48:09,2.9,5.1,93,94
1732,06/01/2020 16:58:09,2.9,5.2,93,94
1733,06/01/2020 17:08:09,2.9,5.2,93,93
1734,06/01/2020 17:18:09,2.9,5.2,93,93
1735,06/01/2020 17:28:09,2.9,5.2,93,93
1736,06/01/2020 17:38:09,2.9,5.3,93,93
1737,06/01/2020 17:48:09,2.9,5.3,93,93
1738,06/01/2020 17:58:09,2.9,5.3,93,93
1739,06/01/2020 18:08:09,2.9,5.3,93,93
1740,06/01/2020 18:18:09,2.9,5.4,93,93
1741,06/01/2020 18:28:09,2.9,5.4,92,92
1742,06/01/2020 18:38:09,2.9,5.4,92,92
1743,06/01/2020 18:48:09,2.9,5.4,92,92
1744,06/01/2020 18:58:09,2.9,5.5,92,92
1745,06/01/2020 19:08:09,2.9,5.5,92,92
1746,06/01/2020 19:18:09,2.9,5.5,92,92
1747,06/01/2020 19:28:09,2.9,5.5,91,91
1748,06/01/2020 19:38:09,2.9,5.5,91,91
1749,06/01/2020 19:48:09,2.9,5.6,90,91
1750,06/01/2020 19:58:09,2.9,5.6,90,90
1751,06/01/2020 20:08:09,2.9,5.6,90,90
1752,06/01/2020 20:18:09,2.9,5.6,90,90
1753,06/01/2020 20:28:09,2.9,5.6,90,90
1754,06/01/2020 20:38:09,2.9,5.6,90,90
1755,06/01/2020 20:48:09,2.9,5.7,90,90
1756,06/01/2020 20:58:09,2.9,5.7,90,90
1757,06/01/2020 21:08:09,3.0,5.7,90,90
1758,06/01/2020 21:18:09,3.0,5.7,90,90
1759,06/01/2020 21:28:09,3.0,5.7,89,89
1760,06/01/2020 21:38:09,3.0,5.7,89,89
1761,06/01/2020 21:48:09,3.0,5.8,89,89
1762,06/01/2020 21:58:09,3.0,5.8,89,89
1763,06/01/2020 22:08:09,3.0,5.8,89,89
1764,06/01/2020 22:18:09,3.0,5.8,89,89
1765,06/01/2020 22:28:09,3.0,5.8,89,89
1766,06/01/2020 22:38:09,3.0,5.8,89,89
1767,06/01/2020 22:48:09,3.0,5.8,89,89
1768,06/01/2020 22:58:09,3.0,5.8,89,89
1769,06/01/2020 23:08:09,3.0,5.8,89,89
1770,06/01/2020 23:18:09,3.0,5.8,89,89
1771,06/01/2020 23:28:09,3.0,5.8,89,89
1772,06/01/2020 23:38:09,3.0,5.8,89,89
1773,06/01/2020 23:48:09,3.0,5.9,89,88
1774,06/01/2020 23:58:09,3.0,5.9,89,88
1775,06/02/2020 00:08:09,3.0,5.9,88,88
1776,06/02/2020 00:18:09,3.0,5.9,88,88
1777,06/02/2020 00:28:09,3.0,5.9,88,88
1778,06/02/2020 00:38:09,3.0,5.9,88,88
1779,06/02/2020 00:48:09,3.0,5.9,89,88
1780,06/02/2020 00:58:09,3.0,5.9,89,88
1781,06/02/2020 01:08:09,3.0,5.9,89,88
1782,06/02/2020 01:18:09,3.0,5.9,88,88
1783,06/02/2020 01:28:09,3.0,5.9,89,88
1784,06/02/2020 01:38:09,3.0,5.9,88,88
1785,06/02/2020 01:48:09,3.0,5.9,88,88
1786,06/02/2020 01:58:09,3.0,5.9,88,88
1787,06/02/2020 02:08:09,3.0,5.9,88,88
1788,06/02/2020 02:18:09,3.0,5.8,88,88
1789,06/02/2020 02:28:09,3.0,5.8,88,88
1790,06/02/2020 02:38:09,3.0,5.8,88,88
1791,06/02/2020 02:48:09,3.0,5.8,88,88
1792,06/02/2020 02:58:09,3.0,5.8,88,88
1793,06/02/2020 03:08:09,3.0,5.8,88,88
1794,06/02/2020 03:18:09,3.0,5.8,88,88
1795,06/02/2020 03:28:09,3.0,5.8,88,88
1796,06/02/2020 03:38:09,3.0,5.8,88,88
1797,06/02/2020 03:48:09,3.0,5.8,88,88
1798,06/02/2020 03:58:09,3.0,5.8,88,88
1799,06/02/2020 04:08:09,3.0,5.8,87,87
1800,06/02/2020 04:18:09,3.0,5.8,87,87
1801,06/02/2020 04:28:09,3.0,5.8,87,87
1802,06/02/2020 04:38:09,3.0,5.7,87,87
1803,06/02/2020 04:48:09,3.0,5.7,87,87
1804,06/02/2020 04:58:09,3.0,5.7,87,87
1805,06/02/2020 05:08:09,3.0,5.7,86,86
1806,06/02/2020 05:18:09,3.0,5.7,86,86
1807,06/02/2020 05:28:09,3.0,5.7,86,86
1808,06/02/2020 05:38:09,3.0,5.7,86,86
1809,06/02/2020 05:48:09,3.0,5.7,86,86
1810,06/02/2020 05:58:09,3.0,5.7,85,86
1811,06/02/2020 06:08:09,3.0,5.7,85,85
1812,06/02/2020 06:18:09,3.1,5.7,85,85
1813,06/02/2020 06:28:09,3.1,5.6,84,85
1814,06/02/2020 06:38:09,3.1,5.6,84,84
1815,06/02/2020 06:48:09,3.1,5.6,84,84
1816,06/02/2020 06:58:09,3.1,5.6,83,84
1817,06/02/2020 07:08:09,3.1,5.6,84,84
1818,06/02/2020 07:18:09,3.1,5.6,83,84
1819,06/02/2020 07:28:09,3.1,5.6,83,83
1820,06/02/2020 07:38:09,3.1,5.6,83,83
1821,06/02/2020 07:48:09,3.1,5.6,83,83
1822,06/02/2020 07:58:09,3.1,5.6,83,83
1823,06/02/2020 08:08:09,3.1,5.6,83,83
1824,06/02/2020 08:18:09,3.1,5.5,82,83
1825,06/02/2020 08:28:09,3.1,5.5,82,83
1826,06/02/2020 08:38:09,3.1,5.5,82,82
1827,06/02/2020 08:48:09,3.1,5.5,82,82
1828,06/02/2020 08:58:09,3.1,5.5,82,82
1829,06/02/2020 09:08:09,3.1,5.5,81,82
1830,06/02/2020 09:18:09,3.1,5.5,81,81
1831,06/02/2020 09:28:09,3.1,5.5,81,81
1832,06/02/2020 09:38:09,3.1,5.5,81,81
1833,06/02/2020 09:48:09,3.1,5.5,81,81
1834,06/02/2020 09:58:09,3.1,5.4,81,81
1835,06/02/2020 10:08:09,3.1,5.4,81,81
1836,06/02/2020 10:18:09,3.1,5.4,80,80
1837,06/02/2020 10:28:09,3.1,5.4,81,80
1838,06/02/2020 10:38:09,3.1,5.4,80,80
1839,06/02/2020 10:48:09,3.1,5.4,80,80
1840,06/02/2020 10:58:09,3.1,5.4,80,80
1841,06/02/2020 11:08:09,3.1,5.4,80,80
1842,06/02/2020 11:18:09,3.1,5.4,80,80
1843,06/02/2020 11:28:09,3.1,5.4,80,80
1844,06/02/2020 11:38:09,3.1,5.4,80,80
1845,06/02/2020 11:48:09,3.1,5.3,80,80
1846,06/02/2020 11:58:09,3.1,5.3,80,80
1847,06/02/2020 12:08:09,3.1,5.3,80,80
1848,06/02/2020 12:18:09,3.1,5.3,79,80
1849,06/02/2020 12:28:09,3.1,5.3,79,79
1850,06/02/2020 12:38:09,3.1,5.3,79,79
1851,06/02/2020 12:48:09,3.1,5.3,79,79
1852,06/02/2020 12:58:09,3.1,5.3,79,79
1853,06/02/2020 13:08:09,3.1,5.3,79,79
1854,06/02/2020 13:18:09,3.1,5.3,79,79
1855,06/02/2020 13:28:09,3.1,5.3,79,79
1856,06/02/2020 13:38:09,3.1,5.3,79,79
1857,06/02/2020 13:48:09,3.1,5.3,79,79
1858,06/02/2020 13:58:09,3.1,5.3,79,79
1859,06/02/2020 14:08:09,3.1,5.3,79,79
1860,06/02/2020 14:18:09,3.1,5.3,79,79
1861,06/02/2020 14:28:09,3.1,5.3,79,79
1862,06/02/2020 14:38:09,3.1,5.4,79,79
1863,06/02/2020 14:48:09,3.1,5.4,79,79
1864,06/02/2020 14:58:09,3.1,5.4,78,78
1865,06/02/2020 15:08:09,3.2,5.4,78,78
1866,06/02/2020 15:18:09,3.2,5.4,78,78
1867,06/02/2020 15:28:09,3.2,5.4,78,79
1868,06/02/2020 15:38:09,3.2,5.4,78,79
1869,06/02/2020 15:48:09,3.2,5.4,78,78
1870,06/02/2020 15:58:09,3.2,5.4,78,78
1871,06/02/2020 16:08:09,3.2,5.5,78,78
1872,06/02/2020 16:18:09,3.2,5.5,78,78
1873,06/02/2020 16:28:09,3.2,5.5,78,78
1874,06/02/2020 16:38:09,3.2,5.5,78,78
1875,06/02/2020 16:48:09,3.2,5.5,78,78
1876,06/02/2020 16:58:09,3.2,5.5,78,78
1877,06/02/2020 17:08:09,3.2,5.5,78,78
1878,06/02/2020 17:18:09,3.2,5.6,77,78
1879,06/02/2020 17:28:09,3.2,5.6,77,77
1880,06/02/2020 17:38:09,3.2,5.6,77,77
1881,06/02/2020 17:48:09,3.2,5.6,77,77
1882,06/02/2020 17:58:09,3.2,5.6,77,77
1883,06/02/2020 18:08:09,3.2,5.6,78,78
1884,06/02/2020 18:18:09,3.2,5.7,78,78
1885,06/02/2020 18:28:09,3.2,5.7,78,78
1886,06/02/2020 18:38:09,3.2,5.7,78,78
1887,06/02/2020 18:48:09,3.2,5.7,78,78
1888,06/02/2020 18:58:09,3.2,5.8,78,78
1889,06/02/2020 19:08:09,3.2,5.8,78,78
1890,06/02/2020 19:18:09,3.2,5.8,77,77
1891,06/02/2020 19:28:09,3.2,5.8,77,77
1892,06/02/2020 19:38:09,3.2,5.8,77,77
1893,06/02/2020 19:48:09,3.2,5.9,77,77
1894,06/02/2020 19:58:09,3.2,5.9,77,77
1895,06/02/2020 20:08:09,3.2,5.9,77,77
1896,06/02/2020 20:18:09,3.2,5.9,77,77
1897,06/02/2020 20:28:09,3.2,5.9,76,76
1898,06/02/2020 20:38:09,3.2,5.9,76,76
1899,06/02/2020 20:48:09,3.2,6.0,76,76
1900,06/02/2020 20:58:09,3.2,6.0,76,76
1901,06/02/2020 21:08:09,3.2,6.0,76,76
1902,06/02/2020 21:18:09,3.2,6.0,76,76
1903,06/02/2020 21:28:09,3.2,6.0,76,76
1904,06/02/2020 21:38:09,3.2,6.0,77,76
1905,06/02/2020 21:48:09,3.2,6.0,78,77
1906,06/02/2020 21:58:09,3.2,6.0,79,78
1907,06/02/2020 22:08:09,3.2,6.0,79,79
1908,06/02/2020 22:18:09,3.2,6.1,79,79
1909,06/02/2020 22:28:09,3.2,6.1,79,79
1910,06/02/2020 22:38:09,3.2,6.1,79,79
1911,06/02/2020 22:48:09,3.2,6.1,79,79
1912,06/02/2020 22:58:09,3.2,6.1,79,79
1913,06/02/2020 23:08:09,3.2,6.1,79,79
1914,06/02/2020 23:18:09,3.2,6.1,79,78
1915,06/02/2020 23:28:09,3.2,6.1,79,79
1916,06/02/2020 23:38:09,3.2,6.1,78,78
1917,06/02/2020 23:48:09,3.2,6.1,78,78
1918,06/02/2020 23:58:09,3.2,6.1,78,78
1919,06/03/2020 00:08:09,3.2,6.1,78,78
1920,06/03/2020 00:18:09,3.2,6.1,78,78
1921,06/03/2020 00:28:09,3.2,6.1,78,78
1922,06/03/2020 00:38:09,3.2,6.1,78,78
1923,06/03/2020 00:48:09,3.2,6.1,78,78
1924,06/03/2020 00:58:09,3.2,6.1,78,78
1925,06/03/2020 01:08:09,3.2,6.1,78,78
1926,06/03/2020 01:18:09,3.2,6.1,78,78
1927,06/03/2020 01:28:09,3.2,6.1,79,78
1928,06/03/2020 01:38:09,3.2,6.1,78,78
1929,06/03/2020 01:48:09,3.2,6.1,78,78
1930,06/03/2020 01:58:09,3.2,6.1,79,78
1931,06/03/2020 02:08:09,3.3,6.1,79,79
1932,06/03/2020 02:18:09,3.3,6.1,79,79
1933,06/03/2020 02:28:09,3.3,6.1,79,79
1934,06/03/2020 02:38:09,3.3,6.1,79,79
1935,06/03/2020 02:48:09,3.3,6.1,79,79
1936,06/03/2020 02:58:09,3.3,6.1,79,79
1937,06/03/2020 03:08:09,3.3,6.0,79,79
1938,06/03/2020 03:18:09,3.3,6.0,79,79
1939,06/03/2020 03:28:09,3.3,6.0,79,79
1940,06/03/2020 03:38:09,3.3,6.0,79,79
1941,06/03/2020 03:48:09,3.3,6.0,79,79
1942,06/03/2020 03:58:09,3.3,6.0,78,79
1943,06/03/2020 04:08:09,3.3,6.0,78,78
1944,06/03/2020 04:18:09,3.3,6.0,78,78
1945,06/03/2020 04:28:09,3.3,6.0,78,78
1946,06/03/2020 04:38:09,3.3,6.0,78,78
1947,06/03/2020 04:48:09,3.3,6.0,78,78
1948,06/03/2020 04:58:09,3.3,5.9,78,78
1949,06/03/2020 05:08:09,3.3,5.9,78,78
1950,06/03/2020 05:18:09,3.3,5.9,78,78
1951,06/03/2020 05:28:09,3.3,5.9,78,78
1952,06/03/2020 05:38:09,3.3,5.9,77,78
1953,06/03/2020 05:48:09,3.3,5.9,77,78
1954,06/03/2020 05:58:09,3.3,5.9,77,77
1955,06/03/2020 06:08:09,3.3,5.9,77,77
1956,06/03/2020 06:18:09,3.3,5.9,77,77
1957,06/03/2020 06:28:09,3.3,5.9,76,76
1958,06/03/2020 06:38:09,3.3,5.8,76,76
1959,06/03/2020 06:48:09,3.3,5.8,76,76
1960,06/03/2020 06:58:09,3.3,5.8,76,76
1961,06/03/2020 07:08:09,3.3,5.8,75,75
1962,06/03/2020 07:18:09,3.3,5.8,75,75
1963,06/03/2020 07:28:09,3.3,5.8,75,75
1964,06/03/2020 07:38:09,3.3,5.8,75,75
1965,06/03/2020 07:48:09,3.3,5.8,75,75
1966,06/03/2020 07:58:09,3.3,5.7,75,75
1967,06/03/2020 08:08:09,3.3,5.7,74,75
1968,06/03/2020 08:18:09,3.3,5.7,74,74
1969,06/03/2020 08:28:09,3.3,5.7,74,74
1970,06/03/2020 08:38:09,3.3,5.7,74,74
1971,06/03/2020 08:48:09,3.3,5.7,73,74
1972,06/03/2020 08:58:09,3.3,5.7,73,73
1973,06/03/2020 09:08:09,3.3,5.6,73,73
1974,06/03/2020 09:18:09,3.3,5.6,73,73
1975,06/03/2020 09:28:09,3.3,5.6,73,73
1976,06/03/2020 09:38:09,3.3,5.6,73,73
1977,06/03/2020 09:48:09,3.3,5.6,73,73
1978,06/03/2020 09:58:09,3.3,5.6,73,73
1979,06/03/2020 10:08:09,3.3,5.6,73,73
1980,06/03/2020 10:18:09,3.3,5.6,72,73
1981,06/03/2020 10:28:09,3.3,5.6,72,72
1982,06/03/2020 10:38:09,3.3,5.6,72,72
1983,06/03/2020 10:48:09,3.4,5.6,72,72
1984,06/03/2020 10:58:09,3.4,5.5,72,72
1985,06/03/2020 11:08:09,3.4,5.5,72,72
1986,06/03/2020 11:18:09,3.4,5.5,72,72
1987,06/03/2020 11:28:09,3.4,5.5,72,72
1988,06/03/2020 11:38:09,3.4,5.5,73,72
1989,06/03/2020 11:48:09,3.4,5.5,72,72
1990,06/03/2020 11:58:09,3.4,5.5,72,72
1991,06/03/2020 12:08:09,3.4,5.5,72,72
1992,06/03/2020 12:18:09,3.4,5.5,73,72
1993,06/03/2020 12:28:09,3.4,5.5,72,72
1994,06/03/2020 12:38:09,3.4,5.5,72,72
1995,06/03/2020 12:48:09,3.4,5.5,72,72
1996,06/03/2020 12:58:09,3.4,5.5,72,72
1997,06/03/2020 13:08:09,3.4,5.5,72,72
1998,06/03/2020 13:18:09,3.4,5.5,72,72
1999,06/03/2020 13:28:09,3.4,5.5,72,72
2000,06/03/2020 13:38:09,3.4,5.5,72,72
2001,06/03/2020 13:48:09,3.4,5.5,72,72
2002,06/03/2020 13:58:09,3.4,5.5,72,72
2003,06/03/2020 14:08:09,3.4,5.5,72,72
2004,06/03/2020 14:18:09,3.4,5.5,73,72
2005,06/03/2020 14:28:09,3.4,5.5,72,72
2006,06/03/2020 14:38:09,3.4,5.5,72,72
2007,06/03/2020 14:48:09,3.4,5.5,72,72
2008,06/03/2020 14:58:09,3.4,5.5,72,72
2009,06/03/2020 15:08:09,3.4,5.5,72,72
2010,06/03/2020 15:18:09,3.4,5.5,72,72
2011,06/03/2020 15:28:09,3.4,5.5,72,72
2012,06/03/2020 15:38:09,3.4,5.5,72,72
2013,06/03/2020 15:48:09,3.4,5.5,72,72
2014,06/03/2020 15:58:09,3.4,5.5,72,72
2015,06/03/2020 16:08:09,3.4,5.5,72,72
2016,06/03/2020 16:18:09,3.4,5.5,72,72
2017,06/03/2020 16:28:09,3.4,5.5,72,72
2018,06/03/2020 16:38:09,3.4,5.6,72,72
2019,06/03/2020 16:48:09,3.4,5.6,72,72
2020,06/03/2020 16:58:09,3.4,5.6,72,72
2021,06/03/2020 17:08:09,3.4,5.6,72,72
2022,06/03/2020 17:18:09,3.4,5.6,72,72
2023,06/03/2020 17:28:09,3.4,5.6,72,72
2024,06/03/2020 17:38:09,3.4,5.6,72,72
2025,06/03/2020 17:48:09,3.4,5.6,72,72
2026,06/03/2020 17:58:09,3.4,5.6,72,72
2027,06/03/2020 18:08:09,3.4,5.7,72,72
2028,06/03/2020 18:18:09,3.4,5.7,72,72
2029,06/03/2020 18:28:09,3.4,5.7,72,72
2030,06/03/2020 18:38:09,3.4,5.7,72,72
2031,06/03/2020 18:48:09,3.4,5.7,72,72
2032,06/03/2020 18:58:09,3.4,5.7,72,72
2033,06/03/2020 19:08:09,3.4,5.7,73,73
2034,06/03/2020 19:18:09,3.5,5.8,73,73
2035,06/03/2020 19:28:09,3.5,5.8,73,73
2036,06/03/2020 19:38:09,3.5,5.8,73,73
2037,06/03/2020 19:48:09,3.5,5.8,73,73
2038,06/03/2020 19:58:09,3.5,5.8,73,73
2039,06/03/2020 20:08:09,3.5,5.8,73,73
2040,06/03/2020 20:18:09,3.5,5.8,73,73
2041,06/03/2020 20:28:09,3.5,5.8,73,73
2042,06/03/2020 20:38:09,3.5,5.9,73,73
2043,06/03/2020 20:48:09,3.5,5.9,73,73
2044,06/03/2020 20:58:09,3.5,5.9,73,73
2045,06/03/2020 21:08:09,3.5,5.9,73,73
2046,06/03/2020 21:18:09,3.5,5.9,73,73
2047,06/03/2020 21:28:09,3.5,5.9,73,73
2048,06/03/2020 21:38:09,3.5,5.9,73,73
2049,06/03/2020 21:48:09,3.5,5.9,73,73
2050,06/03/2020 21:58:09,3.5,5.9,73,73
2051,06/03/2020 22:08:09,3.5,5.9,73,73
2052,06/03/2020 22:18:09,3.5,5.9,73,73
2053,06/03/2020 22:28:09,3.5,5.9,73,73
2054,06/03/2020 22:38:09,3.5,5.9,73,73
2055,06/03/2020 22:48:09,3.5,5.9,73,73
2056,06/03/2020 22:58:09,3.5,6.0,73,73
2057,06/03/2020 23:08:09,3.5,6.0,73,73
2058,06/03/2020 23:18:09,3.5,6.0,73,73
2059,06/03/2020 23:28:09,3.5,6.0,73,73
2060,06/03/2020 23:38:09,3.5,6.0,73,73
2061,06/03/2020 23:48:09,3.5,6.0,73,73
2062,06/03/2020 23:58:09,3.5,6.0,73,73
2063,06/04/2020 00:08:09,3.5,6.0,72,72
2064,06/04/2020 00:18:09,3.5,6.0,72,72
2065,06/04/2020 00:28:09,3.5,6.0,72,72
2066,06/04/2020 00:38:09,3.5,6.0,72,72
2067,06/04/2020 00:48:09,3.5,6.0,72,72
2068,06/04/2020 00:58:09,3.5,6.0,72,72
2069,06/04/2020 01:08:09,3.5,6.0,72,72
2070,06/04/2020 01:18:09,3.5,6.0,72,72
2071,06/04/2020 01:28:09,3.5,6.0,72,72
2072,06/04/2020 01:38:09,3.5,6.0,72,72
2073,06/04/2020 01:48:09,3.5,6.0,72,72
2074,06/04/2020 01:58:09,3.5,5.9,72,72
2075,06/04/2020 02:08:09,3.5,5.9,72,72
2076,06/04/2020 02:18:09,3.5,5.9,72,72
2077,06/04/2020 02:28:09,3.5,5.9,72,72
2078,06/04/2020 02:38:09,3.5,5.9,72,72
2079,06/04/2020 02:48:09,3.5,5.9,72,72
2080,06/04/2020 02:58:09,3.5,5.9,72,72
2081,06/04/2020 03:08:09,3.5,5.9,72,72
2082,06/04/2020 03:18:09,3.5,5.9,72,72
2083,06/04/2020 03:28:09,3.5,5.9,72,72
2084,06/04/2020 03:38:09,3.5,5.9,72,72
2085,06/04/2020 03:48:09,3.5,5.9,72,72
2086,06/04/2020 03:58:09,3.5,5.9,72,72
2087,06/04/2020 04:08:09,3.5,5.9,72,72
2088,06/04/2020 04:18:09,3.5,5.9,71,71
2089,06/04/2020 04:28:09,3.5,5.9,71,71
2090,06/04/2020 04:38:09,3.5,5.9,71,71
2091,06/04/2020 04:48:09,3.5,5.9,72,71
2092,06/04/2020 04:58:09,3.5,5.9,71,71
2093,06/04/2020 05:08:09,3.5,5.9,71,71
2094,06/04/2020 05:18:09,3.5,5.8,71,71
2095,06/04/2020 05:28:09,3.5,5.8,71,71
2096,06/04/2020 05:38:09,3.5,5.8,71,71
2097,06/04/2020 05:48:09,3.5,5.8,71,71
2098,06/04/2020 05:58:09,3.6,5.8,71,71
2099,06/04/2020 06:08:09,3.6,5.8,71,71
2100,06/04/2020 06:18:09,3.6,5.8,71,71
2101,06/04/2020 06:28:09,3.6,5.8,71,71
2102,06/04/2020 06:38:09,3.6,5.8,71,71
2103,06/04/2020 06:48:09,3.6,5.8,71,71
2104,06/04/2020 06:58:09,3.6,5.7,71,71
2105,06/04/2020 07:08:09,3.6,5.7,70,70
2106,06/04/2020 07:18:09,3.6,5.7,70,70
2107,06/04/2020 07:28:09,3.6,5.7,69,70
2108,06/04/2020 07:38:09,3.6,5.7,70,69
2109,06/04/2020 07:48:09,3.6,5.7,69,70
2110,06/04/2020 07:58:09,3.6,5.7,69,69
2111,06/04/2020 08:08:09,3.6,5.7,69,69
2112,06/04/2020 08:18:09,3.6,5.7,69,69
2113,06/04/2020 08:28:09,3.6,5.6,69,69
2114,06/04/2020 08:38:09,3.6,5.6,69,69
2115,06/04/2020 08:48:09,3.6,5.6,69,69
2116,06/04/2020 08:58:09,3.6,5.6,69,69
2117,06/04/2020 09:08:09,3.6,5.6,69,69
2118,06/04/2020 09:18:09,3.6,5.6,69,69
2119,06/04/2020 09:28:09,3.6,5.6,69,69
