Plot Title: 10778332,,,,
ID,datetime,low_range_uScm,full_range_uScm,temp_C
1,6/2/21 13:30,21.5,18.5,2.55
2,6/2/21 13:35,21.3,18.2,2.48
3,6/2/21 13:40,21.3,18.2,2.48
4,6/2/21 13:45,21.3,18.5,2.51
5,6/2/21 13:50,21.3,18.2,2.51
6,6/2/21 13:55,21.3,18.2,2.5
7,6/2/21 14:00,21.3,18.2,2.48
8,6/2/21 14:05,21.3,18.2,2.51
9,6/2/21 14:10,21.3,18.2,2.48
10,6/2/21 14:15,21.3,18.2,2.5
11,6/2/21 14:20,21.3,18.2,2.5
12,6/2/21 14:25,21.3,18.2,2.5
13,6/2/21 14:30,21.3,18.2,2.51
14,6/2/21 14:35,21.3,18.2,2.51
15,6/2/21 14:40,21.3,18.5,2.52
16,6/2/21 14:45,21.3,18.2,2.5
17,6/2/21 14:50,21.3,18.2,2.5
18,6/2/21 14:55,21.3,18.2,2.5
19,6/2/21 15:00,21.3,18.2,2.5
20,6/2/21 15:05,21.3,18.2,2.5
21,6/2/21 15:10,21.3,18.2,2.48
22,6/2/21 15:15,21.3,18.2,2.47
23,6/2/21 15:20,21.3,18.5,2.47
24,6/2/21 15:25,21.3,18.2,2.47
25,6/2/21 15:30,21.3,18.2,2.46
26,6/2/21 15:35,21.3,18.2,2.46
27,6/2/21 15:40,21.3,18.2,2.51
28,6/2/21 15:45,21.3,18.2,2.46
29,6/2/21 15:50,21.3,18.2,2.48
30,6/2/21 15:55,21.3,18.2,2.48
31,6/2/21 16:00,21.3,18.2,2.47
32,6/2/21 16:05,21.4,18.2,2.5
33,6/2/21 16:10,21.4,18.2,2.5
34,6/2/21 16:15,21.3,18.2,2.46
35,6/2/21 16:20,21.5,18.2,2.46
36,6/2/21 16:25,21.5,18.2,2.46
37,6/2/21 16:30,21.5,18.2,2.5
38,6/2/21 16:35,21.5,18.2,2.5
39,6/2/21 16:40,21.6,18.2,2.5
40,6/2/21 16:45,21.6,18.2,2.47
41,6/2/21 16:50,21.7,18.2,2.48
42,6/2/21 16:55,21.8,18.5,2.5
43,6/2/21 17:00,21.8,18.9,2.47
44,6/2/21 17:05,21.8,18.9,2.46
45,6/2/21 17:10,21.9,18.9,2.48
46,6/2/21 17:15,21.9,18.9,2.47
47,6/2/21 17:20,22,19.3,2.46
48,6/2/21 17:25,22.1,19.3,2.46
49,6/2/21 17:30,22.2,18.9,2.47
50,6/2/21 17:35,22.3,19.3,2.46
51,6/2/21 17:40,22.5,19.3,2.46
52,6/2/21 17:45,22.6,19.3,2.47
53,6/2/21 17:50,22.7,19.3,2.44
54,6/2/21 17:55,22.9,19.3,2.44
55,6/2/21 18:00,23,19.3,2.47
56,6/2/21 18:05,23.1,19.7,2.44
57,6/2/21 18:10,23.2,19.7,2.44
58,6/2/21 18:15,23.4,20.1,2.43
59,6/2/21 18:20,23.5,20.4,2.44
60,6/2/21 18:25,23.6,20.4,2.46
61,6/2/21 18:30,23.8,20.4,2.42
62,6/2/21 18:35,24,20.4,2.43
63,6/2/21 18:40,24.1,20.4,2.43
64,6/2/21 18:45,24.3,20.8,2.43
65,6/2/21 18:50,24.4,20.8,2.43
66,6/2/21 18:55,24.6,20.8,2.42
67,6/2/21 19:00,24.7,21.2,2.42
68,6/2/21 19:05,25,21.6,2.42
69,6/2/21 19:10,25.1,21.6,2.4
70,6/2/21 19:15,25.4,21.9,2.42
71,6/2/21 19:20,25.5,21.9,2.42
72,6/2/21 19:25,25.6,21.9,2.43
73,6/2/21 19:30,25.9,22.3,2.39
74,6/2/21 19:35,26.1,22.3,2.39
75,6/2/21 19:40,26.3,22.7,2.4
76,6/2/21 19:45,26.4,22.7,2.39
77,6/2/21 19:50,26.6,22.7,2.39
78,6/2/21 19:55,26.9,23.1,2.39
79,6/2/21 20:00,27,23.1,2.38
80,6/2/21 20:05,27.2,23.5,2.39
81,6/2/21 20:10,27.4,23.5,2.35
82,6/2/21 20:15,27.7,23.8,2.36
83,6/2/21 20:20,27.8,23.8,2.35
84,6/2/21 20:25,28,24.2,2.34
85,6/2/21 20:30,28.3,24.6,2.34
86,6/2/21 20:35,28.5,24.6,2.35
87,6/2/21 20:40,28.7,24.6,2.34
88,6/2/21 20:45,28.9,25,2.35
89,6/2/21 20:50,29.1,25,2.34
90,6/2/21 20:55,29.3,25.4,2.35
91,6/2/21 21:00,29.5,25.4,2.34
92,6/2/21 21:05,29.7,25.7,2.31
93,6/2/21 21:10,30,25.7,2.31
94,6/2/21 21:15,30.2,26.1,2.36
95,6/2/21 21:20,30.3,26.1,2.34
96,6/2/21 21:25,30.6,26.5,2.32
97,6/2/21 21:30,30.7,26.9,2.31
98,6/2/21 21:35,31,26.9,2.31
99,6/2/21 21:40,31.2,27.3,2.3
100,6/2/21 21:45,31.5,27.3,2.31
101,6/2/21 21:50,31.6,27.6,2.3
102,6/2/21 21:55,31.9,28,2.3
103,6/2/21 22:00,32,28,2.28
104,6/2/21 22:05,32.3,28,2.28
105,6/2/21 22:10,32.5,28.4,2.27
106,6/2/21 22:15,32.7,28.4,2.27
107,6/2/21 22:20,32.9,28.8,2.25
108,6/2/21 22:25,33.1,28.8,2.24
109,6/2/21 22:30,33.3,29.2,2.24
110,6/2/21 22:35,33.5,29.2,2.25
111,6/2/21 22:40,33.8,29.5,2.25
112,6/2/21 22:45,34,29.5,2.24
113,6/2/21 22:50,34.2,29.9,2.24
114,6/2/21 22:55,34.4,30.3,2.24
115,6/2/21 23:00,34.6,30.3,2.23
116,6/2/21 23:05,34.8,30.3,2.21
117,6/2/21 23:10,35.1,30.7,2.24
118,6/2/21 23:15,35.2,31,2.23
119,6/2/21 23:20,35.4,31,2.23
120,6/2/21 23:25,35.6,31.4,2.23
121,6/2/21 23:30,35.8,31.4,2.21
122,6/2/21 23:35,36,31.8,2.21
123,6/2/21 23:40,36.2,31.8,2.23
124,6/2/21 23:45,36.4,32.2,2.21
125,6/2/21 23:50,36.6,32.2,2.21
126,6/2/21 23:55,36.7,32.2,2.2
127,6/3/21 0:00,37,32.6,2.2
128,6/3/21 0:05,37.1,32.6,2.2
129,6/3/21 0:10,37.3,32.9,2.2
130,6/3/21 0:15,37.4,32.9,2.2
131,6/3/21 0:20,37.6,33.7,2.2
132,6/3/21 0:25,37.9,33.7,2.21
133,6/3/21 0:30,38,33.7,2.19
134,6/3/21 0:35,38.2,33.7,2.19
135,6/3/21 0:40,38.4,33.7,2.2
136,6/3/21 0:45,38.5,34.1,2.19
137,6/3/21 0:50,38.7,34.1,2.19
138,6/3/21 0:55,38.9,34.5,2.19
139,6/3/21 1:00,39,34.5,2.19
140,6/3/21 1:05,39.3,35.2,2.21
141,6/3/21 1:10,39.4,35.2,2.17
142,6/3/21 1:15,39.5,35.6,2.17
143,6/3/21 1:20,39.7,35.6,2.17
144,6/3/21 1:25,39.9,35.6,2.19
145,6/3/21 1:30,40,35.6,2.16
146,6/3/21 1:35,40.2,36,2.17
147,6/3/21 1:40,40.2,36,2.17
148,6/3/21 1:45,40.5,36.4,2.17
149,6/3/21 1:50,40.6,36.4,2.16
150,6/3/21 1:55,40.8,36.7,2.17
151,6/3/21 2:00,41,36.7,2.16
152,6/3/21 2:05,41.2,36.7,2.17
153,6/3/21 2:10,41.2,37.1,2.17
154,6/3/21 2:15,41.4,37.1,2.16
155,6/3/21 2:20,41.5,37.5,2.16
156,6/3/21 2:25,41.7,37.5,2.15
157,6/3/21 2:30,41.8,37.5,2.17
158,6/3/21 2:35,41.9,37.9,2.16
159,6/3/21 2:40,42.1,37.9,2.16
160,6/3/21 2:45,42.3,37.9,2.16
161,6/3/21 2:50,42.4,38.3,2.16
162,6/3/21 2:55,42.4,38.3,2.16
163,6/3/21 3:00,42.5,38.3,2.16
164,6/3/21 3:05,42.7,38.6,2.15
165,6/3/21 3:10,42.8,38.6,2.15
166,6/3/21 3:15,42.9,38.6,2.15
167,6/3/21 3:20,43,39,2.15
168,6/3/21 3:25,43.1,39,2.16
169,6/3/21 3:30,43.2,39,2.13
170,6/3/21 3:35,43.4,39,2.15
171,6/3/21 3:40,43.6,39.4,2.16
172,6/3/21 3:45,43.8,39.4,2.15
173,6/3/21 3:50,43.8,39.4,2.13
174,6/3/21 3:55,44,39.8,2.15
175,6/3/21 4:00,44.1,39.8,2.15
176,6/3/21 4:05,44.1,39.8,2.13
177,6/3/21 4:10,44.2,39.8,2.13
178,6/3/21 4:15,44.3,39.8,2.13
179,6/3/21 4:20,44.3,40.2,2.12
180,6/3/21 4:25,44.3,40.2,2.12
181,6/3/21 4:30,44.6,40.2,2.13
182,6/3/21 4:35,44.6,40.2,2.13
183,6/3/21 4:40,44.7,40.2,2.13
184,6/3/21 4:45,44.7,40.5,2.13
185,6/3/21 4:50,44.7,40.5,2.12
186,6/3/21 4:55,44.8,40.5,2.13
187,6/3/21 5:00,44.9,40.5,2.12
188,6/3/21 5:05,45.1,40.9,2.12
189,6/3/21 5:10,45.2,40.9,2.12
190,6/3/21 5:15,45.4,40.9,2.12
191,6/3/21 5:20,45.4,40.9,2.11
192,6/3/21 5:25,45.5,40.9,2.12
193,6/3/21 5:30,45.5,41.3,2.12
194,6/3/21 5:35,45.6,41.3,2.12
195,6/3/21 5:40,45.6,41.3,2.12
196,6/3/21 5:45,45.6,41.3,2.12
197,6/3/21 5:50,45.7,41.3,2.12
198,6/3/21 5:55,45.8,41.7,2.12
199,6/3/21 6:00,45.9,41.7,2.12
200,6/3/21 6:05,45.9,41.7,2.12
201,6/3/21 6:10,45.9,41.7,2.12
202,6/3/21 6:15,46,41.7,2.12
203,6/3/21 6:20,46,41.7,2.12
204,6/3/21 6:25,46.1,42.1,2.12
205,6/3/21 6:30,46.2,42.1,2.12
206,6/3/21 6:35,46.2,42.1,2.13
207,6/3/21 6:40,46.4,42.1,2.13
208,6/3/21 6:45,46.4,42.4,2.13
209,6/3/21 6:50,46.5,42.4,2.13
210,6/3/21 6:55,46.7,42.4,2.13
211,6/3/21 7:00,46.7,42.4,2.15
212,6/3/21 7:05,46.7,42.4,2.15
213,6/3/21 7:10,46.9,42.4,2.13
214,6/3/21 7:15,46.9,42.4,2.13
215,6/3/21 7:20,46.9,42.4,2.15
216,6/3/21 7:25,46.9,42.4,2.16
217,6/3/21 7:30,46.9,42.4,2.15
218,6/3/21 7:35,47.1,42.8,2.16
219,6/3/21 7:40,47.2,42.8,2.16
220,6/3/21 7:45,47.2,42.8,2.16
221,6/3/21 7:50,47.2,43.2,2.16
222,6/3/21 7:55,47.2,42.8,2.16
223,6/3/21 8:00,47.3,43.2,2.17
224,6/3/21 8:05,47.3,42.8,2.19
225,6/3/21 8:10,47.3,42.8,2.17
226,6/3/21 8:15,47.4,42.8,2.19
227,6/3/21 8:20,47.3,42.8,2.2
228,6/3/21 8:25,47.4,42.8,2.2
229,6/3/21 8:30,47.3,43.2,2.21
230,6/3/21 8:35,47.3,42.8,2.21
231,6/3/21 8:40,47.4,42.8,2.23
232,6/3/21 8:45,47.4,43.2,2.21
233,6/3/21 8:50,47.4,42.8,2.24
234,6/3/21 8:55,47.4,43.2,2.25
235,6/3/21 9:00,47.4,43.6,2.24
236,6/3/21 9:05,47.5,43.2,2.27
237,6/3/21 9:10,47.6,43.6,2.28
238,6/3/21 9:15,47.6,43.6,2.3
239,6/3/21 9:20,47.6,43.6,2.31
240,6/3/21 9:25,47.6,43.6,2.3
241,6/3/21 9:30,47.7,43.6,2.32
242,6/3/21 9:35,47.7,43.6,2.35
243,6/3/21 9:40,47.7,43.6,2.38
244,6/3/21 9:45,47.8,43.6,2.39
245,6/3/21 9:50,47.8,43.6,2.4
246,6/3/21 9:55,47.8,43.9,2.44
247,6/3/21 10:00,47.9,43.6,2.46
248,6/3/21 10:05,47.9,43.6,2.47
249,6/3/21 10:10,47.9,43.9,2.48
250,6/3/21 10:15,48,43.9,2.51
251,6/3/21 10:20,48.2,43.9,2.55
252,6/3/21 10:25,48.1,43.9,2.56
253,6/3/21 10:30,48.3,43.9,2.6
254,6/3/21 10:35,48.3,44.3,2.63
255,6/3/21 10:40,48.3,44.3,2.62
256,6/3/21 10:45,48.4,44.3,2.7
257,6/3/21 10:50,48.4,44.3,2.68
258,6/3/21 10:55,48.4,44.3,2.72
259,6/3/21 11:00,48.4,44.3,2.74
260,6/3/21 11:05,48.5,44.3,2.74
261,6/3/21 11:10,48.5,44.7,2.76
262,6/3/21 11:15,48.6,44.3,2.78
263,6/3/21 11:20,48.6,44.7,2.83
264,6/3/21 11:25,48.7,44.7,2.87
265,6/3/21 11:30,48.6,44.7,2.84
266,6/3/21 11:35,48.7,44.7,2.91
267,6/3/21 11:40,48.9,44.7,2.91
268,6/3/21 11:45,48.9,44.7,2.94
269,6/3/21 11:50,48.9,44.7,2.98
270,6/3/21 11:55,49,45,3.02
271,6/3/21 12:00,49,45.1,2.98
272,6/3/21 12:05,48.9,45.1,2.95
273,6/3/21 12:10,49,44.7,2.98
274,6/3/21 12:15,49.1,45,3
275,6/3/21 12:20,49.2,45,3.06
276,6/3/21 12:25,49.2,45,3.1
277,6/3/21 12:30,49.2,45.4,3.07
278,6/3/21 12:35,49.3,45.4,3.11
279,6/3/21 12:40,49.3,45,3.07
280,6/3/21 12:45,49.2,45,3.06
281,6/3/21 12:50,49.2,45.4,3.08
282,6/3/21 12:55,49.2,45,3.07
283,6/3/21 13:00,49.2,45,3.08
284,6/3/21 13:05,49.4,45.4,3.18
285,6/3/21 13:10,49.2,45,3.04
286,6/3/21 13:15,49.1,45,3
287,6/3/21 13:20,49,45.1,2.95
288,6/3/21 13:25,49.1,44.7,3.03
289,6/3/21 13:30,48.9,44.7,2.94
290,6/3/21 13:35,48.9,44.7,2.94
291,6/3/21 13:40,48.9,44.7,2.92
292,6/3/21 13:45,48.9,45.1,2.95
293,6/3/21 13:50,49,45.1,2.98
294,6/3/21 13:55,48.9,45.1,2.94
295,6/3/21 14:00,49,45.1,2.98
296,6/3/21 14:05,48.9,44.7,2.94
297,6/3/21 14:10,48.9,44.7,2.96
298,6/3/21 14:15,48.8,44.7,2.91
299,6/3/21 14:20,48.7,44.7,2.9
300,6/3/21 14:25,48.6,44.7,2.88
301,6/3/21 14:30,48.7,44.3,2.92
302,6/3/21 14:35,48.8,44.7,2.98
303,6/3/21 14:40,48.7,44.7,2.95
304,6/3/21 14:45,48.7,44.7,2.99
305,6/3/21 14:50,48.7,44.7,3.02
306,6/3/21 14:55,48.7,44.3,3
307,6/3/21 15:00,48.7,44.7,3.03
308,6/3/21 15:05,48.8,44.7,3.04
309,6/3/21 15:10,48.7,44.7,3.04
310,6/3/21 15:15,48.6,44.7,3.03
311,6/3/21 15:20,48.6,44.7,3.03
312,6/3/21 15:25,48.6,44.7,3.03
313,6/3/21 15:30,48.6,44.3,3.02
314,6/3/21 15:35,48.5,44.7,2.95
315,6/3/21 15:40,48.3,44.3,2.95
316,6/3/21 15:45,48.3,44.3,2.91
317,6/3/21 15:50,48.4,44.3,3
318,6/3/21 15:55,48.3,44.3,2.92
319,6/3/21 16:00,48.3,44.3,2.94
320,6/3/21 16:05,48.2,43.9,2.9
321,6/3/21 16:10,48.1,43.9,2.9
322,6/3/21 16:15,48.1,43.9,2.86
323,6/3/21 16:20,48.1,43.9,2.86
324,6/3/21 16:25,48,43.9,2.87
325,6/3/21 16:30,48,43.5,2.87
326,6/3/21 16:35,47.9,43.9,2.84
327,6/3/21 16:40,47.9,43.9,2.83
328,6/3/21 16:45,47.9,43.9,2.84
329,6/3/21 16:50,47.9,43.9,2.83
330,6/3/21 16:55,47.8,43.9,2.83
331,6/3/21 17:00,47.8,43.9,2.84
332,6/3/21 17:05,47.7,43.9,2.83
333,6/3/21 17:10,47.8,43.5,2.84
334,6/3/21 17:15,47.7,43.5,2.84
335,6/3/21 17:20,47.7,43.5,2.82
336,6/3/21 17:25,47.7,43.5,2.84
337,6/3/21 17:30,47.6,43.5,2.82
338,6/3/21 17:35,47.6,43.5,2.82
339,6/3/21 17:40,47.6,43.2,2.82
340,6/3/21 17:45,47.5,43.5,2.83
341,6/3/21 17:50,47.6,43.5,2.83
342,6/3/21 17:55,47.5,43.5,2.84
343,6/3/21 18:00,47.5,43.5,2.84
344,6/3/21 18:05,47.4,43.5,2.86
345,6/3/21 18:10,47.3,43.2,2.83
346,6/3/21 18:15,47.4,43.2,2.82
347,6/3/21 18:20,47.4,43.5,2.83
348,6/3/21 18:25,47.3,43.2,2.82
349,6/3/21 18:30,47.3,42.8,2.84
350,6/3/21 18:35,47.3,43.2,2.8
351,6/3/21 18:40,47.3,42.8,2.8
352,6/3/21 18:45,47.3,42.8,2.82
353,6/3/21 18:50,47.3,42.8,2.84
354,6/3/21 18:55,47.2,42.8,2.84
355,6/3/21 19:00,47.2,42.8,2.83
356,6/3/21 19:05,47.2,42.8,2.84
357,6/3/21 19:10,47.2,42.8,2.82
358,6/3/21 19:15,47.1,42.8,2.79
359,6/3/21 19:20,47.1,42.4,2.8
360,6/3/21 19:25,47,42.8,2.79
361,6/3/21 19:30,46.9,42.4,2.78
362,6/3/21 19:35,46.9,42.4,2.75
363,6/3/21 19:40,46.8,42.4,2.75
364,6/3/21 19:45,46.6,42.4,2.74
365,6/3/21 19:50,46.6,42.4,2.76
366,6/3/21 19:55,46.6,42.4,2.74
367,6/3/21 20:00,46.5,42.4,2.72
368,6/3/21 20:05,46.4,42.4,2.7
369,6/3/21 20:10,46.3,42,2.68
370,6/3/21 20:15,46.3,42.4,2.68
371,6/3/21 20:20,46.2,42.4,2.64
372,6/3/21 20:25,46.2,42,2.66
373,6/3/21 20:30,46.2,42,2.64
374,6/3/21 20:35,46.1,42,2.63
375,6/3/21 20:40,46,41.7,2.63
376,6/3/21 20:45,46,42,2.63
377,6/3/21 20:50,45.9,41.7,2.59
378,6/3/21 20:55,45.8,41.3,2.58
379,6/3/21 21:00,45.8,41.3,2.59
380,6/3/21 21:05,45.7,41.3,2.58
381,6/3/21 21:10,45.6,41.7,2.58
382,6/3/21 21:15,45.6,41.3,2.58
383,6/3/21 21:20,45.6,41.7,2.56
384,6/3/21 21:25,45.6,41.3,2.56
385,6/3/21 21:30,45.6,41.3,2.52
386,6/3/21 21:35,45.5,41.3,2.54
387,6/3/21 21:40,45.4,41.3,2.54
388,6/3/21 21:45,45.4,41.3,2.52
389,6/3/21 21:50,45.4,40.9,2.52
390,6/3/21 21:55,45.3,40.9,2.51
391,6/3/21 22:00,45.2,40.9,2.51
392,6/3/21 22:05,45.2,40.9,2.51
393,6/3/21 22:10,45.1,40.9,2.48
394,6/3/21 22:15,45.1,40.9,2.48
395,6/3/21 22:20,45.1,40.5,2.48
396,6/3/21 22:25,45.1,40.9,2.51
397,6/3/21 22:30,45,40.5,2.47
398,6/3/21 22:35,45,40.5,2.47
399,6/3/21 22:40,45.1,40.5,2.46
400,6/3/21 22:45,45,40.9,2.46
401,6/3/21 22:50,45,40.5,2.47
402,6/3/21 22:55,44.9,40.9,2.46
403,6/3/21 23:00,44.8,40.5,2.46
404,6/3/21 23:05,44.8,40.5,2.47
405,6/3/21 23:10,44.7,40.5,2.44
406,6/3/21 23:15,44.7,40.5,2.44
407,6/3/21 23:20,44.6,40.5,2.43
408,6/3/21 23:25,44.6,40.1,2.42
409,6/3/21 23:30,44.7,40.1,2.42
410,6/3/21 23:35,44.6,40.5,2.43
411,6/3/21 23:40,44.6,40.5,2.42
412,6/3/21 23:45,44.5,40.1,2.44
413,6/3/21 23:50,44.5,40.1,2.4
414,6/3/21 23:55,44.5,40.1,2.43
415,6/4/21 0:00,44.5,39.8,2.43
416,6/4/21 0:05,44.4,40.1,2.43
417,6/4/21 0:10,44.3,40.1,2.42
418,6/4/21 0:15,44.3,39.8,2.43
419,6/4/21 0:20,44.3,39.8,2.42
420,6/4/21 0:25,44.2,40.1,2.4
421,6/4/21 0:30,44.2,39.8,2.42
422,6/4/21 0:35,44.1,39.8,2.42
423,6/4/21 0:40,44,39.8,2.4
424,6/4/21 0:45,44,39.8,2.42
425,6/4/21 0:50,44,39.8,2.4
426,6/4/21 0:55,44,39.8,2.4
427,6/4/21 1:00,44,39.8,2.4
428,6/4/21 1:05,44,39.8,2.38
429,6/4/21 1:10,44,39.8,2.42
430,6/4/21 1:15,44,39.4,2.39
431,6/4/21 1:20,44,39.8,2.38
432,6/4/21 1:25,43.9,39.8,2.38
433,6/4/21 1:30,43.8,39.4,2.4
434,6/4/21 1:35,43.8,39.4,2.38
435,6/4/21 1:40,43.7,39.4,2.38
436,6/4/21 1:45,43.5,39.4,2.38
437,6/4/21 1:50,43.6,39.4,2.38
438,6/4/21 1:55,43.5,39.4,2.36
439,6/4/21 2:00,43.4,39.4,2.35
440,6/4/21 2:05,43.4,39.4,2.35
441,6/4/21 2:10,43.4,39,2.35
442,6/4/21 2:15,43.3,39,2.35
443,6/4/21 2:20,43.3,39,2.35
444,6/4/21 2:25,43.3,39,2.35
445,6/4/21 2:30,43.2,39,2.35
446,6/4/21 2:35,43.2,39,2.35
447,6/4/21 2:40,43.2,39,2.34
448,6/4/21 2:45,43.2,39,2.34
449,6/4/21 2:50,43.1,38.6,2.34
450,6/4/21 2:55,43,38.6,2.35
451,6/4/21 3:00,43,38.6,2.34
452,6/4/21 3:05,43,38.6,2.34
453,6/4/21 3:10,42.8,38.6,2.34
454,6/4/21 3:15,42.8,38.6,2.34
455,6/4/21 3:20,42.8,38.6,2.34
456,6/4/21 3:25,42.8,38.6,2.34
457,6/4/21 3:30,42.8,38.6,2.34
458,6/4/21 3:35,42.8,38.6,2.34
459,6/4/21 3:40,42.7,38.6,2.34
460,6/4/21 3:45,42.7,38.2,2.34
461,6/4/21 3:50,42.6,38.2,2.34
462,6/4/21 3:55,42.6,38.3,2.32
463,6/4/21 4:00,42.5,38.6,2.34
464,6/4/21 4:05,42.5,38.3,2.32
465,6/4/21 4:10,42.5,38.2,2.34
466,6/4/21 4:15,42.5,38.3,2.31
467,6/4/21 4:20,42.5,38.3,2.32
468,6/4/21 4:25,42.5,38.3,2.32
469,6/4/21 4:30,42.4,38.3,2.31
470,6/4/21 4:35,42.3,38.3,2.31
471,6/4/21 4:40,42.3,37.9,2.32
472,6/4/21 4:45,42.3,37.9,2.31
473,6/4/21 4:50,42.2,38.3,2.31
474,6/4/21 4:55,42.2,38.3,2.31
475,6/4/21 5:00,42.2,37.9,2.3
476,6/4/21 5:05,42.1,37.9,2.31
477,6/4/21 5:10,42.1,37.9,2.31
478,6/4/21 5:15,42,37.9,2.3
479,6/4/21 5:20,42,37.9,2.3
480,6/4/21 5:25,42,37.9,2.31
481,6/4/21 5:30,42,37.5,2.3
482,6/4/21 5:35,41.9,37.5,2.3
483,6/4/21 5:40,41.9,37.9,2.3
484,6/4/21 5:45,41.8,37.9,2.3
485,6/4/21 5:50,41.9,37.5,2.3
486,6/4/21 5:55,41.8,37.5,2.3
487,6/4/21 6:00,41.7,37.5,2.3
488,6/4/21 6:05,41.7,37.5,2.3
489,6/4/21 6:10,41.7,37.5,2.3
490,6/4/21 6:15,41.7,37.5,2.3
491,6/4/21 6:20,41.6,37.5,2.3
492,6/4/21 6:25,41.5,37.5,2.31
493,6/4/21 6:30,41.5,37.5,2.28
494,6/4/21 6:35,41.5,37.5,2.28
495,6/4/21 6:40,41.5,37.1,2.3
496,6/4/21 6:45,41.4,37.5,2.31
497,6/4/21 6:50,41.3,37.5,2.3
498,6/4/21 6:55,41.4,37.1,2.3
499,6/4/21 7:00,41.4,37.1,2.3
500,6/4/21 7:05,41.3,37.1,2.31
501,6/4/21 7:10,41.2,37.1,2.3
502,6/4/21 7:15,41.2,37.1,2.32
503,6/4/21 7:20,41.2,37.5,2.35
504,6/4/21 7:25,41.2,37.1,2.34
505,6/4/21 7:30,41.2,36.7,2.35
506,6/4/21 7:35,41.1,37.1,2.35
507,6/4/21 7:40,41.1,37.1,2.35
508,6/4/21 7:45,41.2,37.1,2.35
509,6/4/21 7:50,41.1,36.7,2.35
510,6/4/21 7:55,41.2,36.7,2.38
511,6/4/21 8:00,41.1,37.1,2.36
512,6/4/21 8:05,41.1,36.7,2.38
513,6/4/21 8:10,41,37.1,2.38
514,6/4/21 8:15,40.9,37.1,2.39
515,6/4/21 8:20,41,36.7,2.38
516,6/4/21 8:25,40.9,36.4,2.4
517,6/4/21 8:30,40.9,36.4,2.4
518,6/4/21 8:35,40.9,36.4,2.4
519,6/4/21 8:40,40.8,36.7,2.43
520,6/4/21 8:45,40.8,36.7,2.44
521,6/4/21 8:50,40.9,36.7,2.46
522,6/4/21 8:55,40.7,36.3,2.46
523,6/4/21 9:00,40.7,36.7,2.47
524,6/4/21 9:05,40.7,36.7,2.48
525,6/4/21 9:10,40.7,36.3,2.51
526,6/4/21 9:15,40.7,36.3,2.52
527,6/4/21 9:20,40.5,36.3,2.5
528,6/4/21 9:25,40.5,36,2.52
529,6/4/21 9:30,40.5,36.3,2.54
530,6/4/21 9:35,40.5,36.3,2.55
531,6/4/21 9:40,40.5,36.3,2.58
532,6/4/21 9:45,40.4,36,2.6
533,6/4/21 9:50,40.5,36,2.67
534,6/4/21 9:55,40.5,36.3,2.7
535,6/4/21 10:00,40.5,36.3,2.72
536,6/4/21 10:05,40.5,36.3,2.78
537,6/4/21 10:10,40.5,36,2.8
538,6/4/21 10:15,40.5,36,2.8
539,6/4/21 10:20,40.6,36.3,2.86
540,6/4/21 10:25,40.6,36,2.9
541,6/4/21 10:30,40.6,36,2.92
542,6/4/21 10:35,40.6,36.3,2.96
543,6/4/21 10:40,40.6,36.7,3
544,6/4/21 10:45,40.6,36.3,3.02
545,6/4/21 10:50,40.6,36.3,3.03
546,6/4/21 10:55,40.6,36.3,3.08
547,6/4/21 11:00,40.6,36.3,3.11
548,6/4/21 11:05,40.6,36.3,3.15
549,6/4/21 11:10,40.6,36.3,3.16
550,6/4/21 11:15,40.6,36.7,3.23
551,6/4/21 11:20,40.6,36.7,3.29
552,6/4/21 11:25,40.6,36.7,3.27
553,6/4/21 11:30,40.6,35.9,3.31
554,6/4/21 11:35,40.7,35.9,3.39
555,6/4/21 11:40,40.7,36.3,3.41
556,6/4/21 11:45,40.5,36.7,3.41
557,6/4/21 11:50,40.6,35.9,3.45
558,6/4/21 11:55,40.6,35.9,3.49
559,6/4/21 12:00,40.6,36.3,3.51
560,6/4/21 12:05,40.6,36.7,3.54
561,6/4/21 12:10,40.6,36.3,3.59
562,6/4/21 12:15,40.6,36.3,3.58
563,6/4/21 12:20,40.5,36.3,3.61
564,6/4/21 12:25,40.6,36.3,3.66
565,6/4/21 12:30,40.5,35.9,3.69
566,6/4/21 12:35,40.6,36.7,3.69
567,6/4/21 12:40,40.5,36.3,3.7
568,6/4/21 12:45,40.5,35.9,3.71
569,6/4/21 12:50,40.5,36.3,3.73
570,6/4/21 12:55,40.5,35.9,3.71
571,6/4/21 13:00,40.4,35.9,3.74
572,6/4/21 13:05,40.5,35.9,3.82
573,6/4/21 13:10,40.4,35.9,3.82
574,6/4/21 13:15,40.3,35.9,3.78
575,6/4/21 13:20,40.2,36.3,3.79
576,6/4/21 13:25,40.2,35.9,3.82
577,6/4/21 13:30,40.3,36.3,3.85
578,6/4/21 13:35,40.2,35.9,3.86
579,6/4/21 13:40,40.2,35.9,3.89
580,6/4/21 13:45,40.2,35.5,3.86
581,6/4/21 13:50,40.2,35.5,3.86
582,6/4/21 13:55,40.2,35.5,3.89
583,6/4/21 14:00,40.1,35.5,3.89
584,6/4/21 14:05,40,35.5,3.89
585,6/4/21 14:10,40,35.5,3.9
586,6/4/21 14:15,39.9,35.5,3.9
587,6/4/21 14:20,39.8,35.5,3.86
588,6/4/21 14:25,39.8,35.5,3.89
589,6/4/21 14:30,39.7,35.5,3.86
590,6/4/21 14:35,39.7,35.5,3.83
591,6/4/21 14:40,39.7,35.5,3.85
592,6/4/21 14:45,39.7,35.5,3.82
593,6/4/21 14:50,39.6,35.5,3.85
594,6/4/21 14:55,39.6,35.5,3.89
595,6/4/21 15:00,39.5,35.5,3.87
596,6/4/21 15:05,39.5,35.2,3.91
597,6/4/21 15:10,39.5,35.2,3.94
598,6/4/21 15:15,39.4,35.5,3.9
599,6/4/21 15:20,39.4,35.2,3.87
600,6/4/21 15:25,39.3,35.2,3.83
601,6/4/21 15:30,39.2,34.8,3.82
602,6/4/21 15:35,39.1,35.2,3.77
603,6/4/21 15:40,39.1,34.8,3.74
604,6/4/21 15:45,39,34.8,3.69
605,6/4/21 15:50,38.9,34.8,3.69
606,6/4/21 15:55,38.8,34.4,3.65
607,6/4/21 16:00,38.7,34.4,3.59
608,6/4/21 16:05,38.7,34,3.57
609,6/4/21 16:10,38.6,34,3.54
610,6/4/21 16:15,38.5,34,3.54
611,6/4/21 16:20,38.5,34.4,3.51
612,6/4/21 16:25,38.4,34,3.49
613,6/4/21 16:30,38.4,34,3.5
614,6/4/21 16:35,38.4,34,3.5
615,6/4/21 16:40,38.4,34,3.49
616,6/4/21 16:45,38.2,34,3.49
617,6/4/21 16:50,38.2,33.7,3.45
618,6/4/21 16:55,38.1,33.7,3.45
619,6/4/21 17:00,38,33.7,3.42
620,6/4/21 17:05,38,33.7,3.41
621,6/4/21 17:10,37.9,33.7,3.39
622,6/4/21 17:15,37.9,33.7,3.39
623,6/4/21 17:20,37.9,33.7,3.38
624,6/4/21 17:25,37.8,33.7,3.38
625,6/4/21 17:30,37.8,33.7,3.38
626,6/4/21 17:35,37.7,33.7,3.37
627,6/4/21 17:40,37.7,33.3,3.34
628,6/4/21 17:45,37.7,33.7,3.33
629,6/4/21 17:50,37.7,33.7,3.34
630,6/4/21 17:55,37.6,32.9,3.31
631,6/4/21 18:00,37.5,32.9,3.31
632,6/4/21 18:05,37.5,32.9,3.33
633,6/4/21 18:10,37.5,33.3,3.3
634,6/4/21 18:15,37.5,33.3,3.33
635,6/4/21 18:20,37.4,32.9,3.3
636,6/4/21 18:25,37.4,32.9,3.31
637,6/4/21 18:30,37.4,32.9,3.33
638,6/4/21 18:35,37.3,32.9,3.31
639,6/4/21 18:40,37.3,32.9,3.31
640,6/4/21 18:45,37.2,32.9,3.33
641,6/4/21 18:50,37.2,32.9,3.3
642,6/4/21 18:55,37.2,32.9,3.34
643,6/4/21 19:00,37.2,32.9,3.31
644,6/4/21 19:05,37.2,32.9,3.33
645,6/4/21 19:10,37.1,32.9,3.3
646,6/4/21 19:15,37.1,32.9,3.31
647,6/4/21 19:20,37,32.9,3.3
648,6/4/21 19:25,37,32.9,3.29
649,6/4/21 19:30,37,32.5,3.27
650,6/4/21 19:35,36.9,32.5,3.25
651,6/4/21 19:40,36.9,32.5,3.23
652,6/4/21 19:45,36.8,32.5,3.23
653,6/4/21 19:50,36.7,32.5,3.2
654,6/4/21 19:55,36.7,32.2,3.19
655,6/4/21 20:00,36.7,32.2,3.19
656,6/4/21 20:05,36.6,32.2,3.16
657,6/4/21 20:10,36.6,32.2,3.12
658,6/4/21 20:15,36.5,32.2,3.12
659,6/4/21 20:20,36.4,32.2,3.11
660,6/4/21 20:25,36.4,32.2,3.1
661,6/4/21 20:30,36.3,32.2,3.07
662,6/4/21 20:35,36.4,32.2,3.07
663,6/4/21 20:40,36.3,32.2,3.04
664,6/4/21 20:45,36.2,31.8,3.02
665,6/4/21 20:50,36.1,32.2,3.06
666,6/4/21 20:55,36,32.2,3.02
667,6/4/21 21:00,36,31.8,2.98
668,6/4/21 21:05,36,31.4,2.99
669,6/4/21 21:10,36,31.8,2.99
670,6/4/21 21:15,35.9,31.8,2.98
671,6/4/21 21:20,35.8,31.4,2.95
672,6/4/21 21:25,35.7,31.4,2.94
673,6/4/21 21:30,35.7,31.4,2.92
674,6/4/21 21:35,35.7,31.4,2.92
675,6/4/21 21:40,35.6,31.4,2.9
676,6/4/21 21:45,35.5,31.4,2.9
677,6/4/21 21:50,35.5,31.4,2.88
678,6/4/21 21:55,35.5,31,2.9
679,6/4/21 22:00,35.5,31,2.9
680,6/4/21 22:05,35.4,31,2.87
681,6/4/21 22:10,35.3,31,2.84
682,6/4/21 22:15,35.3,31,2.83
683,6/4/21 22:20,35.2,31,2.83
684,6/4/21 22:25,35.1,31,2.82
685,6/4/21 22:30,35.1,30.7,2.79
686,6/4/21 22:35,35.1,30.7,2.8
687,6/4/21 22:40,35,30.7,2.79
688,6/4/21 22:45,35,30.7,2.76
689,6/4/21 22:50,34.9,30.7,2.75
690,6/4/21 22:55,34.8,30.7,2.76
691,6/4/21 23:00,34.8,30.3,2.75
692,6/4/21 23:05,34.8,30.7,2.75
693,6/4/21 23:10,34.7,30.7,2.75
694,6/4/21 23:15,34.8,30.7,2.75
695,6/4/21 23:20,34.7,30.7,2.75
696,6/4/21 23:25,34.6,30.3,2.75
697,6/4/21 23:30,34.6,30.3,2.75
698,6/4/21 23:35,34.6,30.3,2.72
699,6/4/21 23:40,34.5,30.3,2.71
700,6/4/21 23:45,34.5,30.3,2.7
701,6/4/21 23:50,34.5,30.3,2.7
702,6/4/21 23:55,34.4,30.3,2.68
703,6/5/21 0:00,34.4,29.9,2.7
704,6/5/21 0:05,34.4,30.3,2.68
705,6/5/21 0:10,34.3,29.9,2.71
706,6/5/21 0:15,34.3,29.9,2.67
707,6/5/21 0:20,34.3,29.9,2.67
708,6/5/21 0:25,34.2,29.9,2.66
709,6/5/21 0:30,34.2,30.3,2.64
710,6/5/21 0:35,34.2,29.9,2.66
711,6/5/21 0:40,34.2,29.9,2.67
712,6/5/21 0:45,34.2,29.9,2.67
713,6/5/21 0:50,34.2,29.9,2.66
714,6/5/21 0:55,34.1,29.9,2.67
715,6/5/21 1:00,34.2,29.9,2.67
716,6/5/21 1:05,34.1,29.9,2.67
717,6/5/21 1:10,34.1,29.9,2.68
718,6/5/21 1:15,34,29.9,2.68
719,6/5/21 1:20,34,29.5,2.67
720,6/5/21 1:25,34,29.9,2.67
721,6/5/21 1:30,34,29.9,2.68
722,6/5/21 1:35,34,29.9,2.67
723,6/5/21 1:40,33.9,29.5,2.66
724,6/5/21 1:45,33.9,29.5,2.67
725,6/5/21 1:50,33.9,29.5,2.66
726,6/5/21 1:55,33.9,29.5,2.66
727,6/5/21 2:00,33.9,29.5,2.67
728,6/5/21 2:05,33.8,29.5,2.66
729,6/5/21 2:10,33.7,29.5,2.66
730,6/5/21 2:15,33.7,29.5,2.66
731,6/5/21 2:20,33.7,29.5,2.66
732,6/5/21 2:25,33.7,29.5,2.66
733,6/5/21 2:30,33.7,29.5,2.64
734,6/5/21 2:35,33.7,29.5,2.66
735,6/5/21 2:40,33.6,29.5,2.66
736,6/5/21 2:45,33.6,29.5,2.66
737,6/5/21 2:50,33.5,29.5,2.64
738,6/5/21 2:55,33.5,29.5,2.64
739,6/5/21 3:00,33.5,29.1,2.64
740,6/5/21 3:05,33.5,29.1,2.64
741,6/5/21 3:10,33.5,29.1,2.63
742,6/5/21 3:15,33.4,29.1,2.64
743,6/5/21 3:20,33.5,29.1,2.63
744,6/5/21 3:25,33.4,29.1,2.63
745,6/5/21 3:30,33.4,29.1,2.62
746,6/5/21 3:35,33.3,29.1,2.63
747,6/5/21 3:40,33.3,29.1,2.63
748,6/5/21 3:45,33.3,29.1,2.63
749,6/5/21 3:50,33.2,29.1,2.62
750,6/5/21 3:55,33.2,29.1,2.6
751,6/5/21 4:00,33.2,29.1,2.62
752,6/5/21 4:05,33.2,29.1,2.62
753,6/5/21 4:10,33.2,28.8,2.62
754,6/5/21 4:15,33.2,29.1,2.62
755,6/5/21 4:20,33.2,28.8,2.6
756,6/5/21 4:25,33.2,28.8,2.6
757,6/5/21 4:30,33,28.8,2.6
758,6/5/21 4:35,33,28.8,2.6
759,6/5/21 4:40,33.1,28.8,2.6
760,6/5/21 4:45,33,29.1,2.6
761,6/5/21 4:50,33,28.8,2.6
762,6/5/21 4:55,33,28.8,2.59
763,6/5/21 5:00,33,28.8,2.59
764,6/5/21 5:05,32.9,28.8,2.59
765,6/5/21 5:10,32.9,28.8,2.59
766,6/5/21 5:15,32.8,28.8,2.59
767,6/5/21 5:20,32.8,28.8,2.59
768,6/5/21 5:25,32.8,28.8,2.59
769,6/5/21 5:30,32.7,28.8,2.59
770,6/5/21 5:35,32.7,28.8,2.58
771,6/5/21 5:40,32.7,28.8,2.56
772,6/5/21 5:45,32.7,28.4,2.58
773,6/5/21 5:50,32.6,28.4,2.58
774,6/5/21 5:55,32.6,28.4,2.58
775,6/5/21 6:00,32.6,28.4,2.58
776,6/5/21 6:05,32.7,28.8,2.58
777,6/5/21 6:10,32.6,28.4,2.58
778,6/5/21 6:15,32.5,28.4,2.58
779,6/5/21 6:20,32.5,28.4,2.58
780,6/5/21 6:25,32.5,28.4,2.58
781,6/5/21 6:30,32.5,28.4,2.58
782,6/5/21 6:35,32.5,28.4,2.58
783,6/5/21 6:40,32.5,28.4,2.58
784,6/5/21 6:45,32.5,28.4,2.6
785,6/5/21 6:50,32.5,28.4,2.6
786,6/5/21 6:55,32.6,28.4,2.6
787,6/5/21 7:00,32.5,28.4,2.6
788,6/5/21 7:05,32.5,28.4,2.62
789,6/5/21 7:10,32.5,28.4,2.62
790,6/5/21 7:15,32.5,28.4,2.63
791,6/5/21 7:20,32.5,28.4,2.63
792,6/5/21 7:25,32.5,28.4,2.63
793,6/5/21 7:30,32.5,28.4,2.64
794,6/5/21 7:35,32.5,28.4,2.66
795,6/5/21 7:40,32.4,28.4,2.66
796,6/5/21 7:45,32.4,28,2.68
797,6/5/21 7:50,32.5,28.4,2.68
798,6/5/21 7:55,32.5,28.4,2.7
799,6/5/21 8:00,32.5,28.4,2.71
800,6/5/21 8:05,32.4,28.4,2.71
801,6/5/21 8:10,32.5,28.4,2.75
802,6/5/21 8:15,32.5,28.4,2.74
803,6/5/21 8:20,32.5,28.4,2.75
804,6/5/21 8:25,32.5,28.4,2.75
805,6/5/21 8:30,32.5,28.4,2.76
806,6/5/21 8:35,32.4,28.4,2.78
807,6/5/21 8:40,32.4,28.4,2.8
808,6/5/21 8:45,32.4,28.4,2.82
809,6/5/21 8:50,32.4,28.4,2.83
810,6/5/21 8:55,32.4,28.4,2.83
811,6/5/21 9:00,32.4,28.4,2.84
812,6/5/21 9:05,32.4,28.4,2.84
813,6/5/21 9:10,32.4,28.4,2.87
814,6/5/21 9:15,32.4,28.4,2.88
815,6/5/21 9:20,32.4,28.4,2.91
816,6/5/21 9:25,32.4,28.4,2.92
817,6/5/21 9:30,32.4,28.4,2.95
818,6/5/21 9:35,32.4,28.4,2.98
819,6/5/21 9:40,32.4,28.4,2.99
820,6/5/21 9:45,32.4,28.4,3.03
821,6/5/21 9:50,32.4,28.4,3.06
822,6/5/21 9:55,32.4,28.4,3.11
823,6/5/21 10:00,32.5,28.4,3.18
824,6/5/21 10:05,32.6,28.4,3.23
825,6/5/21 10:10,32.6,28.4,3.26
826,6/5/21 10:15,32.6,28.4,3.3
827,6/5/21 10:20,32.6,28.4,3.34
828,6/5/21 10:25,32.6,28.4,3.39
829,6/5/21 10:30,32.7,28.7,3.45
830,6/5/21 10:35,32.7,28.4,3.47
831,6/5/21 10:40,32.7,28.4,3.51
832,6/5/21 10:45,32.7,28.7,3.55
833,6/5/21 10:50,32.8,28.7,3.59
834,6/5/21 10:55,32.8,28.7,3.66
835,6/5/21 11:00,32.8,28.7,3.69
836,6/5/21 11:05,32.9,28.7,3.73
837,6/5/21 11:10,32.9,28.7,3.81
838,6/5/21 11:15,33,28.7,3.86
839,6/5/21 11:20,32.9,28.7,3.89
840,6/5/21 11:25,33,29.1,3.95
841,6/5/21 11:30,33,28.7,3.99
842,6/5/21 11:35,33.1,29.1,4.03
843,6/5/21 11:40,33.1,29.1,4.1
844,6/5/21 11:45,33.1,29.1,4.13
845,6/5/21 11:50,33.2,29.1,4.17
846,6/5/21 11:55,33.2,29.1,4.2
847,6/5/21 12:00,33.2,29.1,4.22
848,6/5/21 12:05,33.1,29.1,4.18
849,6/5/21 12:10,33.1,29.1,4.21
850,6/5/21 12:15,33.2,28.7,4.26
851,6/5/21 12:20,33.3,29.1,4.32
852,6/5/21 12:25,33.2,29.1,4.34
853,6/5/21 12:30,33.2,29.1,4.26
854,6/5/21 12:35,33.1,28.7,4.17
855,6/5/21 12:40,32.9,28.7,4.09
856,6/5/21 12:45,32.9,28.7,4.06
857,6/5/21 12:50,33.1,28.7,4.13
858,6/5/21 12:55,33,28.7,4.18
859,6/5/21 13:00,33,28.7,4.21
860,6/5/21 13:05,32.9,28.7,4.18
861,6/5/21 13:10,32.9,28.7,4.1
862,6/5/21 13:15,32.9,28.7,4.05
863,6/5/21 13:20,32.7,28.7,3.99
864,6/5/21 13:25,32.6,28.3,3.98
865,6/5/21 13:30,32.6,28.3,3.97
866,6/5/21 13:35,32.6,28.7,3.99
867,6/5/21 13:40,32.7,28.7,4.07
868,6/5/21 13:45,32.8,28.7,4.14
869,6/5/21 13:50,32.8,28.7,4.17
870,6/5/21 13:55,32.8,28.7,4.17
871,6/5/21 14:00,32.7,28.3,4.11
872,6/5/21 14:05,32.6,28.7,4.09
873,6/5/21 14:10,32.6,28.3,4.05
874,6/5/21 14:15,32.6,28.3,3.99
875,6/5/21 14:20,32.5,28.3,3.94
876,6/5/21 14:25,32.4,28.3,3.9
877,6/5/21 14:30,32.4,28.3,3.9
878,6/5/21 14:35,32.3,28,3.89
879,6/5/21 14:40,32.3,28.3,3.86
880,6/5/21 14:45,32.2,28.3,3.82
881,6/5/21 14:50,32.3,28,3.81
882,6/5/21 14:55,32.2,28.4,3.77
883,6/5/21 15:00,32.2,28,3.75
884,6/5/21 15:05,32.1,28,3.74
885,6/5/21 15:10,32.1,28,3.73
886,6/5/21 15:15,32,28,3.7
887,6/5/21 15:20,32.1,28,3.71
888,6/5/21 15:25,32.1,28,3.73
889,6/5/21 15:30,32,28,3.7
890,6/5/21 15:35,32,28,3.67
891,6/5/21 15:40,32,27.6,3.63
892,6/5/21 15:45,31.9,28,3.62
893,6/5/21 15:50,31.9,28,3.58
894,6/5/21 15:55,31.8,27.6,3.57
895,6/5/21 16:00,31.7,27.6,3.53
896,6/5/21 16:05,31.7,27.6,3.54
897,6/5/21 16:10,31.6,27.6,3.53
898,6/5/21 16:15,31.6,27.6,3.51
899,6/5/21 16:20,31.6,27.6,3.49
900,6/5/21 16:25,31.5,27.6,3.47
901,6/5/21 16:30,31.5,27.6,3.43
902,6/5/21 16:35,31.4,27.2,3.41
903,6/5/21 16:40,31.4,27.2,3.37
904,6/5/21 16:45,31.3,27.2,3.34
905,6/5/21 16:50,31.3,27.2,3.34
906,6/5/21 16:55,31.2,27.2,3.33
907,6/5/21 17:00,31.1,27.2,3.33
908,6/5/21 17:05,31.1,26.8,3.31
909,6/5/21 17:10,31.1,26.8,3.3
910,6/5/21 17:15,31.1,27.2,3.27
911,6/5/21 17:20,31.1,26.8,3.25
912,6/5/21 17:25,31,26.9,3.23
913,6/5/21 17:30,31.1,26.8,3.25
914,6/5/21 17:35,31,26.9,3.23
915,6/5/21 17:40,30.9,26.9,3.22
916,6/5/21 17:45,31,26.9,3.2
917,6/5/21 17:50,30.9,26.9,3.19
918,6/5/21 17:55,30.9,26.9,3.18
919,6/5/21 18:00,30.9,26.9,3.19
920,6/5/21 18:05,30.8,26.9,3.18
921,6/5/21 18:10,30.9,26.9,3.19
922,6/5/21 18:15,30.8,26.9,3.19
923,6/5/21 18:20,30.9,26.9,3.19
924,6/5/21 18:25,30.7,26.9,3.18
925,6/5/21 18:30,30.7,26.9,3.14
926,6/5/21 18:35,30.8,26.5,3.14
927,6/5/21 18:40,30.7,26.5,3.14
928,6/5/21 18:45,30.7,26.5,3.14
929,6/5/21 18:50,30.7,26.9,3.14
930,6/5/21 18:55,30.7,26.9,3.14
931,6/5/21 19:00,30.7,26.5,3.14
932,6/5/21 19:05,30.7,26.9,3.15
933,6/5/21 19:10,30.7,26.5,3.16
934,6/5/21 19:15,30.7,26.9,3.15
935,6/5/21 19:20,30.7,26.9,3.15
936,6/5/21 19:25,30.6,26.5,3.12
937,6/5/21 19:30,30.6,26.5,3.11
938,6/5/21 19:35,30.6,26.5,3.08
939,6/5/21 19:40,30.6,26.5,3.08
940,6/5/21 19:45,30.6,26.5,3.08
941,6/5/21 19:50,30.6,26.5,3.1
942,6/5/21 19:55,30.6,26.5,3.1
943,6/5/21 20:00,30.6,26.5,3.1
944,6/5/21 20:05,30.6,26.5,3.1
945,6/5/21 20:10,30.6,26.5,3.1
946,6/5/21 20:15,30.6,26.1,3.08
947,6/5/21 20:20,30.5,26.5,3.1
948,6/5/21 20:25,30.5,26.5,3.08
949,6/5/21 20:30,30.5,26.5,3.08
950,6/5/21 20:35,30.4,26.5,3.07
951,6/5/21 20:40,30.5,26.5,3.07
952,6/5/21 20:45,30.4,26.5,3.07
953,6/5/21 20:50,30.5,26.5,3.06
954,6/5/21 20:55,30.4,26.5,3.07
955,6/5/21 21:00,30.4,26.1,3.06
956,6/5/21 21:05,30.4,26.1,3.06
957,6/5/21 21:10,30.3,26.1,3.06
958,6/5/21 21:15,30.4,26.5,3.04
959,6/5/21 21:20,30.4,26.1,3.03
960,6/5/21 21:25,30.3,26.1,3.03
961,6/5/21 21:30,30.3,26.1,3.03
962,6/5/21 21:35,30.3,26.1,3.02
963,6/5/21 21:40,30.2,26.1,3.02
964,6/5/21 21:45,30.1,26.5,3.02
965,6/5/21 21:50,30.2,26.1,3
966,6/5/21 21:55,30.1,26.1,3.02
967,6/5/21 22:00,30.1,26.1,3
968,6/5/21 22:05,30.1,26.1,3
969,6/5/21 22:10,30.1,26.1,2.98
970,6/5/21 22:15,30.1,26.1,2.98
971,6/5/21 22:20,30.1,26.1,2.98
972,6/5/21 22:25,30.1,26.1,2.98
973,6/5/21 22:30,30.1,26.1,2.96
974,6/5/21 22:35,30.1,26.1,2.96
975,6/5/21 22:40,30,25.7,2.96
976,6/5/21 22:45,29.9,26.1,2.95
977,6/5/21 22:50,29.9,25.7,2.96
978,6/5/21 22:55,29.9,25.7,2.95
979,6/5/21 23:00,29.9,25.7,2.96
980,6/5/21 23:05,29.9,26.1,2.95
981,6/5/21 23:10,29.9,26.1,2.95
982,6/5/21 23:15,29.9,25.7,2.95
983,6/5/21 23:20,29.9,25.7,2.95
984,6/5/21 23:25,29.9,25.7,2.94
985,6/5/21 23:30,29.8,25.7,2.94
986,6/5/21 23:35,29.9,25.7,2.94
987,6/5/21 23:40,29.8,25.7,2.92
988,6/5/21 23:45,29.8,25.7,2.94
989,6/5/21 23:50,29.9,25.7,2.94
990,6/5/21 23:55,29.8,25.7,2.94
991,6/6/21 0:00,29.8,25.7,2.92
992,6/6/21 0:05,29.8,25.7,2.92
993,6/6/21 0:10,29.7,25.7,2.91
994,6/6/21 0:15,29.7,25.7,2.91
995,6/6/21 0:20,29.7,25.7,2.9
996,6/6/21 0:25,29.7,25.7,2.9
997,6/6/21 0:30,29.7,25.7,2.88
998,6/6/21 0:35,29.7,25.7,2.88
999,6/6/21 0:40,29.6,25.7,2.88
1000,6/6/21 0:45,29.6,25.7,2.87
1001,6/6/21 0:50,29.6,25.7,2.88
1002,6/6/21 0:55,29.6,25.7,2.88
1003,6/6/21 1:00,29.6,25.7,2.88
1004,6/6/21 1:05,29.6,25.7,2.88
1005,6/6/21 1:10,29.6,25.7,2.87
1006,6/6/21 1:15,29.6,25.7,2.87
1007,6/6/21 1:20,29.6,25.7,2.87
1008,6/6/21 1:25,29.6,25.7,2.87
1009,6/6/21 1:30,29.5,25.7,2.86
1010,6/6/21 1:35,29.5,25.3,2.86
1011,6/6/21 1:40,29.5,25.3,2.86
1012,6/6/21 1:45,29.5,25.3,2.86
1013,6/6/21 1:50,29.5,25.7,2.86
1014,6/6/21 1:55,29.5,25.7,2.84
1015,6/6/21 2:00,29.4,25.3,2.84
1016,6/6/21 2:05,29.5,25.7,2.86
1017,6/6/21 2:10,29.4,25.7,2.84
1018,6/6/21 2:15,29.4,25.3,2.84
1019,6/6/21 2:20,29.4,25.7,2.83
1020,6/6/21 2:25,29.4,25.3,2.84
1021,6/6/21 2:30,29.4,25.3,2.84
1022,6/6/21 2:35,29.4,25.3,2.83
1023,6/6/21 2:40,29.4,25.7,2.83
1024,6/6/21 2:45,29.4,25.3,2.82
1025,6/6/21 2:50,29.4,25.3,2.82
1026,6/6/21 2:55,29.4,25.3,2.82
1027,6/6/21 3:00,29.3,25.3,2.8
1028,6/6/21 3:05,29.4,25.3,2.82
1029,6/6/21 3:10,29.2,25.3,2.8
1030,6/6/21 3:15,29.3,25.3,2.79
1031,6/6/21 3:20,29.2,25.3,2.79
1032,6/6/21 3:25,29.2,25.3,2.79
1033,6/6/21 3:30,29.3,25.3,2.79
1034,6/6/21 3:35,29.2,25.3,2.78
1035,6/6/21 3:40,29.2,25.3,2.78
1036,6/6/21 3:45,29.2,25,2.78
1037,6/6/21 3:50,29.1,25.3,2.76
1038,6/6/21 3:55,29.1,25,2.76
1039,6/6/21 4:00,29.2,25.3,2.76
1040,6/6/21 4:05,29.1,25,2.75
1041,6/6/21 4:10,29.1,25.3,2.75
1042,6/6/21 4:15,29.1,25,2.75
1043,6/6/21 4:20,29.1,25,2.75
1044,6/6/21 4:25,29.1,25,2.75
1045,6/6/21 4:30,29,25,2.74
1046,6/6/21 4:35,29,25,2.74
1047,6/6/21 4:40,29,25,2.74
1048,6/6/21 4:45,29,25.3,2.74
1049,6/6/21 4:50,28.9,25.3,2.74
1050,6/6/21 4:55,29,25,2.74
1051,6/6/21 5:00,28.9,25,2.74
1052,6/6/21 5:05,28.9,25.3,2.72
1053,6/6/21 5:10,28.9,25,2.72
1054,6/6/21 5:15,28.9,25.3,2.72
1055,6/6/21 5:20,28.9,25,2.71
1056,6/6/21 5:25,28.9,25,2.72
1057,6/6/21 5:30,28.9,25,2.71
1058,6/6/21 5:35,28.9,25,2.72
1059,6/6/21 5:40,28.9,25,2.7
1060,6/6/21 5:45,28.9,25,2.71
1061,6/6/21 5:50,28.9,25,2.7
1062,6/6/21 5:55,28.9,25,2.7
1063,6/6/21 6:00,28.8,25,2.71
1064,6/6/21 6:05,28.8,25,2.7
1065,6/6/21 6:10,28.8,25,2.71
1066,6/6/21 6:15,28.8,24.6,2.7
1067,6/6/21 6:20,28.8,25,2.7
1068,6/6/21 6:25,28.8,25,2.7
1069,6/6/21 6:30,28.8,25,2.7
1070,6/6/21 6:35,28.8,25,2.7
1071,6/6/21 6:40,28.8,24.6,2.7
1072,6/6/21 6:45,28.7,24.6,2.7
1073,6/6/21 6:50,28.7,25,2.7
1074,6/6/21 6:55,28.8,25,2.72
1075,6/6/21 7:00,28.8,24.6,2.72
1076,6/6/21 7:05,28.8,25,2.72
1077,6/6/21 7:10,28.7,25,2.71
1078,6/6/21 7:15,28.7,25,2.72
1079,6/6/21 7:20,28.7,25,2.72
1080,6/6/21 7:25,28.7,24.6,2.72
1081,6/6/21 7:30,28.7,25,2.72
1082,6/6/21 7:35,28.6,25,2.74
1083,6/6/21 7:40,28.7,25,2.76
1084,6/6/21 7:45,28.7,25,2.75
1085,6/6/21 7:50,28.7,25,2.78
1086,6/6/21 7:55,28.7,25,2.78
1087,6/6/21 8:00,28.7,24.6,2.79
1088,6/6/21 8:05,28.6,24.6,2.8
1089,6/6/21 8:10,28.7,25,2.82
1090,6/6/21 8:15,28.7,25,2.83
1091,6/6/21 8:20,28.7,24.6,2.84
1092,6/6/21 8:25,28.7,24.6,2.86
1093,6/6/21 8:30,28.7,25,2.86
1094,6/6/21 8:35,28.7,24.6,2.87
1095,6/6/21 8:40,28.6,24.6,2.9
1096,6/6/21 8:45,28.7,24.6,2.92
1097,6/6/21 8:50,28.8,24.6,2.94
1098,6/6/21 8:55,28.7,24.6,2.95
1099,6/6/21 9:00,28.8,25,2.99
1100,6/6/21 9:05,28.7,25,3
1101,6/6/21 9:10,28.7,25,3.02
1102,6/6/21 9:15,28.8,25,3.04
1103,6/6/21 9:20,28.8,25,3.07
1104,6/6/21 9:25,28.8,25,3.1
1105,6/6/21 9:30,28.9,25,3.12
1106,6/6/21 9:35,28.9,25,3.15
1107,6/6/21 9:40,28.8,25,3.16
1108,6/6/21 9:45,28.8,25,3.19
1109,6/6/21 9:50,28.8,25,3.22
1110,6/6/21 9:55,28.8,25,3.26
1111,6/6/21 10:00,28.9,25,3.3
1112,6/6/21 10:05,29,25,3.37
1113,6/6/21 10:10,29,25,3.41
1114,6/6/21 10:15,29.1,25.3,3.49
1115,6/6/21 10:20,29.1,25.3,3.55
1116,6/6/21 10:25,29.2,25.3,3.62
1117,6/6/21 10:30,29.2,25.3,3.66
1118,6/6/21 10:35,29.3,25.3,3.71
1119,6/6/21 10:40,29.3,25.3,3.73
1120,6/6/21 10:45,29.2,25.3,3.78
1121,6/6/21 10:50,29.3,25.3,3.85
1122,6/6/21 10:55,29.3,25.3,3.87
1123,6/6/21 11:00,29.4,25.3,3.93
1124,6/6/21 11:05,29.4,25.3,4.01
1125,6/6/21 11:10,29.5,25.7,4.07
1126,6/6/21 11:15,29.5,25.3,4.11
1127,6/6/21 11:20,29.5,25.7,4.17
1128,6/6/21 11:25,29.7,25.7,4.26
1129,6/6/21 11:30,29.6,25.7,4.28
1130,6/6/21 11:35,29.6,25.3,4.25
1131,6/6/21 11:40,29.5,25.7,4.21
1132,6/6/21 11:45,29.5,25.3,4.2
1133,6/6/21 11:50,29.5,25.7,4.15
1134,6/6/21 11:55,29.5,25.3,4.1
1135,6/6/21 12:00,29.4,25.3,4.1
1136,6/6/21 12:05,29.4,25.3,4.1
1137,6/6/21 12:10,29.5,25.7,4.18
1138,6/6/21 12:15,29.5,25.7,4.18
1139,6/6/21 12:20,29.5,25.7,4.22
1140,6/6/21 12:25,29.6,25.7,4.29
1141,6/6/21 12:30,29.7,25.7,4.38
1142,6/6/21 12:35,29.7,25.7,4.45
1143,6/6/21 12:40,29.7,25.7,4.46
1144,6/6/21 12:45,29.7,25.7,4.49
1145,6/6/21 12:50,29.7,25.7,4.56
1146,6/6/21 12:55,29.9,25.7,4.66
1147,6/6/21 13:00,29.8,25.7,4.68
1148,6/6/21 13:05,29.9,26.1,4.7
1149,6/6/21 13:10,29.8,25.7,4.66
1150,6/6/21 13:15,29.8,25.7,4.65
1151,6/6/21 13:20,29.8,25.7,4.65
1152,6/6/21 13:25,29.8,25.3,4.6
1153,6/6/21 13:30,29.7,25.7,4.5
1154,6/6/21 13:35,29.6,25.7,4.5
1155,6/6/21 13:40,29.7,25.7,4.57
1156,6/6/21 13:45,29.7,25.7,4.57
1157,6/6/21 13:50,29.6,25.7,4.49
1158,6/6/21 13:55,29.6,25.7,4.45
1159,6/6/21 14:00,29.5,25.7,4.44
1160,6/6/21 14:05,29.5,25.7,4.41
1161,6/6/21 14:10,29.5,25.7,4.37
1162,6/6/21 14:15,29.5,25.3,4.33
1163,6/6/21 14:20,29.4,25.3,4.3
1164,6/6/21 14:25,29.4,25.3,4.29
1165,6/6/21 14:30,29.4,25.3,4.28
1166,6/6/21 14:35,29.4,25.3,4.28
1167,6/6/21 14:40,29.3,25.3,4.28
1168,6/6/21 14:45,29.4,25.3,4.3
1169,6/6/21 14:50,29.4,25.3,4.33
1170,6/6/21 14:55,29.4,25.3,4.32
1171,6/6/21 15:00,29.5,25.3,4.36
1172,6/6/21 15:05,29.4,25.3,4.37
1173,6/6/21 15:10,29.3,25.3,4.32
1174,6/6/21 15:15,29.4,25.7,4.3
1175,6/6/21 15:20,29.3,25.3,4.28
1176,6/6/21 15:25,29.3,25.3,4.25
1177,6/6/21 15:30,29.2,25.3,4.22
1178,6/6/21 15:35,29.3,25.3,4.2
1179,6/6/21 15:40,29.3,25.3,4.15
1180,6/6/21 15:45,29.3,25.3,4.15
1181,6/6/21 15:50,29.3,25.3,4.14
1182,6/6/21 15:55,29.3,25.3,4.14
1183,6/6/21 16:00,29.3,25.3,4.15
1184,6/6/21 16:05,29.2,25.3,4.15
1185,6/6/21 16:10,29.2,25.3,4.11
1186,6/6/21 16:15,29.2,25.3,4.1
1187,6/6/21 16:20,29.1,25.3,4.05
1188,6/6/21 16:25,29,24.9,4.01
1189,6/6/21 16:30,29,24.9,4.01
1190,6/6/21 16:35,29,24.9,3.98
1191,6/6/21 16:40,29,24.9,3.99
1192,6/6/21 16:45,29,25.3,3.98
1193,6/6/21 16:50,28.9,24.9,3.94
1194,6/6/21 16:55,28.8,24.9,3.93
1195,6/6/21 17:00,28.8,24.9,3.93
1196,6/6/21 17:05,28.9,24.9,3.91
1197,6/6/21 17:10,28.8,24.9,3.91
1198,6/6/21 17:15,28.8,24.9,3.93
1199,6/6/21 17:20,28.8,24.9,3.93
1200,6/6/21 17:25,28.8,24.9,3.93
1201,6/6/21 17:30,28.8,24.9,3.93
1202,6/6/21 17:35,28.8,24.9,3.94
1203,6/6/21 17:40,28.8,24.9,3.95
1204,6/6/21 17:45,28.8,24.9,3.98
1205,6/6/21 17:50,28.8,24.9,3.98
1206,6/6/21 17:55,28.9,24.9,3.99
1207,6/6/21 18:00,28.9,24.9,3.99
1208,6/6/21 18:05,28.9,24.9,4.01
1209,6/6/21 18:10,28.8,24.9,4.01
1210,6/6/21 18:15,28.9,24.9,4.02
1211,6/6/21 18:20,28.8,25.3,4.01
1212,6/6/21 18:25,28.8,24.9,4.01
1213,6/6/21 18:30,28.8,24.9,4.02
1214,6/6/21 18:35,28.8,24.9,4.01
1215,6/6/21 18:40,28.9,24.9,4.01
1216,6/6/21 18:45,28.9,24.9,4.02
1217,6/6/21 18:50,28.9,24.9,4.03
1218,6/6/21 18:55,29,25.3,4.05
1219,6/6/21 19:00,29,24.9,4.06
1220,6/6/21 19:05,28.9,24.9,4.02
1221,6/6/21 19:10,28.9,24.9,4.02
1222,6/6/21 19:15,29,24.9,4.01
1223,6/6/21 19:20,28.8,24.9,3.94
1224,6/6/21 19:25,28.8,24.9,3.87
1225,6/6/21 19:30,28.8,24.9,3.85
1226,6/6/21 19:35,28.7,24.9,3.82
1227,6/6/21 19:40,28.7,24.9,3.82
1228,6/6/21 19:45,28.7,24.9,3.77
1229,6/6/21 19:50,28.5,24.6,3.73
1230,6/6/21 19:55,28.5,24.6,3.73
1231,6/6/21 20:00,28.5,24.6,3.7
1232,6/6/21 20:05,28.5,24.6,3.69
1233,6/6/21 20:10,28.5,24.6,3.69
1234,6/6/21 20:15,28.5,24.6,3.69
1235,6/6/21 20:20,28.5,24.6,3.7
1236,6/6/21 20:25,28.5,24.6,3.69
1237,6/6/21 20:30,28.5,24.2,3.67
1238,6/6/21 20:35,28.4,24.6,3.66
1239,6/6/21 20:40,28.4,24.6,3.63
1240,6/6/21 20:45,28.3,24.6,3.61
1241,6/6/21 20:50,28.4,24.6,3.58
1242,6/6/21 20:55,28.3,24.6,3.58
1243,6/6/21 21:00,28.3,24.6,3.57
1244,6/6/21 21:05,28.3,24.6,3.59
1245,6/6/21 21:10,28.3,24.2,3.57
1246,6/6/21 21:15,28.3,24.2,3.57
1247,6/6/21 21:20,28.3,24.2,3.57
1248,6/6/21 21:25,28.3,24.2,3.55
1249,6/6/21 21:30,28.3,24.2,3.53
1250,6/6/21 21:35,28.3,24.6,3.5
1251,6/6/21 21:40,28.3,24.2,3.49
1252,6/6/21 21:45,28.3,24.2,3.47
1253,6/6/21 21:50,28.3,24.2,3.47
1254,6/6/21 21:55,28.3,24.2,3.47
1255,6/6/21 22:00,28.3,24.6,3.47
1256,6/6/21 22:05,28.3,24.6,3.47
1257,6/6/21 22:10,28.3,24.2,3.47
1258,6/6/21 22:15,28.2,24.6,3.46
1259,6/6/21 22:20,28.2,24.2,3.46
1260,6/6/21 22:25,28.1,24.2,3.42
1261,6/6/21 22:30,28.1,24.6,3.39
1262,6/6/21 22:35,28.1,24.2,3.38
1263,6/6/21 22:40,28.1,24.2,3.34
1264,6/6/21 22:45,28,24.2,3.31
1265,6/6/21 22:50,28.1,24.2,3.31
1266,6/6/21 22:55,28.1,24.2,3.33
1267,6/6/21 23:00,28,24.2,3.3
1268,6/6/21 23:05,28,24.2,3.26
1269,6/6/21 23:10,28,23.8,3.25
1270,6/6/21 23:15,27.9,24.2,3.22
1271,6/6/21 23:20,27.9,23.8,3.2
1272,6/6/21 23:25,27.9,23.8,3.22
1273,6/6/21 23:30,27.9,24.2,3.2
1274,6/6/21 23:35,27.9,24.2,3.2
1275,6/6/21 23:40,27.8,24.2,3.2
1276,6/6/21 23:45,27.8,23.8,3.19
1277,6/6/21 23:50,27.8,23.8,3.18
1278,6/6/21 23:55,27.8,23.8,3.18
1279,6/7/21 0:00,27.8,23.8,3.18
1280,6/7/21 0:05,27.8,23.8,3.18
1281,6/7/21 0:10,27.8,23.8,3.16
1282,6/7/21 0:15,27.8,23.8,3.16
1283,6/7/21 0:20,27.8,23.8,3.16
1284,6/7/21 0:25,27.8,23.8,3.16
1285,6/7/21 0:30,27.8,23.8,3.12
1286,6/7/21 0:35,27.7,23.8,3.14
1287,6/7/21 0:40,27.7,23.8,3.14
1288,6/7/21 0:45,27.8,23.8,3.14
1289,6/7/21 0:50,27.8,23.8,3.14
1290,6/7/21 0:55,27.8,23.8,3.12
1291,6/7/21 1:00,27.7,23.8,3.1
1292,6/7/21 1:05,27.7,23.8,3.07
1293,6/7/21 1:10,27.6,23.8,3.07
1294,6/7/21 1:15,27.7,23.8,3.07
1295,6/7/21 1:20,27.7,23.8,3.07
1296,6/7/21 1:25,27.7,23.8,3.07
1297,6/7/21 1:30,27.7,23.8,3.08
1298,6/7/21 1:35,27.7,23.8,3.08
1299,6/7/21 1:40,27.6,23.8,3.08
1300,6/7/21 1:45,27.6,23.8,3.08
1301,6/7/21 1:50,27.7,23.8,3.07
1302,6/7/21 1:55,27.7,23.8,3.08
1303,6/7/21 2:00,27.6,23.8,3.07
1304,6/7/21 2:05,27.6,23.8,3.07
1305,6/7/21 2:10,27.6,23.8,3.07
1306,6/7/21 2:15,27.6,23.8,3.06
1307,6/7/21 2:20,27.6,23.8,3.06
1308,6/7/21 2:25,27.6,23.8,3.06
1309,6/7/21 2:30,27.6,23.4,3.06
1310,6/7/21 2:35,27.6,23.8,3.06
1311,6/7/21 2:40,27.6,23.4,3.04
1312,6/7/21 2:45,27.6,23.8,3.03
1313,6/7/21 2:50,27.6,23.8,3.04
1314,6/7/21 2:55,27.6,23.8,3.04
1315,6/7/21 3:00,27.6,23.8,3.03
1316,6/7/21 3:05,27.6,23.4,3.04
1317,6/7/21 3:10,27.6,23.8,3.07
1318,6/7/21 3:15,27.6,23.4,3.07
1319,6/7/21 3:20,27.6,23.8,3.04
1320,6/7/21 3:25,27.6,23.4,3.03
1321,6/7/21 3:30,27.6,23.8,3.03
1322,6/7/21 3:35,27.6,23.8,3.02
1323,6/7/21 3:40,27.5,23.8,3.02
1324,6/7/21 3:45,27.6,23.8,3
1325,6/7/21 3:50,27.5,23.8,3.02
1326,6/7/21 3:55,27.6,23.4,3.02
1327,6/7/21 4:00,27.4,23.4,3.02
1328,6/7/21 4:05,27.4,23.8,3
1329,6/7/21 4:10,27.6,23.4,3
1330,6/7/21 4:15,27.5,23.4,3
1331,6/7/21 4:20,27.5,23.4,3
1332,6/7/21 4:25,27.4,23.4,2.98
1333,6/7/21 4:30,27.5,23.4,3
1334,6/7/21 4:35,27.5,23.4,2.99
1335,6/7/21 4:40,27.5,23.4,2.98
1336,6/7/21 4:45,27.4,23.4,2.98
1337,6/7/21 4:50,27.4,23.4,2.98
1338,6/7/21 4:55,27.4,23.4,2.96
1339,6/7/21 5:00,27.4,23.4,2.96
1340,6/7/21 5:05,27.4,23.4,2.96
1341,6/7/21 5:10,27.4,23.4,2.96
1342,6/7/21 5:15,27.4,23.4,2.95
1343,6/7/21 5:20,27.4,23.4,2.96
1344,6/7/21 5:25,27.4,23.4,2.95
1345,6/7/21 5:30,27.4,23.4,2.95
1346,6/7/21 5:35,27.4,23.4,2.94
1347,6/7/21 5:40,27.4,23.4,2.94
1348,6/7/21 5:45,27.4,23.4,2.94
1349,6/7/21 5:50,27.4,23.4,2.92
1350,6/7/21 5:55,27.4,23.4,2.94
1351,6/7/21 6:00,27.4,23.4,2.94
1352,6/7/21 6:05,27.4,23.4,2.94
1353,6/7/21 6:10,27.4,23.4,2.92
1354,6/7/21 6:15,27.4,23.4,2.92
1355,6/7/21 6:20,27.3,23.4,2.92
1356,6/7/21 6:25,27.4,23.4,2.92
1357,6/7/21 6:30,27.3,23.4,2.92
1358,6/7/21 6:35,27.4,23.4,2.94
1359,6/7/21 6:40,27.2,23.4,2.92
1360,6/7/21 6:45,27.2,23.4,2.94
1361,6/7/21 6:50,27.3,23.4,2.92
1362,6/7/21 6:55,27.3,23.4,2.95
1363,6/7/21 7:00,27.4,23.4,2.95
1364,6/7/21 7:05,27.4,23.4,2.95
1365,6/7/21 7:10,27.4,23.4,2.96
1366,6/7/21 7:15,27.4,23.4,2.96
1367,6/7/21 7:20,27.3,23.4,2.98
1368,6/7/21 7:25,27.4,23.4,2.98
1369,6/7/21 7:30,27.4,23.4,2.99
1370,6/7/21 7:35,27.3,23.4,3.02
1371,6/7/21 7:40,27.3,23.4,3.02
1372,6/7/21 7:45,27.3,23.4,3.03
1373,6/7/21 7:50,27.3,23.4,3.04
1374,6/7/21 7:55,27.3,23.4,3.06
1375,6/7/21 8:00,27.3,23.4,3.08
1376,6/7/21 8:05,27.3,23.4,3.1
1377,6/7/21 8:10,27.3,23.4,3.11
1378,6/7/21 8:15,27.4,23.4,3.14
1379,6/7/21 8:20,27.5,23.4,3.14
1380,6/7/21 8:25,27.4,23.4,3.16
1381,6/7/21 8:30,27.4,23.8,3.18
1382,6/7/21 8:35,27.4,23.4,3.2
1383,6/7/21 8:40,27.5,23.4,3.23
1384,6/7/21 8:45,27.5,23.4,3.26
1385,6/7/21 8:50,27.5,23.8,3.27
1386,6/7/21 8:55,27.6,23.4,3.29
1387,6/7/21 9:00,27.6,23.8,3.29
1388,6/7/21 9:05,27.6,23.4,3.3
1389,6/7/21 9:10,27.6,23.8,3.33
1390,6/7/21 9:15,27.6,23.8,3.37
1391,6/7/21 9:20,27.6,23.8,3.41
1392,6/7/21 9:25,27.6,23.8,3.43
1393,6/7/21 9:30,27.7,23.8,3.47
1394,6/7/21 9:35,27.7,23.8,3.54
1395,6/7/21 9:40,27.8,23.8,3.58
1396,6/7/21 9:45,27.8,23.8,3.67
1397,6/7/21 9:50,27.9,23.8,3.74
1398,6/7/21 9:55,27.9,24.2,3.81
1399,6/7/21 10:00,28,24.2,3.87
1400,6/7/21 10:05,28,24.2,3.94
1401,6/7/21 10:10,28,24.2,3.99
1402,6/7/21 10:15,28.1,24.6,4.07
1403,6/7/21 10:20,28.2,24.2,4.17
1404,6/7/21 10:25,28.3,24.6,4.28
1405,6/7/21 10:30,28.5,24.6,4.38
1406,6/7/21 10:35,28.5,24.5,4.45
1407,6/7/21 10:40,28.5,24.5,4.53
1408,6/7/21 10:45,28.5,24.5,4.52
1409,6/7/21 10:50,28.5,24.5,4.52
1410,6/7/21 10:55,28.6,24.5,4.57
1411,6/7/21 11:00,28.7,24.9,4.61
1412,6/7/21 11:05,28.7,24.9,4.7
1413,6/7/21 11:10,28.7,24.9,4.8
1414,6/7/21 11:15,28.8,24.9,4.89
1415,6/7/21 11:20,28.9,24.9,5.01
1416,6/7/21 11:25,29,24.9,5.12
1417,6/7/21 11:30,29.1,25.3,5.21
1418,6/7/21 11:35,29.1,25.3,5.33
1419,6/7/21 11:40,29.3,25.3,5.41
1420,6/7/21 11:45,29.4,25.3,5.49
1421,6/7/21 11:50,29.4,25.3,5.55
1422,6/7/21 11:55,29.4,25.7,5.57
1423,6/7/21 12:00,29.4,25.3,5.55
1424,6/7/21 12:05,29.4,25.3,5.51
1425,6/7/21 12:10,29.4,25.3,5.57
1426,6/7/21 12:15,29.4,25.7,5.69
1427,6/7/21 12:20,29.6,25.7,5.77
1428,6/7/21 12:25,29.6,25.6,5.81
1429,6/7/21 12:30,29.6,25.6,5.85
1430,6/7/21 12:35,29.7,25.6,5.95
1431,6/7/21 12:40,29.7,25.6,5.96
1432,6/7/21 12:45,29.6,25.6,5.93
1433,6/7/21 12:50,29.6,25.6,5.83
1434,6/7/21 12:55,29.5,25.7,5.75
1435,6/7/21 13:00,29.6,25.7,5.76
1436,6/7/21 13:05,29.6,25.7,5.77
1437,6/7/21 13:10,29.6,25.6,5.88
1438,6/7/21 13:15,29.7,25.6,5.97
1439,6/7/21 13:20,29.7,25.6,5.97
1440,6/7/21 13:25,29.8,25.6,6
1441,6/7/21 13:30,29.8,25.6,6.08
1442,6/7/21 13:35,29.8,26,6.08
1443,6/7/21 13:40,29.8,25.6,6.06
1444,6/7/21 13:45,29.7,25.6,5.99
1445,6/7/21 13:50,29.7,25.6,5.95
1446,6/7/21 13:55,29.6,25.6,5.89
1447,6/7/21 14:00,29.6,25.6,5.85
1448,6/7/21 14:05,29.6,25.6,5.84
1449,6/7/21 14:10,29.6,25.6,5.81
1450,6/7/21 14:15,29.6,25.6,5.81
1451,6/7/21 14:20,29.6,25.6,5.85
1452,6/7/21 14:25,29.7,25.6,5.95
1453,6/7/21 14:30,29.7,25.6,5.99
1454,6/7/21 14:35,29.8,25.6,5.97
1455,6/7/21 14:40,29.8,25.6,6.01
1456,6/7/21 14:45,29.7,25.6,6.01
1457,6/7/21 14:50,29.8,25.6,5.97
1458,6/7/21 14:55,29.7,25.6,5.92
1459,6/7/21 15:00,29.7,25.6,5.95
1460,6/7/21 15:05,29.8,25.6,5.93
1461,6/7/21 15:10,29.7,25.6,5.89
1462,6/7/21 15:15,29.6,25.6,5.87
1463,6/7/21 15:20,29.7,25.6,5.88
1464,6/7/21 15:25,29.7,25.6,5.92
1465,6/7/21 15:30,29.7,26,5.93
1466,6/7/21 15:35,29.7,25.6,5.93
1467,6/7/21 15:40,29.7,25.6,5.92
1468,6/7/21 15:45,29.7,25.6,5.91
1469,6/7/21 15:50,29.6,25.6,5.87
1470,6/7/21 15:55,29.6,25.6,5.8
1471,6/7/21 16:00,29.5,25.7,5.73
1472,6/7/21 16:05,29.4,25.7,5.72
1473,6/7/21 16:10,29.4,25.7,5.67
1474,6/7/21 16:15,29.4,25.3,5.67
1475,6/7/21 16:20,29.4,25.3,5.64
1476,6/7/21 16:25,29.4,25.3,5.63
1477,6/7/21 16:30,29.4,25.3,5.61
1478,6/7/21 16:35,29.4,25.7,5.59
1479,6/7/21 16:40,29.3,25.3,5.56
1480,6/7/21 16:45,29.3,25.3,5.57
1481,6/7/21 16:50,29.2,25.3,5.53
1482,6/7/21 16:55,29.2,25.3,5.51
1483,6/7/21 17:00,29.1,25.3,5.49
1484,6/7/21 17:05,29.1,25.3,5.47
1485,6/7/21 17:10,29.1,25.3,5.45
1486,6/7/21 17:15,29.1,25.3,5.43
1487,6/7/21 17:20,29.1,25.3,5.43
1488,6/7/21 17:25,29.1,24.9,5.44
1489,6/7/21 17:30,29.1,25.3,5.45
1490,6/7/21 17:35,29.1,25.3,5.45
1491,6/7/21 17:40,29.1,25.3,5.47
1492,6/7/21 17:45,29.1,25.3,5.45
1493,6/7/21 17:50,29.1,25.3,5.45
1494,6/7/21 17:55,29.1,25.3,5.45
1495,6/7/21 18:00,29.1,25.3,5.48
1496,6/7/21 18:05,29.1,25.3,5.48
1497,6/7/21 18:10,29.1,25.3,5.44
1498,6/7/21 18:15,29.1,25.3,5.44
1499,6/7/21 18:20,29.1,25.3,5.45
1500,6/7/21 18:25,29.1,25.3,5.45
1501,6/7/21 18:30,29.1,24.9,5.41
1502,6/7/21 18:35,29,24.9,5.4
1503,6/7/21 18:40,29,25.3,5.39
1504,6/7/21 18:45,29,24.9,5.39
1505,6/7/21 18:50,29.1,24.9,5.36
1506,6/7/21 18:55,28.9,24.9,5.36
1507,6/7/21 19:00,29,25.3,5.33
1508,6/7/21 19:05,29,24.9,5.33
1509,6/7/21 19:10,28.9,25.3,5.31
1510,6/7/21 19:15,28.9,25.3,5.31
1511,6/7/21 19:20,28.9,24.9,5.29
1512,6/7/21 19:25,28.9,25.3,5.28
1513,6/7/21 19:30,28.9,24.9,5.25
1514,6/7/21 19:35,28.8,24.9,5.25
1515,6/7/21 19:40,28.8,25.3,5.21
1516,6/7/21 19:45,28.8,24.9,5.19
1517,6/7/21 19:50,28.8,24.9,5.15
1518,6/7/21 19:55,28.7,24.9,5.13
1519,6/7/21 20:00,28.8,24.9,5.11
1520,6/7/21 20:05,28.7,24.9,5.08
1521,6/7/21 20:10,28.7,24.5,5.06
1522,6/7/21 20:15,28.7,24.5,5.05
1523,6/7/21 20:20,28.7,24.5,5.02
1524,6/7/21 20:25,28.7,24.5,4.98
1525,6/7/21 20:30,28.7,24.9,4.96
1526,6/7/21 20:35,28.6,24.5,4.93
1527,6/7/21 20:40,28.5,24.5,4.92
1528,6/7/21 20:45,28.5,24.5,4.9
1529,6/7/21 20:50,28.5,24.5,4.89
1530,6/7/21 20:55,28.4,24.5,4.86
1531,6/7/21 21:00,28.5,24.5,4.86
1532,6/7/21 21:05,28.4,24.5,4.82
1533,6/7/21 21:10,28.4,24.5,4.81
1534,6/7/21 21:15,28.4,24.5,4.82
1535,6/7/21 21:20,28.4,24.5,4.78
1536,6/7/21 21:25,28.4,24.2,4.74
1537,6/7/21 21:30,28.4,24.5,4.73
1538,6/7/21 21:35,28.3,24.2,4.73
1539,6/7/21 21:40,28.2,24.5,4.73
1540,6/7/21 21:45,28.2,24.5,4.7
1541,6/7/21 21:50,28.2,24.2,4.69
1542,6/7/21 21:55,28.2,24.5,4.66
1543,6/7/21 22:00,28.2,24.2,4.64
1544,6/7/21 22:05,28.1,24.2,4.61
1545,6/7/21 22:10,28.2,24.2,4.6
1546,6/7/21 22:15,28.1,24.2,4.58
1547,6/7/21 22:20,28,24.2,4.57
1548,6/7/21 22:25,28,24.2,4.56
1549,6/7/21 22:30,28,24.2,4.54
1550,6/7/21 22:35,28,24.2,4.5
1551,6/7/21 22:40,28,24.2,4.46
1552,6/7/21 22:45,27.9,24.2,4.42
1553,6/7/21 22:50,27.7,24.2,4.38
1554,6/7/21 22:55,27.8,23.8,4.34
1555,6/7/21 23:00,27.8,23.8,4.33
1556,6/7/21 23:05,27.7,23.8,4.32
1557,6/7/21 23:10,27.7,23.8,4.3
1558,6/7/21 23:15,27.8,23.8,4.3
1559,6/7/21 23:20,27.7,23.8,4.28
1560,6/7/21 23:25,27.6,23.8,4.25
1561,6/7/21 23:30,27.7,23.8,4.22
1562,6/7/21 23:35,27.6,23.8,4.21
1563,6/7/21 23:40,27.6,23.8,4.2
1564,6/7/21 23:45,27.6,23.8,4.21
1565,6/7/21 23:50,27.6,23.8,4.18
1566,6/7/21 23:55,27.5,23.4,4.17
1567,6/8/21 0:00,27.5,23.8,4.11
1568,6/8/21 0:05,27.5,23.4,4.09
1569,6/8/21 0:10,27.4,23.8,4.07
1570,6/8/21 0:15,27.5,23.4,4.07
1571,6/8/21 0:20,27.5,23.8,4.06
1572,6/8/21 0:25,27.4,23.4,4.05
1573,6/8/21 0:30,27.3,23.4,4.03
1574,6/8/21 0:35,27.3,23.4,4.02
1575,6/8/21 0:40,27.4,23.4,3.99
1576,6/8/21 0:45,27.3,23.4,3.98
1577,6/8/21 0:50,27.3,23.4,3.95
1578,6/8/21 0:55,27.3,23.4,3.94
1579,6/8/21 1:00,27.3,23.4,3.95
1580,6/8/21 1:05,27.3,23.4,3.93
1581,6/8/21 1:10,27.3,23.4,3.94
1582,6/8/21 1:15,27.3,23.4,3.94
1583,6/8/21 1:20,27.3,23.4,3.94
1584,6/8/21 1:25,27.3,23.4,3.95
1585,6/8/21 1:30,27.3,23.4,3.94
1586,6/8/21 1:35,27.3,23.4,3.94
1587,6/8/21 1:40,27.3,23.4,3.93
1588,6/8/21 1:45,27.3,23.4,3.9
1589,6/8/21 1:50,27.3,23.4,3.89
1590,6/8/21 1:55,27.2,23.4,3.86
1591,6/8/21 2:00,27.2,23.4,3.85
1592,6/8/21 2:05,27.2,23.4,3.82
1593,6/8/21 2:10,27.3,23.4,3.82
1594,6/8/21 2:15,27.2,23.4,3.82
1595,6/8/21 2:20,27.1,23.4,3.81
1596,6/8/21 2:25,27.3,23.4,3.79
1597,6/8/21 2:30,27.2,23.1,3.78
1598,6/8/21 2:35,27.1,23.4,3.77
1599,6/8/21 2:40,27.1,23.4,3.74
1600,6/8/21 2:45,27.1,23.4,3.73
1601,6/8/21 2:50,27.1,23.4,3.7
1602,6/8/21 2:55,27.1,23.1,3.71
1603,6/8/21 3:00,27.1,23.4,3.69
1604,6/8/21 3:05,27.1,23.4,3.69
1605,6/8/21 3:10,27.1,23.1,3.67
1606,6/8/21 3:15,27.1,23.4,3.67
1607,6/8/21 3:20,27.1,23.1,3.67
1608,6/8/21 3:25,27.1,23.1,3.67
1609,6/8/21 3:30,27.1,23.4,3.66
1610,6/8/21 3:35,27.1,23.4,3.66
1611,6/8/21 3:40,27.1,23.1,3.65
1612,6/8/21 3:45,27.1,23.4,3.65
1613,6/8/21 3:50,27.1,23.1,3.65
1614,6/8/21 3:55,27.1,23.1,3.63
1615,6/8/21 4:00,27.2,23.1,3.63
1616,6/8/21 4:05,27.1,23.4,3.65
1617,6/8/21 4:10,27.2,23.1,3.62
1618,6/8/21 4:15,27.2,23.4,3.62
1619,6/8/21 4:20,27.2,23.4,3.62
1620,6/8/21 4:25,27.1,23.4,3.61
1621,6/8/21 4:30,27.2,23.4,3.61
1622,6/8/21 4:35,27.2,23.4,3.61
1623,6/8/21 4:40,27.2,23.4,3.59
1624,6/8/21 4:45,27.2,23.4,3.59
1625,6/8/21 4:50,27.1,23.4,3.58
1626,6/8/21 4:55,27.2,23.1,3.59
1627,6/8/21 5:00,27.1,23.4,3.59
1628,6/8/21 5:05,27.1,23.4,3.58
1629,6/8/21 5:10,27.2,23.4,3.58
1630,6/8/21 5:15,27.2,23.4,3.57
1631,6/8/21 5:20,27.2,23.4,3.57
1632,6/8/21 5:25,27.2,23.1,3.55
1633,6/8/21 5:30,27.2,23.4,3.57
1634,6/8/21 5:35,27.2,23.4,3.58
1635,6/8/21 5:40,27.2,23.4,3.57
1636,6/8/21 5:45,27.2,23.4,3.57
1637,6/8/21 5:50,27.1,23.4,3.57
1638,6/8/21 5:55,27.1,23.4,3.57
1639,6/8/21 6:00,27.2,23.1,3.55
1640,6/8/21 6:05,27.2,23.4,3.55
1641,6/8/21 6:10,27.2,23.4,3.54
1642,6/8/21 6:15,27.1,23.4,3.55
1643,6/8/21 6:20,27.2,23.4,3.54
1644,6/8/21 6:25,27.1,23.4,3.53
1645,6/8/21 6:30,27.2,23.4,3.54
1646,6/8/21 6:35,27.2,23.4,3.55
1647,6/8/21 6:40,27.2,23.4,3.55
1648,6/8/21 6:45,27.1,23.4,3.55
1649,6/8/21 6:50,27.1,23.4,3.55
1650,6/8/21 6:55,27.1,23.4,3.55
1651,6/8/21 7:00,27.2,23.4,3.57
1652,6/8/21 7:05,27.2,23.1,3.57
1653,6/8/21 7:10,27.2,23.4,3.57
1654,6/8/21 7:15,27.2,23.1,3.59
1655,6/8/21 7:20,27.2,23.4,3.59
1656,6/8/21 7:25,27.2,23.4,3.62
1657,6/8/21 7:30,27.2,23.4,3.62
1658,6/8/21 7:35,27.2,23.4,3.63
1659,6/8/21 7:40,27.3,23.4,3.66
1660,6/8/21 7:45,27.3,23.4,3.67
1661,6/8/21 7:50,27.3,23.4,3.69
1662,6/8/21 7:55,27.3,23.4,3.73
1663,6/8/21 8:00,27.3,23.4,3.74
1664,6/8/21 8:05,27.3,23.4,3.77
1665,6/8/21 8:10,27.3,23.4,3.79
1666,6/8/21 8:15,27.3,23.4,3.81
1667,6/8/21 8:20,27.4,23.4,3.83
1668,6/8/21 8:25,27.4,23.8,3.87
1669,6/8/21 8:30,27.4,23.4,3.9
1670,6/8/21 8:35,27.5,23.4,3.93
1671,6/8/21 8:40,27.5,23.8,3.97
1672,6/8/21 8:45,27.5,23.8,3.99
1673,6/8/21 8:50,27.6,23.4,4.02
1674,6/8/21 8:55,27.6,23.8,4.06
1675,6/8/21 9:00,27.6,23.8,4.09
1676,6/8/21 9:05,27.6,23.8,4.1
1677,6/8/21 9:10,27.6,23.8,4.11
1678,6/8/21 9:15,27.7,23.8,4.15
1679,6/8/21 9:20,27.7,23.8,4.2
1680,6/8/21 9:25,27.7,23.8,4.22
1681,6/8/21 9:30,27.7,23.8,4.28
1682,6/8/21 9:35,27.7,23.8,4.33
1683,6/8/21 9:40,27.8,23.8,4.38
1684,6/8/21 9:45,27.9,23.8,4.44
1685,6/8/21 9:50,28,23.8,4.5
1686,6/8/21 9:55,28,24.2,4.6
1687,6/8/21 10:00,28.1,24.2,4.68
1688,6/8/21 10:05,28.1,24.2,4.78
1689,6/8/21 10:10,28.2,24.5,4.97
1690,6/8/21 10:15,28.4,24.5,5.16
1691,6/8/21 10:16,,,
1692,6/8/21 10:16,,,