Plot Title: 10778331,,,,
ID,datetime,low_range_uScm,full_range_uScm,temp_C
1,5/13/21 14:30,2.1,6.3,10.19
2,5/13/21 14:40,2.5,2.5,9.82
3,5/13/21 14:50,2.7,6.3,9.51
4,5/13/21 15:00,2.5,2.5,9.31
5,5/13/21 15:10,2.5,2.5,9.13
6,5/13/21 15:20,2.7,2.5,9.08
7,5/13/21 15:30,2.7,2.5,9.09
8,5/13/21 15:40,2.5,2.5,9.06
9,5/13/21 15:50,2.5,2.5,8.98
10,5/13/21 16:00,1.9,2.5,8.9
11,5/13/21 16:10,2.5,2.5,8.9
12,5/13/21 16:20,2.5,2.5,8.85
13,5/13/21 16:30,2.5,6.3,8.72
14,5/13/21 16:40,4,2.5,8.62
15,5/13/21 16:50,2.5,2.5,8.55
16,5/13/21 17:00,1.9,2.5,8.46
17,5/13/21 17:10,2.5,2.5,8.35
18,5/13/21 17:20,2.5,2.5,8.18
19,5/13/21 17:30,2.5,6.3,8.05
20,5/13/21 17:40,1.9,2.5,7.93
21,5/13/21 17:50,2.5,2.5,7.78
22,5/13/21 18:00,4.3,6.3,7.68
23,5/13/21 18:10,2.7,6.3,7.55
24,5/13/21 18:20,2.5,2.5,7.39
25,5/13/21 18:30,2.5,2.5,7.3
26,5/13/21 18:40,2.1,2.5,7.24
27,5/13/21 18:50,2.5,2.5,7.18
28,5/13/21 19:00,2.5,2.5,7.15
29,5/13/21 19:10,2.5,2.5,7.12
30,5/13/21 19:20,1.9,2.5,7.09
31,5/13/21 19:30,2.5,2.5,7.03
32,5/13/21 19:40,2.5,6.3,6.94
33,5/13/21 19:50,2.5,2.5,6.84
34,5/13/21 20:00,2.7,2.5,6.75
35,5/13/21 20:10,2.7,2.5,6.66
36,5/13/21 20:20,2.7,2.5,6.54
37,5/13/21 20:30,2.5,2.5,6.42
38,5/13/21 20:40,2.1,2.5,6.29
39,5/13/21 20:50,1.9,2.5,6.16
40,5/13/21 21:00,2.7,2.5,6
41,5/13/21 21:10,2.7,2.5,5.87
42,5/13/21 21:20,2.7,6.3,5.75
43,5/13/21 21:30,2.5,2.5,5.62
44,5/13/21 21:40,2.5,2.5,5.52
45,5/13/21 21:50,4.3,2.5,5.37
46,5/13/21 22:00,2.5,6.3,5.27
47,5/13/21 22:10,2.5,2.5,5.15
48,5/13/21 22:20,1.9,2.5,5.04
49,5/13/21 22:30,2.7,2.5,4.94
50,5/13/21 22:40,2.5,2.5,4.83
51,5/13/21 22:50,2.5,2.5,4.76
52,5/13/21 23:00,2.7,2.5,4.62
53,5/13/21 23:10,1.9,2.5,4.53
54,5/13/21 23:20,2.5,2.5,4.43
55,5/13/21 23:30,2.5,2.5,4.35
56,5/13/21 23:40,2.7,2.5,4.26
57,5/13/21 23:50,2.5,6.3,4.16
58,5/14/21 0:00,2.5,2.5,4.09
59,5/14/21 0:10,2.5,2.5,4.01
60,5/14/21 0:20,2.5,2.5,3.94
61,5/14/21 0:30,2.5,2.5,3.86
62,5/14/21 0:40,2.5,2.5,3.84
63,5/14/21 0:50,2.5,2.5,3.77
64,5/14/21 1:00,2.7,2.5,3.69
65,5/14/21 1:10,2.5,2.5,3.64
66,5/14/21 1:20,2.5,6.3,3.6
67,5/14/21 1:30,2.1,2.5,3.55
68,5/14/21 1:40,2.5,2.5,3.52
69,5/14/21 1:50,2.5,2.5,3.51
70,5/14/21 2:00,2.5,2.5,3.51
71,5/14/21 2:10,2.7,2.5,3.48
72,5/14/21 2:20,2.5,2.5,3.46
73,5/14/21 2:30,2.7,2.5,3.42
74,5/14/21 2:40,2.5,2.5,3.38
75,5/14/21 2:50,1.9,6.3,3.32
76,5/14/21 3:00,2.5,9,3.29
77,5/14/21 3:10,2.5,2.5,3.25
78,5/14/21 3:20,2.5,2.5,3.19
79,5/14/21 3:30,2.7,2.5,3.13
80,5/14/21 3:40,2.7,2.5,3.09
81,5/14/21 3:50,2.7,2.5,3.05
82,5/14/21 4:00,2.7,6.3,3.01
83,5/14/21 4:10,2.5,2.5,2.96
84,5/14/21 4:20,2.5,2.5,2.92
85,5/14/21 4:30,2.1,2.5,2.9
86,5/14/21 4:40,2.5,2.5,2.85
87,5/14/21 4:50,1.9,2.5,2.84
88,5/14/21 5:00,1.9,2.5,2.8
89,5/14/21 5:10,2.7,2.5,2.75
90,5/14/21 5:20,2.7,2.5,2.69
91,5/14/21 5:30,2.5,2.5,2.64
92,5/14/21 5:40,2.5,2.5,2.6
93,5/14/21 5:50,2.1,2.5,2.55
94,5/14/21 6:00,2.5,2.5,2.51
95,5/14/21 6:10,2.5,2.5,2.47
96,5/14/21 6:20,2.5,9,2.44
97,5/14/21 6:30,2.5,6.3,2.41
98,5/14/21 6:40,2.7,2.5,2.39
99,5/14/21 6:50,2.5,2.5,2.37
100,5/14/21 7:00,2.7,2.5,2.35
101,5/14/21 7:10,2.5,2.5,2.37
102,5/14/21 7:20,1.9,2.5,2.37
103,5/14/21 7:30,1.9,2.5,2.39
104,5/14/21 7:40,2.5,2.5,2.43
105,5/14/21 7:50,2.5,2.5,2.48
106,5/14/21 8:00,2.5,2.5,2.58
107,5/14/21 8:10,2.7,2.5,2.72
108,5/14/21 8:20,2.5,6.3,2.88
109,5/14/21 8:30,2.4,2.5,3.02
110,5/14/21 8:40,2.5,2.5,3.21
111,5/14/21 8:50,4.3,2.5,3.44
112,5/14/21 9:00,1.9,2.5,3.71
113,5/14/21 9:10,2.5,2.5,3.95
114,5/14/21 9:20,2.5,6.3,4.23
115,5/14/21 9:30,2.5,2.5,4.51
116,5/14/21 9:40,2.5,9,4.87
117,5/14/21 9:50,1.9,2.5,5.24
118,5/14/21 10:00,2.7,2.5,5.54
119,5/14/21 10:10,2.7,6.3,5.83
120,5/14/21 10:20,2.5,2.5,6.16
121,5/14/21 10:30,2.5,2.5,6.59
122,5/14/21 10:40,2.5,2.5,7.15
123,5/14/21 10:50,2.7,2.5,7.72
124,5/14/21 11:00,2.7,2.5,8.26
125,5/14/21 11:10,2.5,2.5,8.84
126,5/14/21 11:20,2.5,2.5,9.42
127,5/14/21 11:30,2.5,2.5,9.96
128,5/14/21 11:40,2.5,2.5,10.34
129,5/14/21 11:50,2.5,2.5,10.51
130,5/14/21 12:00,2.5,2.5,10.64
131,5/14/21 12:10,2.5,6.3,10.68
132,5/14/21 12:20,2.5,2.5,10.72
133,5/14/21 12:30,4.3,2.5,10.69
134,5/14/21 12:40,2.5,6.3,10.53
135,5/14/21 12:50,2.5,2.5,10.52
136,5/14/21 13:00,2.7,2.5,10.73
137,5/14/21 13:10,2.5,2.5,11.1
138,5/14/21 13:20,2.7,2.5,11.43
139,5/14/21 13:30,2.7,6.3,11.73
140,5/14/21 13:40,2.5,2.5,11.89
141,5/14/21 13:50,2.7,2.5,11.86
142,5/14/21 14:00,2.5,2.5,11.62
143,5/14/21 14:10,4.3,2.5,11.15
144,5/14/21 14:20,2.5,2.5,10.7
145,5/14/21 14:30,4.3,2.5,10.26
146,5/14/21 14:40,2.7,2.5,9.84
147,5/14/21 14:50,2.5,2.5,9.54
148,5/14/21 15:00,2.5,2.5,9.38
149,5/14/21 15:10,2.5,6.3,9.43
150,5/14/21 15:20,2.5,2.5,9.63
151,5/14/21 15:30,4.3,6.3,9.85
152,5/14/21 15:40,4.3,2.5,9.92
153,5/14/21 15:50,2.5,2.5,9.84
154,5/14/21 16:00,4,2.5,9.68
155,5/14/21 16:10,2.5,6.3,9.57
156,5/14/21 16:20,2.5,2.5,9.47
157,5/14/21 16:30,2.5,2.5,9.25
158,5/14/21 16:40,1.9,2.5,9.1
159,5/14/21 16:50,2.5,6.3,8.97
160,5/14/21 17:00,2.5,2.5,8.79
161,5/14/21 17:10,1.9,6.3,8.63
162,5/14/21 17:20,2.7,2.5,8.56
163,5/14/21 17:30,2.5,2.5,8.43
164,5/14/21 17:40,2.5,2.5,8.22
165,5/14/21 17:50,2.5,2.5,8.09
166,5/14/21 18:00,2.5,6.3,8.05
167,5/14/21 18:10,2.5,2.5,7.89
168,5/14/21 18:20,2.7,2.5,7.7
169,5/14/21 18:30,2.5,2.5,7.51
170,5/14/21 18:40,2.7,2.5,7.41
171,5/14/21 18:50,2.7,2.5,7.22
172,5/14/21 19:00,2.5,2.5,6.99
173,5/14/21 19:10,2.5,2.5,6.88
174,5/14/21 19:20,1.9,2.5,6.82
175,5/14/21 19:30,2.5,2.5,6.69
176,5/14/21 19:40,1.9,6.3,6.54
177,5/14/21 19:50,2.5,6.3,6.45
178,5/14/21 20:00,2.5,2.5,6.32
179,5/14/21 20:10,2.7,6.3,6.07
180,5/14/21 20:20,2.5,6.3,5.88
181,5/14/21 20:30,2.5,2.5,5.78
182,5/14/21 20:40,2.7,2.5,5.67
183,5/14/21 20:50,2.7,2.5,5.56
184,5/14/21 21:00,2.5,2.5,5.46
185,5/14/21 21:10,2.5,2.5,5.36
186,5/14/21 21:20,2.5,2.5,5.25
187,5/14/21 21:30,2.5,2.5,5.15
188,5/14/21 21:40,2.5,2.5,5.07
189,5/14/21 21:50,1.9,2.5,4.99
190,5/14/21 22:00,2.7,2.5,4.9
191,5/14/21 22:10,2.5,2.5,4.82
192,5/14/21 22:20,2.7,6.3,4.73
193,5/14/21 22:30,2.7,2.5,4.64
194,5/14/21 22:40,2.5,2.5,4.57
195,5/14/21 22:50,2.5,2.5,4.51
196,5/14/21 23:00,2.7,2.5,4.43
197,5/14/21 23:10,2.5,2.5,4.35
198,5/14/21 23:20,1.9,2.5,4.28
199,5/14/21 23:30,2.5,2.5,4.22
200,5/14/21 23:40,2.5,9,4.15
201,5/14/21 23:50,2.7,2.5,4.07
202,5/15/21 0:00,2.5,2.5,3.99
203,5/15/21 0:10,2.5,2.5,3.92
204,5/15/21 0:20,2.5,2.5,3.85
205,5/15/21 0:30,2.5,2.5,3.77
206,5/15/21 0:40,2.7,2.5,3.69
207,5/15/21 0:50,2.7,2.5,3.63
208,5/15/21 1:00,2.5,2.5,3.56
209,5/15/21 1:10,2.5,2.5,3.5
210,5/15/21 1:20,2.1,2.5,3.43
211,5/15/21 1:30,2.1,2.5,3.35
212,5/15/21 1:40,2.5,2.5,3.27
213,5/15/21 1:50,2.7,2.5,3.22
214,5/15/21 2:00,2.5,2.5,3.17
215,5/15/21 2:10,2.7,6.3,3.1
216,5/15/21 2:20,2.5,6.3,3.05
217,5/15/21 2:30,2.5,2.5,2.98
218,5/15/21 2:40,2.5,2.5,2.94
219,5/15/21 2:50,2.7,2.5,2.89
220,5/15/21 3:00,2.5,2.5,2.87
221,5/15/21 3:10,2.5,2.5,2.81
222,5/15/21 3:20,2.5,2.5,2.77
223,5/15/21 3:30,2.5,2.5,2.73
224,5/15/21 3:40,2.5,2.5,2.72
225,5/15/21 3:50,1.9,2.5,2.68
226,5/15/21 4:00,2.5,2.5,2.64
227,5/15/21 4:10,2.5,2.5,2.6
228,5/15/21 4:20,2.7,2.5,2.56
229,5/15/21 4:30,2.5,2.5,2.52
230,5/15/21 4:40,2.5,2.5,2.48
231,5/15/21 4:50,2.7,2.5,2.44
232,5/15/21 5:00,2.7,2.5,2.41
233,5/15/21 5:10,2.7,2.5,2.38
234,5/15/21 5:20,2.5,2.5,2.35
235,5/15/21 5:30,2.5,2.5,2.33
236,5/15/21 5:40,1.9,2.5,2.3
237,5/15/21 5:50,2.5,2.5,2.27
238,5/15/21 6:00,2.5,2.5,2.26
239,5/15/21 6:10,2.7,2.5,2.23
240,5/15/21 6:20,2.5,2.5,2.2
241,5/15/21 6:30,2.5,6.3,2.2
242,5/15/21 6:40,2.5,2.5,2.17
243,5/15/21 6:50,2.5,2.5,2.17
244,5/15/21 7:00,2.5,6.3,2.16
245,5/15/21 7:10,2.5,2.5,2.16
246,5/15/21 7:20,2.5,2.5,2.16
247,5/15/21 7:30,2.5,2.5,2.18
248,5/15/21 7:40,2.7,2.5,2.22
249,5/15/21 7:50,2.5,2.5,2.29
250,5/15/21 8:00,1.9,2.5,2.35
251,5/15/21 8:10,2.5,2.5,2.44
252,5/15/21 8:20,2.5,2.5,2.55
253,5/15/21 8:30,1.9,2.5,2.67
254,5/15/21 8:40,2.5,2.5,2.8
255,5/15/21 8:50,2.5,2.5,2.94
256,5/15/21 9:00,2.7,27.4,3.09
257,5/15/21 9:10,2.5,2.5,3.26
258,5/15/21 9:20,1.9,6.3,3.46
259,5/15/21 9:30,2.7,2.5,3.74
260,5/15/21 9:40,2.5,2.5,4.14
261,5/15/21 9:50,2.5,2.5,4.61
262,5/15/21 10:00,2.1,2.5,5.04
263,5/15/21 10:10,2.5,2.5,5.5
264,5/15/21 10:20,2.7,2.5,6.11
265,5/15/21 10:30,2.5,2.5,6.74
266,5/15/21 10:40,2.5,2.5,7.33
267,5/15/21 10:50,2.1,2.5,7.92
268,5/15/21 11:00,2.5,2.5,8.52
269,5/15/21 11:10,2.5,2.5,9.23
270,5/15/21 11:20,2.5,2.5,9.86
271,5/15/21 11:30,2.5,2.5,10.4
272,5/15/21 11:40,2.5,2.5,10.87
273,5/15/21 11:50,4.3,2.5,11.16
274,5/15/21 12:00,2.5,2.5,11.32
275,5/15/21 12:10,2.5,2.5,11.5
276,5/15/21 12:20,2.5,2.5,11.66
277,5/15/21 12:30,4,2.5,11.69
278,5/15/21 12:40,4.3,6.3,11.77
279,5/15/21 12:50,2.5,2.5,11.73
280,5/15/21 13:00,2.5,2.5,11.66
281,5/15/21 13:10,2.5,2.5,11.54
282,5/15/21 13:20,2.5,2.5,11.58
283,5/15/21 13:30,2.5,2.5,11.79
284,5/15/21 13:40,2.7,2.5,12.06
285,5/15/21 13:50,2.5,2.5,12.4
286,5/15/21 14:00,2.5,2.5,12.74
287,5/15/21 14:10,4.3,27.1,12.96
288,5/15/21 14:20,2.5,2.5,13.05
289,5/15/21 14:30,2.5,2.5,13.04
290,5/15/21 14:40,2.5,2.5,12.95
291,5/15/21 14:50,2.5,2.5,12.87
292,5/15/21 15:00,2.5,2.5,12.83
293,5/15/21 15:10,2.5,2.5,12.66
294,5/15/21 15:20,2.5,2.5,12.46
295,5/15/21 15:30,2.7,2.5,12.27
296,5/15/21 15:40,2.5,2.5,12.07
297,5/15/21 15:50,4.3,2.5,11.85
298,5/15/21 16:00,2.5,2.5,11.62
299,5/15/21 16:10,2.7,2.5,11.41
300,5/15/21 16:20,2.7,2.5,11.14
301,5/15/21 16:30,2.5,2.5,10.86
302,5/15/21 16:40,2.5,6.3,10.68
303,5/15/21 16:50,2.5,2.5,10.44
304,5/15/21 17:00,2.7,2.5,10.19
305,5/15/21 17:10,2.5,2.5,9.92
306,5/15/21 17:20,4.3,2.5,9.71
307,5/15/21 17:30,2.7,2.5,9.5
308,5/15/21 17:40,2.5,2.5,9.22
309,5/15/21 17:50,2.5,2.5,8.94
310,5/15/21 18:00,2.7,2.5,8.76
311,5/15/21 18:10,2.5,27.3,8.56
312,5/15/21 18:20,2.5,6.3,8.34
313,5/15/21 18:30,2.7,2.5,8.1
314,5/15/21 18:40,2.7,6.3,7.95
315,5/15/21 18:50,2.5,2.5,7.78
316,5/15/21 19:00,2.5,2.5,7.57
317,5/15/21 19:10,2.5,2.5,7.3
318,5/15/21 19:20,2.5,2.5,7.11
319,5/15/21 19:30,2.5,2.5,6.9
320,5/15/21 19:40,1.9,2.5,6.66
321,5/15/21 19:50,2.5,6.3,6.53
322,5/15/21 20:00,2.5,2.5,6.4
323,5/15/21 20:10,2.5,2.5,6.19
324,5/15/21 20:20,2.5,2.5,5.98
325,5/15/21 20:30,2.1,9,5.9
326,5/15/21 20:40,2.5,6.3,5.78
327,5/15/21 20:50,2.5,2.5,5.58
328,5/15/21 21:00,2.5,6.3,5.48
329,5/15/21 21:10,2.7,2.5,5.4
330,5/15/21 21:20,2.5,2.5,5.29
331,5/15/21 21:30,2.5,2.5,5.08
332,5/15/21 21:40,2.5,6.3,4.98
333,5/15/21 21:50,2.5,2.5,4.9
334,5/15/21 22:00,2.5,2.5,4.81
335,5/15/21 22:10,2.5,2.5,4.74
336,5/15/21 22:20,2.5,2.5,4.69
337,5/15/21 22:30,2.7,2.5,4.62
338,5/15/21 22:40,1.9,9,4.56
339,5/15/21 22:50,2.5,2.5,4.43
340,5/15/21 23:00,2.5,2.5,4.22
341,5/15/21 23:10,2.5,2.5,4.05
342,5/15/21 23:20,2.5,2.5,3.95
343,5/15/21 23:30,2.5,2.5,3.9
344,5/15/21 23:40,2.5,6.3,3.81
345,5/15/21 23:50,2.5,2.5,3.77
346,5/16/21 0:00,2.5,2.5,3.74
347,5/16/21 0:10,2.5,6.3,3.71
348,5/16/21 0:20,2.5,2.5,3.67
349,5/16/21 0:30,2.7,2.5,3.64
350,5/16/21 0:40,1.9,2.5,3.6
351,5/16/21 0:50,2.5,6.3,3.56
352,5/16/21 1:00,2.5,2.5,3.53
353,5/16/21 1:10,2.5,6.3,3.48
354,5/16/21 1:20,2.5,2.5,3.42
355,5/16/21 1:30,2.5,2.5,3.38
356,5/16/21 1:40,2.5,2.5,3.34
357,5/16/21 1:50,2.5,2.5,3.31
358,5/16/21 2:00,2.5,2.5,3.26
359,5/16/21 2:10,2.7,2.5,3.22
360,5/16/21 2:20,2.5,6.3,3.19
361,5/16/21 2:30,2.5,2.5,3.15
362,5/16/21 2:40,2.7,6.3,3.11
363,5/16/21 2:50,2.5,2.5,3.08
364,5/16/21 3:00,2.5,2.5,3.04
365,5/16/21 3:10,2.7,2.5,3.01
366,5/16/21 3:20,2.5,6.3,2.97
367,5/16/21 3:30,2.5,9,2.93
368,5/16/21 3:40,2.5,2.5,2.89
369,5/16/21 3:50,2.5,2.5,2.87
370,5/16/21 4:00,2.1,2.5,2.83
371,5/16/21 4:10,2.5,2.5,2.81
372,5/16/21 4:20,2.5,2.5,2.76
373,5/16/21 4:30,2.5,2.5,2.71
374,5/16/21 4:40,2.5,2.5,2.68
375,5/16/21 4:50,2.5,2.5,2.63
376,5/16/21 5:00,2.5,2.5,2.58
377,5/16/21 5:10,2.5,2.5,2.54
378,5/16/21 5:20,2.5,6.3,2.48
379,5/16/21 5:30,2.5,2.5,2.44
380,5/16/21 5:40,2.5,2.5,2.41
381,5/16/21 5:50,1.9,2.5,2.38
382,5/16/21 6:00,2.5,2.5,2.35
383,5/16/21 6:10,2.5,2.5,2.33
384,5/16/21 6:20,2.7,2.5,2.3
385,5/16/21 6:30,2.7,2.5,2.3
386,5/16/21 6:40,2.7,2.5,2.31
387,5/16/21 6:50,2.1,6.3,2.33
388,5/16/21 7:00,2.7,2.5,2.31
389,5/16/21 7:10,2.7,2.5,2.3
390,5/16/21 7:20,2.5,2.5,2.31
391,5/16/21 7:30,2.5,6.3,2.37
392,5/16/21 7:40,1.9,2.5,2.42
393,5/16/21 7:50,2.7,6.3,2.48
394,5/16/21 8:00,2.5,2.5,2.5
395,5/16/21 8:10,1.9,6.3,2.48
396,5/16/21 8:20,2.5,2.5,2.5
397,5/16/21 8:30,2.5,2.5,2.54
398,5/16/21 8:40,2.7,2.5,2.59
399,5/16/21 8:50,2.7,6.3,2.59
400,5/16/21 9:00,2.5,2.5,2.55
401,5/16/21 9:10,2.5,2.5,2.6
402,5/16/21 9:20,2.5,2.5,2.75
403,5/16/21 9:30,2.5,2.5,2.96
404,5/16/21 9:40,2.5,2.5,3.21
405,5/16/21 9:50,2.5,2.5,3.44
406,5/16/21 10:00,2.5,2.5,3.73
407,5/16/21 10:10,2.5,2.5,4.09
408,5/16/21 10:20,2.5,2.5,4.36
409,5/16/21 10:30,2.5,2.5,4.62
410,5/16/21 10:40,1.9,2.5,4.9
411,5/16/21 10:50,2.5,2.5,5.23
412,5/16/21 11:00,4.3,2.5,5.49
413,5/16/21 11:10,2.5,2.5,5.73
414,5/16/21 11:20,2.7,2.5,5.92
415,5/16/21 11:30,2.5,2.5,6.1
416,5/16/21 11:40,1.9,2.5,6.07
417,5/16/21 11:50,2.5,2.5,5.87
418,5/16/21 12:00,2.5,2.5,5.71
419,5/16/21 12:10,1.9,2.5,5.7
420,5/16/21 12:20,2.5,6.3,5.65
421,5/16/21 12:30,2.5,2.5,5.56
422,5/16/21 12:40,2.5,2.5,5.46
423,5/16/21 12:50,2.5,2.5,5.49
424,5/16/21 13:00,4.3,2.5,5.49
425,5/16/21 13:10,2.5,2.5,5.36
426,5/16/21 13:20,2.5,6.3,5.27
427,5/16/21 13:30,2.7,2.5,5.19
428,5/16/21 13:40,2.7,2.5,5.24
429,5/16/21 13:50,2.5,2.5,5.37
430,5/16/21 14:00,1.9,2.5,5.44
431,5/16/21 14:10,2.5,2.5,5.44
432,5/16/21 14:20,2.5,2.5,5.36
433,5/16/21 14:30,2.7,2.5,5.18
434,5/16/21 14:40,2.5,2.5,4.98
435,5/16/21 14:50,2.5,6.3,4.85
436,5/16/21 15:00,2.7,2.5,4.73
437,5/16/21 15:10,2.1,6.3,4.65
438,5/16/21 15:20,2.5,6.3,4.61
439,5/16/21 15:30,2.1,6.3,4.7
440,5/16/21 15:40,1.9,6.3,4.66
441,5/16/21 15:50,2.7,2.5,4.55
442,5/16/21 16:00,2.7,2.5,4.41
443,5/16/21 16:10,2.7,2.5,4.41
444,5/16/21 16:20,2.5,2.5,4.28
445,5/16/21 16:30,2.7,2.5,4.14
446,5/16/21 16:40,2.5,2.5,3.99
447,5/16/21 16:50,2.7,2.5,3.95
448,5/16/21 17:00,2.5,2.5,3.86
449,5/16/21 17:10,1.9,2.5,3.72
450,5/16/21 17:20,2.5,6.3,3.65
451,5/16/21 17:30,2.5,9,3.65
452,5/16/21 17:40,2.7,2.5,3.55
453,5/16/21 17:50,2.5,2.5,3.42
454,5/16/21 18:00,1.9,2.5,3.38
455,5/16/21 18:10,2.5,2.5,3.36
456,5/16/21 18:20,2.7,2.5,3.25
457,5/16/21 18:30,2.5,2.5,3.09
458,5/16/21 18:40,2.5,2.5,3.02
459,5/16/21 18:50,2.7,2.5,3.05
460,5/16/21 19:00,2.5,2.5,3.19
461,5/16/21 19:10,1.9,2.5,3.31
462,5/16/21 19:20,2.5,2.5,3.38
463,5/16/21 19:30,2.7,2.5,3.44
464,5/16/21 19:40,2.5,6.3,3.48
465,5/16/21 19:50,2.5,2.5,3.5
466,5/16/21 20:00,1.9,2.5,3.43
467,5/16/21 20:10,2.7,2.5,3.32
468,5/16/21 20:20,2.5,2.5,3.21
469,5/16/21 20:30,2.5,2.5,3.11
470,5/16/21 20:40,2.7,6.3,3.02
471,5/16/21 20:50,2.5,2.5,2.94
472,5/16/21 21:00,2.7,2.5,2.9
473,5/16/21 21:10,2.5,2.5,2.85
474,5/16/21 21:20,4.3,2.5,2.83
475,5/16/21 21:30,2.5,6.3,2.77
476,5/16/21 21:40,2.7,2.5,2.73
477,5/16/21 21:50,2.7,2.5,2.69
478,5/16/21 22:00,2.5,2.5,2.64
479,5/16/21 22:10,1.9,2.5,2.6
480,5/16/21 22:20,2.5,2.5,2.58
481,5/16/21 22:30,2.5,6.3,2.55
482,5/16/21 22:40,2.5,2.5,2.52
483,5/16/21 22:50,2.7,2.5,2.5
484,5/16/21 23:00,1.9,6.3,2.5
485,5/16/21 23:10,2.5,9,2.46
486,5/16/21 23:20,2.5,2.5,2.47
487,5/16/21 23:30,2.5,2.5,2.44
488,5/16/21 23:40,2.5,6.3,2.43
489,5/16/21 23:50,2.1,6.3,2.41
490,5/17/21 0:00,2.5,2.5,2.41
491,5/17/21 0:10,2.5,2.5,2.38
492,5/17/21 0:20,2.5,2.5,2.37
493,5/17/21 0:30,2.5,2.5,2.35
494,5/17/21 0:40,1.9,2.5,2.34
495,5/17/21 0:50,2.5,6.3,2.3
496,5/17/21 1:00,2.5,2.5,2.27
497,5/17/21 1:10,2.7,2.5,2.26
498,5/17/21 1:20,2.5,6.3,2.23
499,5/17/21 1:30,2.5,2.5,2.23
500,5/17/21 1:40,4,2.5,2.22
501,5/17/21 1:50,2.5,2.5,2.21
502,5/17/21 2:00,2.5,2.5,2.2
503,5/17/21 2:10,1.9,2.5,2.2
504,5/17/21 2:20,2.7,2.5,2.18
505,5/17/21 2:30,2.5,2.5,2.2
506,5/17/21 2:40,2.5,2.5,2.2
507,5/17/21 2:50,2.5,6.3,2.18
508,5/17/21 3:00,1.9,2.5,2.17
509,5/17/21 3:10,2.5,6.3,2.17
510,5/17/21 3:20,2.5,2.5,2.17
511,5/17/21 3:30,2.5,27.4,2.17
512,5/17/21 3:40,2.5,2.5,2.16
513,5/17/21 3:50,2.5,2.5,2.17
514,5/17/21 4:00,2.7,2.5,2.17
515,5/17/21 4:10,2.5,2.5,2.18
516,5/17/21 4:20,2.7,6.3,2.17
517,5/17/21 4:30,2.5,2.5,2.17
518,5/17/21 4:40,2.7,6.3,2.16
519,5/17/21 4:50,2.7,2.5,2.14
520,5/17/21 5:00,2.5,2.5,2.21
521,5/17/21 5:10,51.5,48.2,2.16
522,5/17/21 5:20,44.3,40.5,2.05
523,5/17/21 5:30,39.7,35.9,1.97
524,5/17/21 5:40,35.9,31.7,1.96
525,5/17/21 5:50,32.3,28.6,1.91
526,5/17/21 6:00,28.7,25.2,1.91
527,5/17/21 6:10,25.9,22.8,1.85
528,5/17/21 6:20,23.8,21.3,1.83
529,5/17/21 6:30,22.2,19.8,1.8
530,5/17/21 6:40,20.9,19,1.75
531,5/17/21 6:50,20.2,18.6,1.76
532,5/17/21 7:00,19.8,18.2,1.76
533,5/17/21 7:10,18.8,17.5,1.81
534,5/17/21 7:20,18.5,17.1,1.84
535,5/17/21 7:30,18.5,17.1,1.8
536,5/17/21 7:40,18.2,16.7,1.8
537,5/17/21 7:50,18.1,16.7,1.85
538,5/17/21 8:00,18,16.7,1.84
539,5/17/21 8:10,17.9,16.3,1.88
540,5/17/21 8:20,17.9,16.3,1.91
541,5/17/21 8:30,17.9,16.3,1.93
542,5/17/21 8:40,17.9,16.7,2.01
543,5/17/21 8:50,18,16.3,2.05
544,5/17/21 9:00,18,16.3,2.14
545,5/17/21 9:10,18,16.3,2.17
546,5/17/21 9:20,17.9,16.3,2.2
547,5/17/21 9:30,18,16.3,2.31
548,5/17/21 9:40,18,16.7,2.37
549,5/17/21 9:50,18,16.3,2.31
550,5/17/21 10:00,18,16.7,2.41
551,5/17/21 10:10,17.9,16.3,2.35
552,5/17/21 10:20,17.8,16.3,2.35
553,5/17/21 10:30,17.9,16.3,2.37
554,5/17/21 10:40,17.8,16.3,2.37
555,5/17/21 10:50,17.8,16.7,2.43
556,5/17/21 11:00,17.9,16.3,2.52
557,5/17/21 11:10,17.9,16.3,2.43
558,5/17/21 11:20,18,16.3,2.6
559,5/17/21 11:30,18.1,16.3,2.75
560,5/17/21 11:40,18.1,16.7,2.85
561,5/17/21 11:50,18,16.7,2.84
562,5/17/21 12:00,18,16.3,2.8
563,5/17/21 12:10,18.1,16.3,2.96
564,5/17/21 12:20,18.2,16.7,3.15
565,5/17/21 12:30,18.4,16.7,3.26
566,5/17/21 12:40,18.4,16.7,3.35
567,5/17/21 12:50,18.4,16.7,3.38
568,5/17/21 13:00,18.5,17.1,3.47
569,5/17/21 13:10,18.4,17.1,3.4
570,5/17/21 13:20,18.4,17.1,3.31
571,5/17/21 13:30,18.4,17.1,3.22
572,5/17/21 13:40,18.4,16.7,3.01
573,5/17/21 13:50,18.7,17.1,2.96
574,5/17/21 14:00,19.2,17.8,2.88
575,5/17/21 14:10,19.6,18.2,2.8
576,5/17/21 14:20,20.7,18.6,2.76
577,5/17/21 14:30,20.9,19,2.65
578,5/17/21 14:40,20.4,18.6,2.46
579,5/17/21 14:50,20,18.2,2.35
580,5/17/21 15:00,19.9,17.8,2.27
581,5/17/21 15:10,19.9,18.2,2.22
582,5/17/21 15:20,19.6,18.2,2.12
583,5/17/21 15:30,19.4,17.5,2.04
584,5/17/21 15:40,19.4,17.5,2.02
585,5/17/21 15:50,19.4,17.9,1.97
586,5/17/21 16:00,19.3,17.5,1.91
587,5/17/21 16:10,19.4,17.9,1.87
588,5/17/21 16:20,19.3,17.5,1.91
589,5/17/21 16:30,19.3,17.9,1.87
590,5/17/21 16:40,19.1,17.5,1.84
591,5/17/21 16:50,19.1,17.5,1.8
592,5/17/21 17:00,19,17.5,1.75
593,5/17/21 17:10,18.9,17.5,1.74
594,5/17/21 17:20,18.8,17.5,1.66
595,5/17/21 17:30,18.7,17.1,1.58
596,5/17/21 17:40,18.8,17.5,1.59
597,5/17/21 17:50,18.8,17.1,1.63
598,5/17/21 18:00,18.8,17.5,1.62
599,5/17/21 18:10,18.8,17.1,1.53
600,5/17/21 18:20,19.4,17.9,1.57
601,5/17/21 18:30,19.4,17.5,1.54
602,5/17/21 18:40,19.1,17.5,1.53
603,5/17/21 18:50,19,17.5,1.51
604,5/17/21 19:00,18.7,17.5,1.47
605,5/17/21 19:10,18.6,17.5,1.43
606,5/17/21 19:20,18.5,16.7,1.43
607,5/17/21 19:30,18.6,17.1,1.43
608,5/17/21 19:40,18.6,17.1,1.45
609,5/17/21 19:50,18.6,17.1,1.42
610,5/17/21 20:00,18.6,17.1,1.39
611,5/17/21 20:10,18.6,17.1,1.32
612,5/17/21 20:20,18.5,17.1,1.29
613,5/17/21 20:30,18.5,17.1,1.29
614,5/17/21 20:40,18.4,16.7,1.3
615,5/17/21 20:50,18.3,16.7,1.3
616,5/17/21 21:00,18.3,16.7,1.29
617,5/17/21 21:10,18.1,16.7,1.26
618,5/17/21 21:20,18.1,16.7,1.22
619,5/17/21 21:30,18,16.3,1.24
620,5/17/21 21:40,18,16.3,1.25
621,5/17/21 21:50,18,16.3,1.22
622,5/17/21 22:00,18,16.7,1.18
623,5/17/21 22:10,18,16.7,1.17
624,5/17/21 22:20,18,16.3,1.17
625,5/17/21 22:30,17.9,16.3,1.16
626,5/17/21 22:40,18,16.3,1.16
627,5/17/21 22:50,17.9,16.3,1.16
628,5/17/21 23:00,17.9,16.3,1.16
629,5/17/21 23:10,17.9,16.3,1.17
630,5/17/21 23:20,17.9,16.3,1.17
631,5/17/21 23:30,17.8,16.3,1.17
632,5/17/21 23:40,17.8,16.3,1.16
633,5/17/21 23:50,17.9,16.3,1.17
634,5/18/21 0:00,17.9,16.3,1.17
635,5/18/21 0:10,17.9,16.3,1.17
636,5/18/21 0:20,17.8,16.3,1.16
637,5/18/21 0:30,17.8,16.3,1.15
638,5/18/21 0:40,17.8,16.3,1.13
639,5/18/21 0:50,17.8,16.3,1.12
640,5/18/21 1:00,17.8,16.3,1.13
641,5/18/21 1:10,17.8,16.3,1.12
642,5/18/21 1:20,17.8,16.3,1.13
643,5/18/21 1:30,17.8,16.3,1.15
644,5/18/21 1:40,17.8,16.3,1.15
645,5/18/21 1:50,17.8,16.3,1.15
646,5/18/21 2:00,17.8,16.3,1.17
647,5/18/21 2:10,17.8,16.3,1.16
648,5/18/21 2:20,17.8,16.3,1.17
649,5/18/21 2:30,17.8,16.3,1.18
650,5/18/21 2:40,17.8,16.3,1.18
651,5/18/21 2:50,17.8,16.3,1.18
652,5/18/21 3:00,17.8,16.3,1.18
653,5/18/21 3:10,17.8,16.3,1.21
654,5/18/21 3:20,17.8,16.3,1.22
655,5/18/21 3:30,17.8,16.3,1.21
656,5/18/21 3:40,17.8,16.3,1.2
657,5/18/21 3:50,17.8,16.3,1.18
658,5/18/21 4:00,17.8,16.3,1.18
659,5/18/21 4:10,17.8,16.3,1.18
660,5/18/21 4:20,17.8,16.3,1.2
661,5/18/21 4:30,17.8,16.3,1.2
662,5/18/21 4:40,17.8,16.3,1.2
663,5/18/21 4:50,17.8,16.3,1.2
664,5/18/21 5:00,17.8,16.3,1.2
665,5/18/21 5:10,17.8,16.3,1.2
666,5/18/21 5:20,17.8,16.3,1.2
667,5/18/21 5:30,17.8,16.3,1.2
668,5/18/21 5:40,17.8,16.3,1.2
669,5/18/21 5:50,17.8,16.3,1.18
670,5/18/21 6:00,17.8,16.3,1.18
671,5/18/21 6:10,17.8,16.3,1.18
672,5/18/21 6:20,17.8,16.3,1.2
673,5/18/21 6:30,17.8,16.3,1.2
674,5/18/21 6:40,17.8,16.3,1.2
675,5/18/21 6:50,17.8,16.3,1.2
676,5/18/21 7:00,17.8,16.3,1.21
677,5/18/21 7:10,17.8,16.3,1.22
678,5/18/21 7:20,17.8,16.3,1.24
679,5/18/21 7:30,17.8,16.3,1.24
680,5/18/21 7:40,17.8,16.3,1.25
681,5/18/21 7:50,17.8,16.3,1.26
682,5/18/21 8:00,17.8,16.3,1.29
683,5/18/21 8:10,17.8,16.3,1.29
684,5/18/21 8:20,17.8,16.3,1.33
685,5/18/21 8:30,17.8,16.3,1.33
686,5/18/21 8:40,17.8,16.3,1.33
687,5/18/21 8:50,17.8,16.3,1.34
688,5/18/21 9:00,17.8,16.7,1.36
689,5/18/21 9:10,17.8,16.3,1.36
690,5/18/21 9:20,17.9,16.3,1.38
691,5/18/21 9:30,17.9,16.3,1.41
692,5/18/21 9:40,17.9,16.3,1.51
693,5/18/21 9:50,18.1,16.7,1.63
694,5/18/21 10:00,18,16.7,1.72
695,5/18/21 10:10,18.1,16.7,1.8
696,5/18/21 10:20,18.1,16.7,1.85
697,5/18/21 10:30,18.2,16.7,1.93
698,5/18/21 10:40,18.3,16.7,1.99
699,5/18/21 10:50,18.3,16.7,2.06
700,5/18/21 11:00,18.3,16.7,2.16
701,5/18/21 11:10,18.4,17.1,2.2
702,5/18/21 11:20,18.4,17.1,2.27
703,5/18/21 11:30,18.4,17.1,2.27
704,5/18/21 11:40,18.4,17.1,2.3
705,5/18/21 11:50,18.4,16.7,2.23
706,5/18/21 12:00,18.4,16.7,2.23
707,5/18/21 12:10,18.4,17.1,2.27
708,5/18/21 12:20,18.4,16.7,2.25
709,5/18/21 12:30,18.4,17.1,2.23
710,5/18/21 12:40,18.3,17.1,2.18
711,5/18/21 12:50,18.4,16.7,2.14
712,5/18/21 13:00,18.4,16.7,2.21
713,5/18/21 13:10,18.3,17.1,2.18
714,5/18/21 13:20,18.3,16.7,2.13
715,5/18/21 13:30,18.3,16.7,2.21
716,5/18/21 13:40,18.4,16.7,2.26
717,5/18/21 13:50,18.3,16.7,2.22
718,5/18/21 14:00,18.3,17.1,2.17
719,5/18/21 14:10,18.3,16.7,2.1
720,5/18/21 14:20,18.2,16.7,2
721,5/18/21 14:30,18.1,16.7,1.93
722,5/18/21 14:40,18.1,16.3,1.87
723,5/18/21 14:50,18,16.7,1.92
724,5/18/21 15:00,18,16.3,1.93
725,5/18/21 15:10,17.9,16.3,1.93
726,5/18/21 15:20,17.7,16.3,1.87
727,5/18/21 15:30,17.7,16.3,1.84
728,5/18/21 15:40,17.7,16.3,1.79
729,5/18/21 15:50,17.7,16.3,1.76
730,5/18/21 16:00,17.7,16.3,1.75
731,5/18/21 16:10,17.7,16.3,1.74
732,5/18/21 16:20,17.6,16.3,1.72
733,5/18/21 16:30,17.5,16.3,1.7
734,5/18/21 16:40,17.5,15.9,1.68
735,5/18/21 16:50,17.5,15.9,1.64
736,5/18/21 17:00,17.5,15.9,1.64
737,5/18/21 17:10,17.5,15.9,1.63
738,5/18/21 17:20,17.5,16.3,1.6
739,5/18/21 17:30,17.4,15.9,1.6
740,5/18/21 17:40,17.4,15.9,1.6
741,5/18/21 17:50,17.3,15.9,1.55
742,5/18/21 18:00,17.3,15.9,1.53
743,5/18/21 18:10,17.3,15.9,1.54
744,5/18/21 18:20,17.4,15.9,1.54
745,5/18/21 18:30,17.2,15.9,1.51
746,5/18/21 18:40,17.2,15.9,1.5
747,5/18/21 18:50,17.2,15.9,1.46
748,5/18/21 19:00,17.2,15.9,1.45
749,5/18/21 19:10,17.2,15.9,1.42
750,5/18/21 19:20,17.2,15.9,1.39
751,5/18/21 19:30,17.2,15.9,1.37
752,5/18/21 19:40,17.2,15.9,1.37
753,5/18/21 19:50,17.3,15.9,1.37
754,5/18/21 20:00,17.3,15.9,1.34
755,5/18/21 20:10,17.4,15.9,1.34
756,5/18/21 20:20,17.3,15.9,1.33
757,5/18/21 20:30,17.3,16.3,1.3
758,5/18/21 20:40,17.4,15.9,1.28
759,5/18/21 20:50,17.2,16.3,1.26
760,5/18/21 21:00,17.3,15.9,1.26
761,5/18/21 21:10,17.2,15.9,1.24
762,5/18/21 21:20,17.3,15.9,1.24
763,5/18/21 21:30,17.4,15.9,1.22
764,5/18/21 21:40,17.2,15.9,1.22
765,5/18/21 21:50,17.3,15.9,1.21
766,5/18/21 22:00,17.4,15.9,1.2
767,5/18/21 22:10,17.3,15.9,1.2
768,5/18/21 22:20,17.4,15.9,1.2
769,5/18/21 22:30,17.2,15.9,1.17
770,5/18/21 22:40,17.2,15.9,1.17
771,5/18/21 22:50,17.2,15.9,1.16
772,5/18/21 23:00,17.2,15.9,1.16
773,5/18/21 23:10,17.2,15.9,1.15
774,5/18/21 23:20,17.3,15.9,1.13
775,5/18/21 23:30,17.2,15.9,1.13
776,5/18/21 23:40,17.2,15.9,1.12
777,5/18/21 23:50,17.2,15.9,1.11
778,5/19/21 0:00,17.2,15.9,1.12
779,5/19/21 0:10,17.2,15.9,1.11
780,5/19/21 0:20,17.2,15.9,1.11
781,5/19/21 0:30,17.2,16,1.09
782,5/19/21 0:40,17.2,16,1.09
783,5/19/21 0:50,17.2,15.9,1.11
784,5/19/21 1:00,17.2,15.9,1.11
785,5/19/21 1:10,17.2,15.9,1.11
786,5/19/21 1:20,17.2,16,1.08
787,5/19/21 1:30,17.2,16,1.08
788,5/19/21 1:40,17.2,16,1.08
789,5/19/21 1:50,17.2,16,1.08
790,5/19/21 2:00,17.2,16,1.07
791,5/19/21 2:10,17.2,16,1.07
792,5/19/21 2:20,17.2,16,1.05
793,5/19/21 2:30,17.1,16,1.05
794,5/19/21 2:40,17.1,16,1.05
795,5/19/21 2:50,17.1,16,1.05
796,5/19/21 3:00,17.1,15.6,1.04
797,5/19/21 3:10,17.1,16,1.04
798,5/19/21 3:20,17.1,15.6,1.04
799,5/19/21 3:30,17.2,15.6,1.04
800,5/19/21 3:40,17.1,16,1.05
801,5/19/21 3:50,17.1,16,1.04
802,5/19/21 4:00,17.1,16,1.04
803,5/19/21 4:10,17.1,15.6,1.04
804,5/19/21 4:20,17.1,16,1.04
805,5/19/21 4:30,17.1,16,1.04
806,5/19/21 4:40,17.1,16,1.03
807,5/19/21 4:50,17.1,16,1.04
808,5/19/21 5:00,17.1,15.6,1.04
809,5/19/21 5:10,17.1,16,1.05
810,5/19/21 5:20,17.1,16,1.05
811,5/19/21 5:30,17.1,15.6,1.05
812,5/19/21 5:40,17,15.6,1.07
813,5/19/21 5:50,17.1,16,1.05
814,5/19/21 6:00,17.1,15.6,1.07
815,5/19/21 6:10,17.1,15.6,1.07
816,5/19/21 6:20,17,16,1.07
817,5/19/21 6:30,17.1,15.6,1.08
818,5/19/21 6:40,17.1,15.6,1.09
819,5/19/21 6:50,17,16,1.08
820,5/19/21 7:00,17.1,15.6,1.09
821,5/19/21 7:10,17,15.6,1.09
822,5/19/21 7:20,17.1,15.6,1.11
823,5/19/21 7:30,17.1,15.6,1.11
824,5/19/21 7:40,17,15.9,1.12
825,5/19/21 7:50,17,15.6,1.13
826,5/19/21 8:00,17,15.9,1.13
827,5/19/21 8:10,17,15.6,1.15
828,5/19/21 8:20,17.1,15.6,1.15
829,5/19/21 8:30,17.1,15.9,1.16
830,5/19/21 8:40,17.2,15.6,1.18
831,5/19/21 8:50,17.1,15.6,1.2
832,5/19/21 9:00,17.1,15.6,1.21
833,5/19/21 9:10,17.1,15.9,1.25
834,5/19/21 9:20,17.1,15.9,1.28
835,5/19/21 9:30,17.2,15.6,1.32
836,5/19/21 9:40,17.2,15.9,1.38
837,5/19/21 9:50,17.2,15.9,1.49
838,5/19/21 10:00,17.3,15.9,1.55
839,5/19/21 10:10,17.3,15.9,1.64
840,5/19/21 10:20,17.4,15.9,1.76
841,5/19/21 10:30,17.5,15.9,1.84
842,5/19/21 10:40,17.5,15.9,1.89
843,5/19/21 10:50,17.5,16.3,1.96
844,5/19/21 11:00,17.5,16.3,2.01
845,5/19/21 11:10,17.6,16.3,2.12
846,5/19/21 11:20,17.6,16.3,2.12
847,5/19/21 11:30,17.6,16.3,2.17
848,5/19/21 11:40,17.7,16.3,2.2
849,5/19/21 11:50,17.6,16.3,2.09
850,5/19/21 12:00,17.5,16.3,2.02
851,5/19/21 12:10,17.5,15.9,2.02
852,5/19/21 12:20,17.6,16.3,2.02
853,5/19/21 12:30,17.6,16.3,2.18
854,5/19/21 12:40,17.7,16.3,2.22
855,5/19/21 12:50,17.6,16.3,2.13
856,5/19/21 13:00,17.5,15.9,2.04
857,5/19/21 13:10,17.5,16.3,1.93
858,5/19/21 13:20,17.5,16.3,1.87
859,5/19/21 13:30,17.5,15.9,1.78
860,5/19/21 13:40,17.3,15.9,1.71
861,5/19/21 13:50,17.3,15.9,1.67
862,5/19/21 14:00,17.3,15.9,1.66
863,5/19/21 14:10,17.4,15.9,1.64
864,5/19/21 14:20,17.4,15.9,1.66
865,5/19/21 14:30,17.4,15.9,1.64
866,5/19/21 14:40,17.3,15.9,1.6
867,5/19/21 14:50,17.2,15.9,1.59
868,5/19/21 15:00,17.2,15.9,1.6
869,5/19/21 15:10,17.2,15.9,1.66
870,5/19/21 15:20,17.2,15.9,1.68
871,5/19/21 15:30,17.2,15.9,1.72
872,5/19/21 15:40,17.2,15.9,1.68
873,5/19/21 15:50,17.2,15.9,1.66
874,5/19/21 16:00,17.2,15.9,1.62
875,5/19/21 16:10,17.2,15.9,1.58
876,5/19/21 16:20,17.1,15.9,1.54
877,5/19/21 16:30,17.1,15.6,1.55
878,5/19/21 16:40,17,15.6,1.5
879,5/19/21 16:50,17,15.9,1.49
880,5/19/21 17:00,17.1,16.3,1.49
881,5/19/21 17:10,17.1,15.6,1.51
882,5/19/21 17:20,17.1,15.9,1.5
883,5/19/21 17:30,17.1,15.9,1.49
884,5/19/21 17:40,17,15.6,1.49
885,5/19/21 17:50,17,15.6,1.49
886,5/19/21 18:00,17,15.6,1.46
887,5/19/21 18:10,16.9,15.6,1.47
888,5/19/21 18:20,16.9,15.6,1.47
889,5/19/21 18:30,16.9,15.6,1.46
890,5/19/21 18:40,16.9,15.6,1.42
891,5/19/21 18:50,16.9,15.6,1.43
892,5/19/21 19:00,16.9,15.6,1.42
893,5/19/21 19:10,18,16.3,1.53
894,5/19/21 19:20,16.9,15.6,1.42
895,5/19/21 19:30,16.9,15.6,1.41
896,5/19/21 19:40,16.8,15.6,1.39
897,5/19/21 19:50,16.9,15.6,1.37
898,5/19/21 20:00,16.8,15.6,1.36
899,5/19/21 20:10,16.8,15.6,1.33
900,5/19/21 20:20,16.8,15.6,1.3
901,5/19/21 20:30,16.9,15.6,1.29
902,5/19/21 20:40,16.8,15.6,1.28
903,5/19/21 20:50,16.8,15.6,1.26
904,5/19/21 21:00,16.8,15.6,1.24
905,5/19/21 21:10,16.8,15.6,1.24
906,5/19/21 21:20,16.8,15.6,1.22
907,5/19/21 21:30,16.7,15.6,1.2
908,5/19/21 21:40,16.8,15.6,1.18
909,5/19/21 21:50,16.7,15.6,1.18
910,5/19/21 22:00,16.7,15.6,1.17
911,5/19/21 22:10,16.7,15.6,1.15
912,5/19/21 22:20,16.7,15.6,1.16
913,5/19/21 22:30,16.7,15.6,1.15
914,5/19/21 22:40,16.7,15.2,1.12
915,5/19/21 22:50,16.7,15.6,1.13
916,5/19/21 23:00,16.7,15.6,1.13
917,5/19/21 23:10,16.7,15.6,1.13
918,5/19/21 23:20,16.6,15.6,1.11
919,5/19/21 23:30,16.7,15.6,1.11
920,5/19/21 23:40,16.6,15.2,1.11
921,5/19/21 23:50,16.7,15.6,1.11
922,5/20/21 0:00,16.6,15.6,1.12
923,5/20/21 0:10,16.7,15.6,1.12
924,5/20/21 0:20,16.7,15.6,1.13
925,5/20/21 0:30,16.6,15.6,1.13
926,5/20/21 0:40,16.7,15.2,1.15
927,5/20/21 0:50,16.6,15.6,1.17
928,5/20/21 1:00,16.7,15.2,1.17
929,5/20/21 1:10,16.7,15.6,1.16
930,5/20/21 1:20,16.7,15.6,1.13
931,5/20/21 1:30,16.7,15.6,1.15
932,5/20/21 1:40,16.7,15.6,1.16
933,5/20/21 1:50,16.7,15.2,1.15
934,5/20/21 2:00,16.7,15.6,1.13
935,5/20/21 2:10,16.7,15.6,1.13
936,5/20/21 2:20,16.7,15.6,1.15
937,5/20/21 2:30,16.7,15.6,1.16
938,5/20/21 2:40,16.7,15.2,1.16
939,5/20/21 2:50,16.7,15.6,1.15
940,5/20/21 3:00,16.7,15.6,1.13
941,5/20/21 3:10,16.7,15.6,1.15
942,5/20/21 3:20,16.7,15.2,1.15
943,5/20/21 3:30,16.7,15.6,1.15
944,5/20/21 3:40,16.6,15.6,1.15
945,5/20/21 3:50,16.7,15.2,1.15
946,5/20/21 4:00,16.7,15.6,1.15
947,5/20/21 4:10,16.7,15.6,1.15
948,5/20/21 4:20,16.7,15.6,1.15
949,5/20/21 4:30,16.7,15.6,1.13
950,5/20/21 4:40,16.7,15.6,1.12
951,5/20/21 4:50,16.7,15.2,1.12
952,5/20/21 5:00,16.7,15.6,1.12
953,5/20/21 5:10,16.6,15.6,1.11
954,5/20/21 5:20,16.7,15.6,1.11
955,5/20/21 5:30,16.7,15.6,1.09
956,5/20/21 5:40,16.7,15.6,1.09
957,5/20/21 5:50,16.7,15.6,1.08
958,5/20/21 6:00,16.7,15.6,1.09
959,5/20/21 6:10,16.7,15.6,1.11
960,5/20/21 6:20,16.7,15.6,1.09
961,5/20/21 6:30,16.7,15.6,1.11
962,5/20/21 6:40,16.7,15.6,1.11
963,5/20/21 6:50,16.7,15.6,1.12
964,5/20/21 7:00,16.7,15.2,1.13
965,5/20/21 7:10,16.7,15.6,1.15
966,5/20/21 7:20,16.7,15.2,1.15
967,5/20/21 7:30,16.7,15.6,1.16
968,5/20/21 7:40,16.8,15.6,1.17
969,5/20/21 7:50,16.7,15.6,1.18
970,5/20/21 8:00,16.7,15.6,1.18
971,5/20/21 8:10,16.7,15.6,1.18
972,5/20/21 8:20,16.7,15.6,1.21
973,5/20/21 8:30,16.7,15.6,1.22
974,5/20/21 8:40,16.8,15.6,1.25
975,5/20/21 8:50,16.8,15.6,1.24
976,5/20/21 9:00,16.7,15.6,1.25
977,5/20/21 9:10,16.8,15.6,1.26
978,5/20/21 9:20,16.8,15.6,1.32
979,5/20/21 9:30,16.8,15.6,1.33
980,5/20/21 9:40,16.9,15.6,1.37
981,5/20/21 9:50,16.9,15.6,1.43
982,5/20/21 10:00,16.9,15.6,1.43
983,5/20/21 10:10,16.9,15.6,1.51
984,5/20/21 10:20,16.9,15.6,1.55
985,5/20/21 10:30,17,15.6,1.67
986,5/20/21 10:40,17.1,15.6,1.76
987,5/20/21 10:50,17.1,15.6,1.8
988,5/20/21 11:00,17.1,15.9,1.89
989,5/20/21 11:10,17.2,15.9,1.96
990,5/20/21 11:20,17.2,15.9,2.05
991,5/20/21 11:30,17.3,15.9,2.13
992,5/20/21 11:40,17.2,16.3,2.17
993,5/20/21 11:50,17.4,15.9,2.2
994,5/20/21 12:00,17.4,15.9,2.22
995,5/20/21 12:10,17.4,15.9,2.22
996,5/20/21 12:20,17.2,15.9,2.17
997,5/20/21 12:30,17.4,15.9,2.23
998,5/20/21 12:40,17.4,15.9,2.37
999,5/20/21 12:50,17.4,15.9,2.41
1000,5/20/21 13:00,17.5,16.3,2.46
1001,5/20/21 13:10,17.5,16.3,2.51
1002,5/20/21 13:20,17.5,15.9,2.47
1003,5/20/21 13:30,17.5,15.9,2.47
1004,5/20/21 13:40,17.7,16.3,2.47
1005,5/20/21 13:50,17.4,15.9,2.33
1006,5/20/21 14:00,17.4,15.9,2.29
1007,5/20/21 14:10,17.4,15.9,2.3
1008,5/20/21 14:20,17.4,16.3,2.33
1009,5/20/21 14:30,17.4,15.9,2.25
1010,5/20/21 14:40,17.2,15.9,2.2
1011,5/20/21 14:50,17.2,15.9,2.2
1012,5/20/21 15:00,17.1,15.9,2.17
1013,5/20/21 15:10,17.1,15.9,2.14
1014,5/20/21 15:20,16.9,15.6,2.1
1015,5/20/21 15:30,16.9,15.6,2
1016,5/20/21 15:40,16.8,15.6,1.96
1017,5/20/21 15:50,16.7,15.2,1.92
1018,5/20/21 16:00,16.6,15.6,1.87
1019,5/20/21 16:10,16.6,15.6,1.8
1020,5/20/21 16:20,16.5,15.6,1.8
1021,5/20/21 16:30,16.6,15.2,1.78
1022,5/20/21 16:40,16.6,15.6,1.79
1023,5/20/21 16:50,16.6,15.6,1.78
1024,5/20/21 17:00,16.6,15.6,1.76
1025,5/20/21 17:10,16.6,15.6,1.75
1026,5/20/21 17:20,16.6,15.6,1.75
1027,5/20/21 17:30,16.6,15.6,1.72
1028,5/20/21 17:40,16.6,15.6,1.7
1029,5/20/21 17:50,16.7,15.6,1.74
1030,5/20/21 18:00,16.7,15.2,1.71
1031,5/20/21 18:10,16.7,15.6,1.72
1032,5/20/21 18:20,16.7,15.6,1.7
1033,5/20/21 18:30,16.7,15.6,1.71
1034,5/20/21 18:40,16.8,15.6,1.71
1035,5/20/21 18:50,16.8,15.6,1.7
1036,5/20/21 19:00,16.7,15.6,1.68
1037,5/20/21 19:10,16.6,15.6,1.66
1038,5/20/21 19:20,16.6,15.2,1.62
1039,5/20/21 19:30,16.7,15.6,1.58
1040,5/20/21 19:40,16.7,15.2,1.57
1041,5/20/21 19:50,16.7,15.6,1.54
1042,5/20/21 20:00,16.6,15.2,1.49
1043,5/20/21 20:10,16.6,15.6,1.49
1044,5/20/21 20:20,16.6,15.6,1.46
1045,5/20/21 20:30,16.6,15.6,1.42
1046,5/20/21 20:40,16.6,15.2,1.39
1047,5/20/21 20:50,16.6,15.6,1.39
1048,5/20/21 21:00,16.6,15.2,1.38
1049,5/20/21 21:10,16.5,15.2,1.36
1050,5/20/21 21:20,16.6,15.6,1.36
1051,5/20/21 21:30,16.6,15.6,1.33
1052,5/20/21 21:40,16.5,15.6,1.32
1053,5/20/21 21:50,16.6,15.6,1.32
1054,5/20/21 22:00,16.5,15.6,1.29
1055,5/20/21 22:10,16.5,15.6,1.29
1056,5/20/21 22:20,16.6,15.6,1.29
1057,5/20/21 22:30,16.6,15.2,1.29
1058,5/20/21 22:40,16.4,15.2,1.26
1059,5/20/21 22:50,16.5,15.6,1.25
1060,5/20/21 23:00,16.6,15.6,1.26
1061,5/20/21 23:10,16.5,15.6,1.26
1062,5/20/21 23:20,16.5,15.6,1.26
1063,5/20/21 23:30,16.5,15.6,1.25
1064,5/20/21 23:40,16.5,15.6,1.22
1065,5/20/21 23:50,16.5,15.6,1.24
1066,5/21/21 0:00,16.5,15.6,1.24
1067,5/21/21 0:10,16.4,15.6,1.21
1068,5/21/21 0:20,16.5,15.6,1.21
1069,5/21/21 0:30,16.4,15.6,1.21
1070,5/21/21 0:40,16.5,15.6,1.22
1071,5/21/21 0:50,16.5,15.6,1.22
1072,5/21/21 1:00,16.4,15.2,1.22
1073,5/21/21 1:10,16.5,15.6,1.22
1074,5/21/21 1:20,16.5,15.2,1.24
1075,5/21/21 1:30,16.5,15.6,1.22
1076,5/21/21 1:40,16.4,15.6,1.24
1077,5/21/21 1:50,16.5,15.6,1.22
1078,5/21/21 2:00,16.5,15.6,1.24
1079,5/21/21 2:10,16.5,15.6,1.22
1080,5/21/21 2:20,16.4,15.6,1.2
1081,5/21/21 2:30,16.4,15.6,1.2
1082,5/21/21 2:40,16.4,15.6,1.21
1083,5/21/21 2:50,16.4,15.6,1.2
1084,5/21/21 3:00,16.4,15.2,1.2
1085,5/21/21 3:10,16.4,15.6,1.2
1086,5/21/21 3:20,16.4,15.6,1.2
1087,5/21/21 3:30,16.5,15.6,1.18
1088,5/21/21 3:40,16.4,15.6,1.17
1089,5/21/21 3:50,16.4,15.6,1.18
1090,5/21/21 4:00,16.4,15.2,1.2
1091,5/21/21 4:10,16.4,15.2,1.2
1092,5/21/21 4:20,16.4,15.6,1.18
1093,5/21/21 4:30,16.4,15.6,1.17
1094,5/21/21 4:40,16.4,15.2,1.18
1095,5/21/21 4:50,16.5,15.2,1.18
1096,5/21/21 5:00,16.5,15.6,1.2
1097,5/21/21 5:10,16.5,15.6,1.2
1098,5/21/21 5:20,16.4,15.6,1.21
1099,5/21/21 5:30,16.4,15.2,1.2
1100,5/21/21 5:40,16.4,15.6,1.2
1101,5/21/21 5:50,16.4,15.2,1.18
1102,5/21/21 6:00,16.4,15.6,1.2
1103,5/21/21 6:10,16.4,15.2,1.18
1104,5/21/21 6:20,16.4,15.6,1.2
1105,5/21/21 6:30,16.4,15.2,1.2
1106,5/21/21 6:40,16.4,15.6,1.2
1107,5/21/21 6:50,16.5,15.6,1.2
1108,5/21/21 7:00,16.4,15.2,1.21
1109,5/21/21 7:10,16.4,15.6,1.24
1110,5/21/21 7:20,16.4,15.6,1.25
1111,5/21/21 7:30,16.5,15.6,1.26
1112,5/21/21 7:40,16.4,15.6,1.28
1113,5/21/21 7:50,16.5,15.2,1.3
1114,5/21/21 8:00,16.6,15.6,1.32
1115,5/21/21 8:10,16.6,15.6,1.32
1116,5/21/21 8:20,16.5,15.6,1.36
1117,5/21/21 8:30,16.6,15.6,1.36
1118,5/21/21 8:40,16.6,15.6,1.36
1119,5/21/21 8:50,16.6,15.6,1.37
1120,5/21/21 9:00,16.6,15.2,1.37
1121,5/21/21 9:10,16.6,15.6,1.41
1122,5/21/21 9:20,16.6,15.6,1.39
1123,5/21/21 9:30,16.6,15.6,1.43
1124,5/21/21 9:40,16.7,15.2,1.49
1125,5/21/21 9:50,16.7,15.6,1.58
1126,5/21/21 10:00,16.7,15.2,1.6
1127,5/21/21 10:10,16.7,15.6,1.59
1128,5/21/21 10:20,16.7,15.6,1.63
1129,5/21/21 10:30,16.8,15.6,1.68
1130,5/21/21 10:40,16.8,15.6,1.72
1131,5/21/21 10:50,16.8,15.6,1.78
1132,5/21/21 11:00,16.9,15.6,1.79
1133,5/21/21 11:10,16.8,15.6,1.87
1134,5/21/21 11:20,16.9,15.6,1.93
1135,5/21/21 11:30,16.9,15.6,1.97
1136,5/21/21 11:40,17,15.6,2.08
1137,5/21/21 11:50,17,15.5,2.17
1138,5/21/21 12:00,17.1,15.9,2.18
1139,5/21/21 12:10,17.1,15.5,2.26
1140,5/21/21 12:20,17.1,15.9,2.26
1141,5/21/21 12:30,17.1,15.5,2.39
1142,5/21/21 12:40,17.1,15.9,2.43
1143,5/21/21 12:50,17.2,15.9,2.43
1144,5/21/21 13:00,17.1,15.9,2.41
1145,5/21/21 13:10,17.2,15.5,2.33
1146,5/21/21 13:20,17.2,15.9,2.29
1147,5/21/21 13:30,17.1,15.5,2.31
1148,5/21/21 13:40,17.2,15.9,2.27
1149,5/21/21 13:50,17.1,15.9,2.27
1150,5/21/21 14:00,17.1,15.9,2.27
1151,5/21/21 14:10,17.2,15.9,2.31
1152,5/21/21 14:20,17,15.9,2.23
1153,5/21/21 14:30,16.9,15.5,2.22
1154,5/21/21 14:40,16.9,15.5,2.22
1155,5/21/21 14:50,16.9,15.9,2.21
1156,5/21/21 15:00,16.9,15.5,2.25
1157,5/21/21 15:10,16.9,15.5,2.29
1158,5/21/21 15:20,16.9,15.2,2.25
1159,5/21/21 15:30,16.8,15.2,2.2
1160,5/21/21 15:40,16.8,15.5,2.16
1161,5/21/21 15:50,16.7,15.6,2.1
1162,5/21/21 16:00,16.7,15.6,2.12
1163,5/21/21 16:10,16.7,15.6,2.08
1164,5/21/21 16:20,16.7,15.6,2.01
1165,5/21/21 16:30,16.6,15.6,2
1166,5/21/21 16:40,16.6,15.6,1.96
1167,5/21/21 16:50,16.6,15.6,1.93
1168,5/21/21 17:00,16.6,15.2,1.93
1169,5/21/21 17:10,16.6,15.6,1.88
1170,5/21/21 17:20,16.6,15.6,1.89
1171,5/21/21 17:30,16.6,15.6,1.87
1172,5/21/21 17:40,16.6,15.6,1.81
1173,5/21/21 17:50,16.6,15.6,1.8
1174,5/21/21 18:00,16.6,15.6,1.79
1175,5/21/21 18:10,16.6,15.6,1.75
1176,5/21/21 18:20,16.6,15.6,1.75
1177,5/21/21 18:30,16.6,15.6,1.75
1178,5/21/21 18:40,16.6,15.6,1.74
1179,5/21/21 18:50,16.5,15.6,1.72
1180,5/21/21 19:00,16.5,15.2,1.72
1181,5/21/21 19:10,16.5,15.6,1.68
1182,5/21/21 19:20,16.5,15.2,1.66
1183,5/21/21 19:30,16.5,15.6,1.66
1184,5/21/21 19:40,16.5,15.2,1.64
1185,5/21/21 19:50,16.6,15.6,1.63
1186,5/21/21 20:00,16.6,15.2,1.63
1187,5/21/21 20:10,16.5,15.6,1.63
1188,5/21/21 20:20,16.6,15.6,1.63
1189,5/21/21 20:30,16.6,15.2,1.6
1190,5/21/21 20:40,16.5,15.2,1.62
1191,5/21/21 20:50,16.6,15.6,1.6
1192,5/21/21 21:00,16.5,15.6,1.59
1193,5/21/21 21:10,16.6,15.2,1.58
1194,5/21/21 21:20,16.6,15.6,1.58
1195,5/21/21 21:30,16.5,15.6,1.55
1196,5/21/21 21:40,16.6,15.6,1.54
1197,5/21/21 21:50,16.5,15.6,1.53
1198,5/21/21 22:00,16.4,15.6,1.5
1199,5/21/21 22:10,16.4,15.2,1.49
1200,5/21/21 22:20,16.5,15.2,1.51
1201,5/21/21 22:30,16.4,15.6,1.47
1202,5/21/21 22:40,16.5,15.6,1.46
1203,5/21/21 22:50,16.5,15.6,1.46
1204,5/21/21 23:00,16.5,15.2,1.45
1205,5/21/21 23:10,16.5,15.6,1.43
1206,5/21/21 23:20,16.4,15.6,1.42
1207,5/21/21 23:30,16.4,15.2,1.43
1208,5/21/21 23:40,16.4,15.6,1.41
1209,5/21/21 23:50,16.4,15.6,1.41
1210,5/22/21 0:00,16.4,15.6,1.39
1211,5/22/21 0:10,16.4,15.6,1.38
1212,5/22/21 0:20,16.4,15.2,1.38
1213,5/22/21 0:30,16.4,15.6,1.38
1214,5/22/21 0:40,16.4,15.6,1.37
1215,5/22/21 0:50,16.4,15.2,1.37
1216,5/22/21 1:00,16.4,15.6,1.38
1217,5/22/21 1:10,16.5,15.6,1.37
1218,5/22/21 1:20,16.4,15.6,1.37
1219,5/22/21 1:30,16.4,15.6,1.37
1220,5/22/21 1:40,16.4,15.6,1.38
1221,5/22/21 1:50,16.5,15.6,1.37
1222,5/22/21 2:00,16.4,15.6,1.37
1223,5/22/21 2:10,16.4,15.6,1.36
1224,5/22/21 2:20,16.4,15.6,1.36
1225,5/22/21 2:30,16.4,15.6,1.36
1226,5/22/21 2:40,16.5,15.6,1.36
1227,5/22/21 2:50,16.5,15.6,1.36
1228,5/22/21 3:00,16.5,15.2,1.36
1229,5/22/21 3:10,16.5,15.6,1.36
1230,5/22/21 3:20,16.5,15.6,1.36
1231,5/22/21 3:30,16.5,15.6,1.34
1232,5/22/21 3:40,16.5,15.2,1.34
1233,5/22/21 3:50,16.5,15.6,1.33
1234,5/22/21 4:00,16.5,15.6,1.33
1235,5/22/21 4:10,16.5,15.2,1.33
1236,5/22/21 4:20,16.5,15.2,1.33
1237,5/22/21 4:30,16.4,15.6,1.33
1238,5/22/21 4:40,16.5,15.2,1.33
1239,5/22/21 4:50,16.5,15.6,1.32
1240,5/22/21 5:00,16.4,15.6,1.32
1241,5/22/21 5:10,16.5,15.6,1.32
1242,5/22/21 5:20,16.5,15.6,1.33
1243,5/22/21 5:30,16.5,15.6,1.33
1244,5/22/21 5:40,16.6,15.2,1.33
1245,5/22/21 5:50,16.6,15.6,1.33
1246,5/22/21 6:00,16.5,15.6,1.33
1247,5/22/21 6:10,16.6,15.6,1.32
1248,5/22/21 6:20,16.5,15.6,1.32
1249,5/22/21 6:30,16.6,15.6,1.33
1250,5/22/21 6:40,16.6,15.2,1.33
1251,5/22/21 6:50,16.6,15.6,1.34
1252,5/22/21 7:00,16.6,15.2,1.34
1253,5/22/21 7:10,16.7,15.2,1.34
1254,5/22/21 7:20,16.6,15.6,1.36
1255,5/22/21 7:30,16.7,15.6,1.36
1256,5/22/21 7:40,16.6,15.2,1.38
1257,5/22/21 7:50,16.7,15.6,1.38
1258,5/22/21 8:00,16.7,15.6,1.41
1259,5/22/21 8:10,16.7,15.6,1.43
1260,5/22/21 8:20,16.6,15.6,1.45
1261,5/22/21 8:30,16.7,15.6,1.46
1262,5/22/21 8:40,16.7,15.6,1.46
1263,5/22/21 8:50,16.7,15.6,1.5
1264,5/22/21 9:00,16.8,15.6,1.54
1265,5/22/21 9:10,16.8,15.6,1.55
1266,5/22/21 9:20,16.7,15.6,1.57
1267,5/22/21 9:30,16.9,15.2,1.6
1268,5/22/21 9:40,16.9,15.6,1.64
1269,5/22/21 9:50,16.8,15.6,1.66
1270,5/22/21 10:00,16.9,15.6,1.68
1271,5/22/21 10:10,16.9,15.6,1.74
1272,5/22/21 10:20,16.9,15.6,1.72
1273,5/22/21 10:30,16.9,15.6,1.76
1274,5/22/21 10:40,16.9,15.6,1.87
1275,5/22/21 10:50,17,15.9,1.95
1276,5/22/21 11:00,17.1,15.6,2.01
1277,5/22/21 11:10,17,15.6,2.06
1278,5/22/21 11:20,17.1,15.9,2.14
1279,5/22/21 11:30,17.2,16.3,2.23
1280,5/22/21 11:40,17.1,15.9,2.34
1281,5/22/21 11:50,17.2,15.9,2.35
1282,5/22/21 12:00,17.3,15.9,2.5
1283,5/22/21 12:10,17.4,15.9,2.55
1284,5/22/21 12:20,17.4,15.9,2.58
1285,5/22/21 12:30,17.4,15.9,2.65
1286,5/22/21 12:40,17.4,15.9,2.68
1287,5/22/21 12:50,17.4,16.3,2.72
1288,5/22/21 13:00,17.4,15.9,2.75
1289,5/22/21 13:10,17.5,16.3,2.75
1290,5/22/21 13:20,17.5,15.9,2.8
1291,5/22/21 13:30,17.4,16.3,2.75
1292,5/22/21 13:40,17.4,15.9,2.69
1293,5/22/21 13:50,17.5,15.9,2.68
1294,5/22/21 14:00,17.4,15.9,2.65
1295,5/22/21 14:10,17.4,15.9,2.64
1296,5/22/21 14:20,17.4,15.9,2.6
1297,5/22/21 14:30,17.1,15.9,2.52
1298,5/22/21 14:40,17.1,15.5,2.52
1299,5/22/21 14:50,17.1,15.5,2.44
1300,5/22/21 15:00,16.9,15.5,2.38
1301,5/22/21 15:10,16.9,15.5,2.39
1302,5/22/21 15:20,16.9,15.5,2.31
1303,5/22/21 15:30,16.9,15.2,2.26
1304,5/22/21 15:40,16.7,15.5,2.21
1305,5/22/21 15:50,16.7,15.5,2.14
1306,5/22/21 16:00,16.6,15.6,2.1
1307,5/22/21 16:10,16.7,15.6,2.04
1308,5/22/21 16:20,16.8,15.6,2
1309,5/22/21 16:30,16.7,15.6,1.96
1310,5/22/21 16:40,16.8,15.2,1.95
1311,5/22/21 16:50,16.8,15.6,1.96
1312,5/22/21 17:00,16.7,15.6,1.92
1313,5/22/21 17:10,16.7,15.6,1.91
1314,5/22/21 17:20,16.7,15.6,1.89
1315,5/22/21 17:30,16.7,15.6,1.87
1316,5/22/21 17:40,16.7,15.6,1.85
1317,5/22/21 17:50,16.7,15.6,1.88
1318,5/22/21 18:00,16.7,15.6,1.85
1319,5/22/21 18:10,16.7,15.6,1.85
1320,5/22/21 18:20,16.6,15.6,1.83
1321,5/22/21 18:30,16.6,15.6,1.85
1322,5/22/21 18:40,16.7,15.2,1.83
1323,5/22/21 18:50,16.7,15.6,1.83
1324,5/22/21 19:00,16.6,15.2,1.84
1325,5/22/21 19:10,16.6,15.6,1.8
1326,5/22/21 19:20,16.6,15.6,1.79
1327,5/22/21 19:30,16.6,15.2,1.8
1328,5/22/21 19:40,16.6,15.6,1.78
1329,5/22/21 19:50,16.6,15.6,1.76
1330,5/22/21 20:00,16.6,15.6,1.79
1331,5/22/21 20:10,16.6,15.6,1.78
1332,5/22/21 20:20,16.6,15.2,1.78
1333,5/22/21 20:30,16.6,15.2,1.76
1334,5/22/21 20:40,16.6,15.6,1.74
1335,5/22/21 20:50,16.6,15.2,1.72
1336,5/22/21 21:00,16.6,15.6,1.72
1337,5/22/21 21:10,16.5,15.2,1.68
1338,5/22/21 21:20,16.6,15.6,1.7
1339,5/22/21 21:30,16.6,15.2,1.66
1340,5/22/21 21:40,16.5,15.2,1.66
1341,5/22/21 21:50,16.5,15.6,1.66
1342,5/22/21 22:00,16.6,15.6,1.66
1343,5/22/21 22:10,16.5,15.6,1.64
1344,5/22/21 22:20,16.5,15.6,1.64
1345,5/22/21 22:30,16.5,15.6,1.66
1346,5/22/21 22:40,16.5,15.6,1.64
1347,5/22/21 22:50,16.5,15.6,1.62
1348,5/22/21 23:00,16.6,15.2,1.66
1349,5/22/21 23:10,16.5,15.2,1.62
1350,5/22/21 23:20,16.6,15.6,1.62
1351,5/22/21 23:30,16.5,15.6,1.6
1352,5/22/21 23:40,16.4,15.2,1.6
1353,5/22/21 23:50,16.5,15.6,1.63
1354,5/23/21 0:00,16.5,15.6,1.63
1355,5/23/21 0:10,16.5,15.6,1.62
1356,5/23/21 0:20,16.6,15.6,1.63
1357,5/23/21 0:30,16.6,15.6,1.64
1358,5/23/21 0:40,16.6,15.6,1.64
1359,5/23/21 0:50,16.7,15.2,1.76
1360,5/23/21 1:00,16.6,15.6,1.76
1361,5/23/21 1:10,16.6,15.6,1.7
1362,5/23/21 1:20,16.6,15.2,1.63
1363,5/23/21 1:30,16.4,15.6,1.6
1364,5/23/21 1:40,16.4,15.2,1.6
1365,5/23/21 1:50,16.2,15.2,1.59
1366,5/23/21 2:00,16.1,15.6,1.6
1367,5/23/21 2:10,16.1,14.8,1.58
1368,5/23/21 2:20,16.1,14.8,1.58
1369,5/23/21 2:30,16.1,14.8,1.58
1370,5/23/21 2:40,16.2,15.2,1.55
1371,5/23/21 2:50,16.2,15.6,1.55
1372,5/23/21 3:00,16.3,15.6,1.55
1373,5/23/21 3:10,16.4,15.6,1.54
1374,5/23/21 3:20,16.4,15.6,1.53
1375,5/23/21 3:30,16.4,15.2,1.53
1376,5/23/21 3:40,16.4,15.2,1.51
1377,5/23/21 3:50,16.5,15.6,1.54
1378,5/23/21 4:00,16.5,15.6,1.53
1379,5/23/21 4:10,16.5,15.6,1.53
1380,5/23/21 4:20,16.5,15.6,1.53
1381,5/23/21 4:30,16.6,15.6,1.51
1382,5/23/21 4:40,16.6,15.6,1.51
1383,5/23/21 4:50,16.6,15.6,1.53
1384,5/23/21 5:00,16.6,15.6,1.53
1385,5/23/21 5:10,16.6,15.6,1.53
1386,5/23/21 5:20,16.6,15.6,1.5
1387,5/23/21 5:30,16.6,15.6,1.49
1388,5/23/21 5:40,16.7,15.2,1.49
1389,5/23/21 5:50,16.6,15.6,1.5
1390,5/23/21 6:00,16.6,15.6,1.5
1391,5/23/21 6:10,16.6,15.6,1.5
1392,5/23/21 6:20,16.6,15.6,1.51
1393,5/23/21 6:30,16.6,15.6,1.51
1394,5/23/21 6:40,16.6,15.6,1.51
1395,5/23/21 6:50,16.6,15.2,1.51
1396,5/23/21 7:00,16.7,15.6,1.53
1397,5/23/21 7:10,16.6,15.6,1.54
1398,5/23/21 7:20,16.6,15.6,1.53
1399,5/23/21 7:30,16.6,15.6,1.55
1400,5/23/21 7:40,16.6,15.6,1.55
1401,5/23/21 7:50,16.6,15.6,1.57
1402,5/23/21 8:00,16.7,15.6,1.57
1403,5/23/21 8:10,16.6,15.6,1.57
1404,5/23/21 8:20,16.6,15.6,1.57
1405,5/23/21 8:30,16.6,15.6,1.59
1406,5/23/21 8:40,16.6,15.6,1.62
1407,5/23/21 8:50,16.6,15.6,1.63
1408,5/23/21 9:00,16.6,15.2,1.66
1409,5/23/21 9:10,16.6,15.6,1.67
1410,5/23/21 9:20,16.6,15.6,1.72
1411,5/23/21 9:30,16.6,15.6,1.74
1412,5/23/21 9:40,16.6,15.2,1.79
1413,5/23/21 9:50,16.6,15.6,1.84
1414,5/23/21 10:00,16.6,15.6,1.89
1415,5/23/21 10:10,16.7,15.6,1.95
1416,5/23/21 10:20,16.8,15.6,2
1417,5/23/21 10:30,16.8,15.6,2.02
1418,5/23/21 10:40,16.9,15.6,2.08
1419,5/23/21 10:50,16.9,15.6,2.1
1420,5/23/21 11:00,16.9,15.5,2.14
1421,5/23/21 11:10,16.9,15.5,2.18
1422,5/23/21 11:20,16.9,15.5,2.2
1423,5/23/21 11:30,16.9,15.5,2.27
1424,5/23/21 11:40,16.9,15.5,2.26
1425,5/23/21 11:50,16.9,15.2,2.17
1426,5/23/21 12:00,16.9,15.5,2.21
1427,5/23/21 12:10,16.9,15.5,2.13
1428,5/23/21 12:20,16.8,15.6,2.06
1429,5/23/21 12:30,16.8,15.6,2.02
1430,5/23/21 12:40,16.8,15.6,1.99
1431,5/23/21 12:50,16.7,15.6,1.93
1432,5/23/21 13:00,16.7,15.6,1.89
1433,5/23/21 13:10,16.7,15.6,1.91
1434,5/23/21 13:20,16.7,15.2,1.85
1435,5/23/21 13:30,16.7,15.6,1.84
1436,5/23/21 13:40,16.7,15.6,1.84
1437,5/23/21 13:50,16.6,15.2,1.83
1438,5/23/21 14:00,16.6,15.6,1.79
1439,5/23/21 14:10,16.6,15.6,1.76
1440,5/23/21 14:20,16.6,15.6,1.78
1441,5/23/21 14:30,16.6,15.2,1.8
1442,5/23/21 14:40,16.6,15.6,1.79
1443,5/23/21 14:50,16.6,15.6,1.79
1444,5/23/21 15:00,16.6,15.6,1.8
1445,5/23/21 15:10,16.6,15.6,1.81
1446,5/23/21 15:20,16.6,15.6,1.78
1447,5/23/21 15:30,16.6,15.6,1.74
1448,5/23/21 15:40,16.6,15.6,1.75
1449,5/23/21 15:50,16.6,15.6,1.75
1450,5/23/21 16:00,16.6,15.6,1.74
1451,5/23/21 16:10,16.6,15.6,1.75
1452,5/23/21 16:20,16.6,15.6,1.78
1453,5/23/21 16:30,16.6,15.6,1.76
1454,5/23/21 16:40,16.6,15.6,1.76
1455,5/23/21 16:50,16.6,15.6,1.78
1456,5/23/21 17:00,16.6,15.6,1.8
1457,5/23/21 17:10,16.6,15.6,1.78
1458,5/23/21 17:20,16.6,15.6,1.78
1459,5/23/21 17:30,16.6,15.6,1.79
1460,5/23/21 17:40,16.6,15.2,1.79
1461,5/23/21 17:50,16.6,15.6,1.78
1462,5/23/21 18:00,16.6,15.6,1.8
1463,5/23/21 18:10,16.6,15.6,1.8
1464,5/23/21 18:20,16.6,15.2,1.79
1465,5/23/21 18:30,16.6,15.6,1.81
1466,5/23/21 18:40,16.6,15.6,1.8
1467,5/23/21 18:50,16.6,15.6,1.8
1468,5/23/21 19:00,16.6,15.6,1.8
1469,5/23/21 19:10,16.6,15.2,1.8
1470,5/23/21 19:20,16.6,15.6,1.79
1471,5/23/21 19:30,16.6,15.6,1.78
1472,5/23/21 19:40,16.6,15.6,1.79
1473,5/23/21 19:50,16.6,15.6,1.78
1474,5/23/21 20:00,16.6,15.6,1.75
1475,5/23/21 20:10,16.6,15.6,1.74
1476,5/23/21 20:20,16.6,15.6,1.74
1477,5/23/21 20:30,16.6,15.2,1.72
1478,5/23/21 20:40,16.6,15.6,1.71
1479,5/23/21 20:50,16.6,15.6,1.7
1480,5/23/21 21:00,16.6,15.6,1.68
1481,5/23/21 21:10,16.6,15.2,1.67
1482,5/23/21 21:20,16.6,15.6,1.66
1483,5/23/21 21:30,16.6,15.6,1.64
1484,5/23/21 21:40,16.6,15.2,1.64
1485,5/23/21 21:50,16.5,15.6,1.62
1486,5/23/21 22:00,16.5,15.6,1.63
1487,5/23/21 22:10,16.6,15.6,1.62
1488,5/23/21 22:20,16.6,15.6,1.62
1489,5/23/21 22:30,16.6,15.6,1.62
1490,5/23/21 22:40,16.6,15.2,1.6
1491,5/23/21 22:50,16.5,15.2,1.6
1492,5/23/21 23:00,16.5,15.6,1.6
1493,5/23/21 23:10,16.5,15.6,1.59
1494,5/23/21 23:20,16.6,15.6,1.58
1495,5/23/21 23:30,16.6,15.6,1.58
1496,5/23/21 23:40,16.6,15.2,1.58
1497,5/23/21 23:50,16.6,15.2,1.58
1498,5/24/21 0:00,16.6,15.6,1.58
1499,5/24/21 0:10,16.6,15.2,1.57
1500,5/24/21 0:20,16.6,15.6,1.57
1501,5/24/21 0:30,16.6,15.6,1.55
1502,5/24/21 0:40,16.6,15.2,1.57
1503,5/24/21 0:50,16.6,15.2,1.55
1504,5/24/21 1:00,16.6,15.6,1.55
1505,5/24/21 1:10,16.6,15.6,1.55
1506,5/24/21 1:20,16.7,15.6,1.55
1507,5/24/21 1:30,16.6,15.6,1.54
1508,5/24/21 1:40,16.6,15.6,1.54
1509,5/24/21 1:50,16.6,15.2,1.54
1510,5/24/21 2:00,16.6,15.6,1.54
1511,5/24/21 2:10,16.6,15.6,1.53
1512,5/24/21 2:20,16.6,15.6,1.53
1513,5/24/21 2:30,16.7,15.6,1.53
1514,5/24/21 2:40,16.6,15.2,1.53
1515,5/24/21 2:50,16.6,15.2,1.51
1516,5/24/21 3:00,16.7,15.6,1.53
1517,5/24/21 3:10,16.6,15.6,1.51
1518,5/24/21 3:20,16.6,15.6,1.51
1519,5/24/21 3:30,16.6,15.2,1.5
1520,5/24/21 3:40,16.7,15.6,1.5
1521,5/24/21 3:50,16.6,15.2,1.5
1522,5/24/21 4:00,16.6,15.6,1.5
1523,5/24/21 4:10,16.7,15.2,1.5
1524,5/24/21 4:20,16.6,15.6,1.5
1525,5/24/21 4:30,16.6,15.6,1.49
1526,5/24/21 4:40,16.7,15.6,1.49
1527,5/24/21 4:50,16.7,15.6,1.49
1528,5/24/21 5:00,16.6,15.6,1.49
1529,5/24/21 5:10,16.7,15.2,1.49
1530,5/24/21 5:20,16.6,15.6,1.49
1531,5/24/21 5:30,16.7,15.6,1.5
1532,5/24/21 5:40,16.6,15.6,1.49
1533,5/24/21 5:50,16.7,15.2,1.49
1534,5/24/21 6:00,16.7,15.2,1.47
1535,5/24/21 6:10,16.6,15.6,1.47
1536,5/24/21 6:20,16.7,15.6,1.47
1537,5/24/21 6:30,16.7,15.6,1.47
1538,5/24/21 6:40,16.7,15.6,1.49
1539,5/24/21 6:50,16.7,15.6,1.49
1540,5/24/21 7:00,16.7,15.6,1.49
1541,5/24/21 7:10,16.7,15.6,1.49
1542,5/24/21 7:20,16.7,15.6,1.5
1543,5/24/21 7:30,16.7,15.6,1.51
1544,5/24/21 7:40,16.7,15.6,1.51
1545,5/24/21 7:50,16.7,15.2,1.53
1546,5/24/21 8:00,16.7,15.6,1.54
1547,5/24/21 8:10,16.7,15.6,1.54
1548,5/24/21 8:20,16.7,15.6,1.55
1549,5/24/21 8:30,16.7,15.6,1.59
1550,5/24/21 8:40,16.8,15.6,1.6
1551,5/24/21 8:50,16.7,15.6,1.63
1552,5/24/21 9:00,16.8,15.6,1.64
1553,5/24/21 9:10,16.8,15.6,1.66
1554,5/24/21 9:20,16.8,15.6,1.7
1555,5/24/21 9:30,16.8,15.6,1.72
1556,5/24/21 9:40,16.9,15.6,1.76
1557,5/24/21 9:50,16.9,15.6,1.84
1558,5/24/21 10:00,16.9,15.6,1.89
1559,5/24/21 10:10,16.9,15.6,1.96
1560,5/24/21 10:20,16.9,15.6,1.97
1561,5/24/21 10:30,17,15.6,2.04
1562,5/24/21 10:40,17,15.9,2.08
1563,5/24/21 10:50,17,15.6,2.12
1564,5/24/21 11:00,17.1,15.9,2.17
1565,5/24/21 11:10,17.1,15.9,2.18
1566,5/24/21 11:20,17.2,15.9,2.26
1567,5/24/21 11:30,17.1,15.9,2.27
1568,5/24/21 11:40,17.2,15.9,2.37
1569,5/24/21 11:50,17.2,15.9,2.41
1570,5/24/21 12:00,17.2,15.9,2.44
1571,5/24/21 12:10,17.3,15.9,2.51
1572,5/24/21 12:20,17.3,15.9,2.51
1573,5/24/21 12:30,17.4,15.9,2.54
1574,5/24/21 12:40,17.4,15.9,2.58
1575,5/24/21 12:50,17.4,15.9,2.62
1576,5/24/21 13:00,17.4,15.9,2.6
1577,5/24/21 13:10,17.4,15.9,2.63
1578,5/24/21 13:20,17.4,15.9,2.64
1579,5/24/21 13:30,17.4,15.9,2.64
1580,5/24/21 13:40,17.4,15.9,2.67
1581,5/24/21 13:50,17.4,15.9,2.67
1582,5/24/21 14:00,17.4,15.9,2.65
1583,5/24/21 14:10,17.4,16.3,2.64
1584,5/24/21 14:20,17.4,15.9,2.63
1585,5/24/21 14:30,17.4,15.9,2.58
1586,5/24/21 14:40,17.4,15.9,2.58
1587,5/24/21 14:50,17.4,15.9,2.55
1588,5/24/21 15:00,17.4,15.9,2.52
1589,5/24/21 15:10,17.4,16.3,2.54
1590,5/24/21 15:20,17.3,15.9,2.52
1591,5/24/21 15:30,17.4,15.9,2.51
1592,5/24/21 15:40,17.3,15.9,2.43
1593,5/24/21 15:50,17.2,15.9,2.39
1594,5/24/21 16:00,17.2,15.9,2.33
1595,5/24/21 16:10,17.1,15.9,2.34
1596,5/24/21 16:20,17.1,15.9,2.3
1597,5/24/21 16:30,17.1,15.9,2.29
1598,5/24/21 16:40,17.1,15.9,2.27
1599,5/24/21 16:50,17.1,15.9,2.25
1600,5/24/21 17:00,17.1,15.9,2.23
1601,5/24/21 17:10,17.1,15.9,2.2
1602,5/24/21 17:20,17.1,15.9,2.17
1603,5/24/21 17:30,17.1,15.5,2.18
1604,5/24/21 17:40,17.1,15.9,2.17
1605,5/24/21 17:50,17.1,15.9,2.18
1606,5/24/21 18:00,17.1,15.9,2.16
1607,5/24/21 18:10,17.1,15.9,2.16
1608,5/24/21 18:20,17.1,15.9,2.13
1609,5/24/21 18:30,17.1,15.6,2.12
1610,5/24/21 18:40,17.1,15.6,2.12
1611,5/24/21 18:50,17.1,15.6,2.09
1612,5/24/21 19:00,17,15.6,2.08
1613,5/24/21 19:10,17.1,15.9,2.05
1614,5/24/21 19:20,17.1,15.6,2.05
1615,5/24/21 19:30,17,15.6,2.05
1616,5/24/21 19:40,17.1,15.9,2.01
1617,5/24/21 19:50,17,15.9,1.99
1618,5/24/21 20:00,17,15.9,1.99
1619,5/24/21 20:10,17,15.6,1.97
1620,5/24/21 20:20,17,15.9,1.97
1621,5/24/21 20:30,17,15.9,1.97
1622,5/24/21 20:40,17,15.6,1.93
1623,5/24/21 20:50,17,15.9,1.93
1624,5/24/21 21:00,17,15.9,1.92
1625,5/24/21 21:10,17,15.6,1.91
1626,5/24/21 21:20,17,15.9,1.89
1627,5/24/21 21:30,17,15.6,1.89
1628,5/24/21 21:40,17,15.6,1.88
1629,5/24/21 21:50,17,15.9,1.87
1630,5/24/21 22:00,17,15.6,1.87
1631,5/24/21 22:10,17,15.6,1.84
1632,5/24/21 22:20,17,15.9,1.83
1633,5/24/21 22:30,17.1,15.9,1.84
1634,5/24/21 22:40,17,15.9,1.83
1635,5/24/21 22:50,17,15.6,1.81
1636,5/24/21 23:00,17,15.9,1.8
1637,5/24/21 23:10,17,15.6,1.8
1638,5/24/21 23:20,17.1,15.6,1.8
1639,5/24/21 23:30,17,15.6,1.79
1640,5/24/21 23:40,17.1,15.9,1.79
1641,5/24/21 23:50,17.1,15.9,1.78
1642,5/25/21 0:00,17.1,15.9,1.76
1643,5/25/21 0:10,17.1,15.9,1.75
1644,5/25/21 0:20,17.1,15.6,1.74
1645,5/25/21 0:30,17.1,15.9,1.74
1646,5/25/21 0:40,17.1,15.9,1.74
1647,5/25/21 0:50,17.1,15.9,1.74
1648,5/25/21 1:00,17,15.9,1.74
1649,5/25/21 1:10,17.1,15.9,1.71
1650,5/25/21 1:20,17.1,15.9,1.71
1651,5/25/21 1:30,17.1,15.6,1.71
1652,5/25/21 1:40,17.1,15.9,1.71
1653,5/25/21 1:50,17.1,15.9,1.7
1654,5/25/21 2:00,17.1,15.6,1.7
1655,5/25/21 2:10,17.2,15.9,1.7
1656,5/25/21 2:20,17.1,15.9,1.7
1657,5/25/21 2:30,17.1,15.9,1.68
1658,5/25/21 2:40,17.1,15.9,1.7
1659,5/25/21 2:50,17.1,15.9,1.68
1660,5/25/21 3:00,17.1,15.9,1.68
1661,5/25/21 3:10,17.1,15.6,1.67
1662,5/25/21 3:20,17.1,15.9,1.67
1663,5/25/21 3:30,17.1,15.9,1.67
1664,5/25/21 3:40,17.1,15.9,1.66
1665,5/25/21 3:50,17.1,15.9,1.66
1666,5/25/21 4:00,17.2,15.6,1.66
1667,5/25/21 4:10,17.2,15.9,1.66
1668,5/25/21 4:20,17.2,15.9,1.64
1669,5/25/21 4:30,17.1,15.9,1.64
1670,5/25/21 4:40,17.2,15.9,1.64
1671,5/25/21 4:50,17.1,15.9,1.64
1672,5/25/21 5:00,17.1,15.9,1.64
1673,5/25/21 5:10,17.2,15.9,1.63
1674,5/25/21 5:20,17.2,15.9,1.63
1675,5/25/21 5:30,17.1,15.9,1.63
1676,5/25/21 5:40,17.2,15.9,1.62
1677,5/25/21 5:50,17.2,15.6,1.62
1678,5/25/21 6:00,17.2,15.9,1.62
1679,5/25/21 6:10,17.2,15.9,1.6
1680,5/25/21 6:20,17.2,15.6,1.62
1681,5/25/21 6:30,17.2,15.6,1.6
1682,5/25/21 6:40,17.2,15.9,1.6
1683,5/25/21 6:50,17.2,15.9,1.62
1684,5/25/21 7:00,17.2,15.9,1.63
1685,5/25/21 7:10,17.2,15.9,1.63
1686,5/25/21 7:20,17.1,15.9,1.63
1687,5/25/21 7:30,17.2,15.9,1.64
1688,5/25/21 7:40,17.2,15.9,1.66
1689,5/25/21 7:50,17.2,15.9,1.66
1690,5/25/21 8:00,17.2,15.9,1.67
1691,5/25/21 8:10,17.2,15.9,1.68
1692,5/25/21 8:20,17.2,15.9,1.71
1693,5/25/21 8:30,17.3,15.9,1.71
1694,5/25/21 8:40,17.2,15.9,1.72
1695,5/25/21 8:50,17.2,16.3,1.75
1696,5/25/21 9:00,17.4,15.9,1.78
1697,5/25/21 9:10,17.4,15.9,1.79
1698,5/25/21 9:20,17.4,15.9,1.83
1699,5/25/21 9:30,17.4,15.9,1.88
1700,5/25/21 9:40,17.4,15.9,1.91
1701,5/25/21 9:50,17.4,15.9,2
1702,5/25/21 10:00,17.5,15.9,2.06
1703,5/25/21 10:10,17.6,16.3,2.14
1704,5/25/21 10:20,17.5,16.3,2.18
1705,5/25/21 10:30,17.6,16.3,2.23
1706,5/25/21 10:40,17.7,16.3,2.29
1707,5/25/21 10:50,17.7,16.3,2.34
1708,5/25/21 11:00,17.7,16.3,2.38
1709,5/25/21 11:10,17.7,16.3,2.43
1710,5/25/21 11:20,17.7,16.3,2.5
1711,5/25/21 11:30,17.8,16.3,2.56
1712,5/25/21 11:40,17.9,16.3,2.63
1713,5/25/21 11:50,17.9,16.7,2.67
1714,5/25/21 12:00,17.9,16.3,2.73
1715,5/25/21 12:10,17.9,16.3,2.75
1716,5/25/21 12:20,17.9,16.7,2.81
1717,5/25/21 12:30,18,16.7,2.8
1718,5/25/21 12:40,18,16.3,2.83
1719,5/25/21 12:50,18,16.7,2.76
1720,5/25/21 13:00,18,16.7,2.75
1721,5/25/21 13:10,18,16.7,2.81
1722,5/25/21 13:20,17.9,16.3,2.72
1723,5/25/21 13:30,17.9,16.7,2.73
1724,5/25/21 13:40,17.9,16.3,2.67
1725,5/25/21 13:50,17.9,16.3,2.63
1726,5/25/21 14:00,17.9,16.3,2.68
1727,5/25/21 14:10,17.9,16.3,2.73
1728,5/25/21 14:20,17.9,16.7,2.69
1729,5/25/21 14:30,17.9,16.3,2.67
1730,5/25/21 14:40,17.9,16.7,2.71
1731,5/25/21 14:50,17.9,16.3,2.72
1732,5/25/21 15:00,18,16.3,2.73
1733,5/25/21 15:10,18,16.3,2.73
1734,5/25/21 15:20,18,16.3,2.73
1735,5/25/21 15:30,17.9,16.3,2.69
1736,5/25/21 15:40,17.9,16.3,2.68
1737,5/25/21 15:50,17.8,16.3,2.6
1738,5/25/21 16:00,17.8,16.3,2.58
1739,5/25/21 16:10,17.7,16.3,2.55
1740,5/25/21 16:20,17.7,16.3,2.5
1741,5/25/21 16:30,17.7,16.3,2.47
1742,5/25/21 16:40,17.7,16.3,2.47
1743,5/25/21 16:50,17.7,16.3,2.42
1744,5/25/21 17:00,17.7,16.3,2.42
1745,5/25/21 17:10,17.7,16.3,2.42
1746,5/25/21 17:20,17.7,16.3,2.41
1747,5/25/21 17:30,17.7,16.3,2.39
1748,5/25/21 17:40,17.7,16.3,2.38
1749,5/25/21 17:50,17.7,16.3,2.37
1750,5/25/21 18:00,17.7,16.3,2.37
1751,5/25/21 18:10,17.7,16.3,2.37
1752,5/25/21 18:20,17.7,16.3,2.37
1753,5/25/21 18:30,17.7,16.3,2.31
1754,5/25/21 18:40,17.6,16.3,2.31
1755,5/25/21 18:50,17.7,16.3,2.3
1756,5/25/21 19:00,17.7,16.3,2.29
1757,5/25/21 19:10,17.7,16.3,2.26
1758,5/25/21 19:20,17.7,16.3,2.23
1759,5/25/21 19:30,17.6,16.3,2.23
1760,5/25/21 19:40,17.6,16.3,2.22
1761,5/25/21 19:50,17.6,16.3,2.21
1762,5/25/21 20:00,17.6,16.3,2.2
1763,5/25/21 20:10,17.6,16.3,2.16
1764,5/25/21 20:20,17.6,16.3,2.16
1765,5/25/21 20:30,17.6,16.3,2.16
1766,5/25/21 20:40,17.6,16.3,2.14
1767,5/25/21 20:50,17.6,16.3,2.14
1768,5/25/21 21:00,17.6,15.9,2.14
1769,5/25/21 21:10,17.6,15.9,2.1
1770,5/25/21 21:20,17.6,15.9,2.1
1771,5/25/21 21:30,17.5,16.3,2.09
1772,5/25/21 21:40,17.6,16.3,2.08
1773,5/25/21 21:50,17.5,15.9,2.06
1774,5/25/21 22:00,17.5,16.3,2.06
1775,5/25/21 22:10,17.6,16.3,2.05
1776,5/25/21 22:20,17.6,16.3,2.05
1777,5/25/21 22:30,17.6,16.3,2.02
1778,5/25/21 22:40,17.6,15.9,2.02
1779,5/25/21 22:50,17.6,15.9,2.01
1780,5/25/21 23:00,17.5,16.3,2
1781,5/25/21 23:10,17.6,16.3,2
1782,5/25/21 23:20,17.6,16.3,1.99
1783,5/25/21 23:30,17.5,15.9,1.99
1784,5/25/21 23:40,17.5,16.3,2
1785,5/25/21 23:50,17.5,15.9,1.99
1786,5/26/21 0:00,17.6,15.9,1.99
1787,5/26/21 0:10,17.5,16.3,1.97
1788,5/26/21 0:20,17.5,16.3,1.97
1789,5/26/21 0:30,17.6,16.3,1.97
1790,5/26/21 0:40,17.6,15.9,1.97
1791,5/26/21 0:50,17.6,16.3,1.96
1792,5/26/21 1:00,17.6,16.3,1.96
1793,5/26/21 1:10,17.6,16.3,1.96
1794,5/26/21 1:20,17.6,16.3,1.95
1795,5/26/21 1:30,17.6,16.3,1.95
1796,5/26/21 1:40,17.6,16.3,1.95
1797,5/26/21 1:50,17.6,16.3,1.95
1798,5/26/21 2:00,17.6,16.3,1.93
1799,5/26/21 2:10,17.7,16.3,1.92
1800,5/26/21 2:20,17.7,16.3,1.91
1801,5/26/21 2:30,17.6,16.3,1.92
1802,5/26/21 2:40,17.6,16.3,1.91
1803,5/26/21 2:50,17.7,16.3,1.91
1804,5/26/21 3:00,17.6,16.3,1.89
1805,5/26/21 3:10,17.7,16.3,1.89
1806,5/26/21 3:20,17.7,16.3,1.91
1807,5/26/21 3:30,17.7,16.3,1.89
1808,5/26/21 3:40,17.6,16.3,1.89
1809,5/26/21 3:50,17.7,16.3,1.89
1810,5/26/21 4:00,17.7,16.3,1.91
1811,5/26/21 4:10,17.7,15.9,1.91
1812,5/26/21 4:20,17.7,16.3,1.88
1813,5/26/21 4:30,17.6,16.3,1.87
1814,5/26/21 4:40,17.7,16.3,1.88
1815,5/26/21 4:50,17.7,16.3,1.87
1816,5/26/21 5:00,17.7,16.3,1.85
1817,5/26/21 5:10,17.7,16.3,1.84
1818,5/26/21 5:20,17.7,15.9,1.84
1819,5/26/21 5:30,17.7,16.3,1.84
1820,5/26/21 5:40,17.6,16.3,1.83
1821,5/26/21 5:50,17.7,15.9,1.84
1822,5/26/21 6:00,17.6,16.3,1.84
1823,5/26/21 6:10,17.7,16.3,1.85
1824,5/26/21 6:20,17.7,16.3,1.84
1825,5/26/21 6:30,17.7,16.3,1.87
1826,5/26/21 6:40,17.7,16.3,1.87
1827,5/26/21 6:50,17.7,16.3,1.88
1828,5/26/21 7:00,17.7,16.3,1.89
1829,5/26/21 7:10,17.7,15.9,1.91
1830,5/26/21 7:20,17.7,16.3,1.92
1831,5/26/21 7:30,17.7,16.3,1.95
1832,5/26/21 7:40,17.7,16.3,1.96
1833,5/26/21 7:50,17.7,15.9,1.97
1834,5/26/21 8:00,17.7,16.3,1.99
1835,5/26/21 8:10,17.7,16.3,2.01
1836,5/26/21 8:20,17.7,16.3,2.04
1837,5/26/21 8:30,17.7,16.3,2.06
1838,5/26/21 8:40,17.8,16.3,2.1
1839,5/26/21 8:50,17.8,16.3,2.14
1840,5/26/21 9:00,17.8,16.3,2.17
1841,5/26/21 9:10,18,16.3,2.2
1842,5/26/21 9:20,17.8,16.3,2.22
1843,5/26/21 9:30,17.9,16.3,2.29
1844,5/26/21 9:40,18,16.7,2.34
1845,5/26/21 9:50,17.9,16.7,2.39
1846,5/26/21 10:00,18,16.3,2.42
1847,5/26/21 10:10,18.1,16.7,2.44
1848,5/26/21 10:20,18.1,16.7,2.47
1849,5/26/21 10:30,18.1,16.7,2.51
1850,5/26/21 10:40,18.1,16.7,2.51
1851,5/26/21 10:50,18.2,16.7,2.56
1852,5/26/21 11:00,18.2,16.7,2.64
1853,5/26/21 11:10,18.2,16.3,2.75
1854,5/26/21 11:20,18.3,16.7,2.85
1855,5/26/21 11:30,18.4,17.1,2.93
1856,5/26/21 11:40,18.4,16.7,2.94
1857,5/26/21 11:50,18.4,17.1,2.93
1858,5/26/21 12:00,18.3,16.7,2.9
1859,5/26/21 12:10,18.3,17.1,2.84
1860,5/26/21 12:20,18.3,17.1,2.79
1861,5/26/21 12:30,18.2,16.3,2.8
1862,5/26/21 12:40,18.3,17.1,2.79
1863,5/26/21 12:50,18.3,16.7,2.75
1864,5/26/21 13:00,18.3,16.7,2.72
1865,5/26/21 13:10,18.2,16.7,2.71
1866,5/26/21 13:20,18.3,16.7,2.73
1867,5/26/21 13:30,18.3,16.7,2.77
1868,5/26/21 13:40,18.3,16.7,2.79
1869,5/26/21 13:50,18.3,16.7,2.83
1870,5/26/21 14:00,18.3,17.1,2.81
1871,5/26/21 14:10,18.3,16.7,2.85
1872,5/26/21 14:20,18.3,16.7,2.81
1873,5/26/21 14:30,18.3,16.7,2.8
1874,5/26/21 14:40,18.2,16.7,2.79
1875,5/26/21 14:50,18.4,16.7,2.83
1876,5/26/21 15:00,18.4,16.7,2.84
1877,5/26/21 15:10,18.4,17.1,2.83
1878,5/26/21 15:20,18.4,17.1,2.87
1879,5/26/21 15:30,18.4,17.1,2.85
1880,5/26/21 15:40,18.4,16.7,2.85
1881,5/26/21 15:50,18.4,17.1,2.87
1882,5/26/21 16:00,18.4,16.7,2.83
1883,5/26/21 16:10,18.4,17.1,2.87
1884,5/26/21 16:20,18.5,16.7,2.87
1885,5/26/21 16:30,18.4,17.1,2.81
1886,5/26/21 16:40,18.4,17.1,2.81
1887,5/26/21 16:50,18.4,17.1,2.81
1888,5/26/21 17:00,18.4,17.1,2.81
1889,5/26/21 17:10,18.4,16.7,2.79
1890,5/26/21 17:20,18.4,17.1,2.76
1891,5/26/21 17:30,18.3,17.1,2.75
1892,5/26/21 17:40,18.4,17.1,2.73
1893,5/26/21 17:50,18.3,16.7,2.71
1894,5/26/21 18:00,18.4,17.1,2.72
1895,5/26/21 18:10,18.3,17.1,2.69
1896,5/26/21 18:20,18.3,16.7,2.68
1897,5/26/21 18:30,18.3,16.7,2.65
1898,5/26/21 18:40,18.4,16.7,2.67
1899,5/26/21 18:50,18.4,17.1,2.64
1900,5/26/21 19:00,18.3,17.1,2.62
1901,5/26/21 19:10,18.4,16.7,2.6
1902,5/26/21 19:20,18.3,17.1,2.56
1903,5/26/21 19:30,18.3,16.7,2.55
1904,5/26/21 19:40,18.3,17.1,2.54
1905,5/26/21 19:50,18.3,17.1,2.52
1906,5/26/21 20:00,18.3,16.7,2.5
1907,5/26/21 20:10,18.2,16.3,2.44
1908,5/26/21 20:20,18.2,16.7,2.44
1909,5/26/21 20:30,18.2,16.3,2.44
1910,5/26/21 20:40,18.2,16.7,2.43
1911,5/26/21 20:50,18.2,16.7,2.38
1912,5/26/21 21:00,18.2,16.7,2.37
1913,5/26/21 21:10,18.3,16.7,2.37
1914,5/26/21 21:20,18.2,16.7,2.35
1915,5/26/21 21:30,18.2,16.7,2.35
1916,5/26/21 21:40,18.2,16.7,2.35
1917,5/26/21 21:50,18.2,16.7,2.35
1918,5/26/21 22:00,18.2,16.7,2.33
1919,5/26/21 22:10,18.2,16.7,2.34
1920,5/26/21 22:20,18.2,17.1,2.33
1921,5/26/21 22:30,18.2,16.7,2.33
1922,5/26/21 22:40,18.2,16.7,2.31
1923,5/26/21 22:50,18.2,16.7,2.34
1924,5/26/21 23:00,18.2,16.7,2.35
1925,5/26/21 23:10,18.3,16.7,2.37
1926,5/26/21 23:20,18.2,16.7,2.35
1927,5/26/21 23:30,18.3,16.7,2.37
1928,5/26/21 23:40,18.3,16.7,2.38
1929,5/26/21 23:50,18.3,16.7,2.37
1930,5/27/21 0:00,18.3,16.7,2.35
1931,5/27/21 0:10,18.3,16.7,2.35
1932,5/27/21 0:20,18.3,17.1,2.35
1933,5/27/21 0:30,18.3,16.7,2.35
1934,5/27/21 0:40,18.3,16.7,2.34
1935,5/27/21 0:50,18.3,16.7,2.33
1936,5/27/21 1:00,18.2,16.7,2.31
1937,5/27/21 1:10,18.3,17.1,2.29
1938,5/27/21 1:20,18.2,16.7,2.27
1939,5/27/21 1:30,18.2,16.7,2.27
1940,5/27/21 1:40,18.2,16.7,2.25
1941,5/27/21 1:50,18.2,16.7,2.25
1942,5/27/21 2:00,18.2,16.7,2.23
1943,5/27/21 2:10,18.3,16.7,2.21
1944,5/27/21 2:20,18.3,16.7,2.2
1945,5/27/21 2:30,18.3,16.7,2.18
1946,5/27/21 2:40,18.3,16.3,2.17
1947,5/27/21 2:50,18.3,16.7,2.16
1948,5/27/21 3:00,18.2,16.7,2.14
1949,5/27/21 3:10,18.3,16.7,2.13
1950,5/27/21 3:20,18.2,16.7,2.13
1951,5/27/21 3:30,18.3,16.7,2.1
1952,5/27/21 3:40,18.2,16.7,2.09
1953,5/27/21 3:50,18.3,16.7,2.08
1954,5/27/21 4:00,18.3,16.7,2.08
1955,5/27/21 4:10,18.2,16.7,2.06
1956,5/27/21 4:20,18.3,16.7,2.05
1957,5/27/21 4:30,18.3,16.7,2.05
1958,5/27/21 4:40,18.2,16.7,2.05
1959,5/27/21 4:50,18.2,16.7,2.04
1960,5/27/21 5:00,18.2,16.7,2.02
1961,5/27/21 5:10,18.2,16.7,2.04
1962,5/27/21 5:20,18.2,16.7,2.02
1963,5/27/21 5:30,18.2,16.7,2.01
1964,5/27/21 5:40,18.2,16.7,2.02
1965,5/27/21 5:50,18.2,16.7,2.01
1966,5/27/21 6:00,18.2,16.3,2.02
1967,5/27/21 6:10,18.2,16.7,2.01
1968,5/27/21 6:20,18.2,16.7,2
1969,5/27/21 6:30,18.3,16.7,2.01
1970,5/27/21 6:40,18.3,16.7,2.01
1971,5/27/21 6:50,18.2,16.7,2.02
1972,5/27/21 7:00,18.3,16.7,2.02
1973,5/27/21 7:10,18.2,16.7,2.02
1974,5/27/21 7:20,18.3,16.7,2.04
1975,5/27/21 7:30,18.3,16.7,2.05
1976,5/27/21 7:40,18.3,16.7,2.06
1977,5/27/21 7:50,18.3,16.7,2.09
1978,5/27/21 8:00,18.3,16.7,2.12
1979,5/27/21 8:10,18.3,17.1,2.14
1980,5/27/21 8:20,18.3,17.1,2.17
1981,5/27/21 8:30,18.3,16.7,2.2
1982,5/27/21 8:40,18.4,16.7,2.22
1983,5/27/21 8:50,18.4,16.7,2.25
1984,5/27/21 9:00,18.4,17.1,2.33
1985,5/27/21 9:10,18.5,17.1,2.34
1986,5/27/21 9:20,18.5,17.1,2.42
1987,5/27/21 9:30,18.5,17.1,2.47
1988,5/27/21 9:40,18.6,17.1,2.56
1989,5/27/21 9:50,18.8,17.1,2.73
1990,5/27/21 10:00,18.8,17.5,2.84
1991,5/27/21 10:10,18.9,17.5,2.97
1992,5/27/21 10:20,18.9,17.5,3.05
1993,5/27/21 10:30,19,17.5,3.17
1994,5/27/21 10:40,19,17.4,3.29
1995,5/27/21 10:50,19.1,17.4,3.39
1996,5/27/21 11:00,19.2,17.4,3.51
1997,5/27/21 11:10,19.2,17.4,3.6
1998,5/27/21 11:20,19.3,17.4,3.68
1999,5/27/21 11:30,19.3,17.4,3.77
2000,5/27/21 11:40,19.5,17.8,3.93
2001,5/27/21 11:50,19.6,17.8,4.06
2002,5/27/21 12:00,19.6,18.2,4.18
2003,5/27/21 12:10,19.7,18.2,4.31
2004,5/27/21 12:20,19.8,18.2,4.43
2005,5/27/21 12:30,19.8,18.2,4.45
2006,5/27/21 12:40,19.9,17.8,4.52
2007,5/27/21 12:50,20,18.2,4.62
2008,5/27/21 13:00,20,18.2,4.77
2009,5/27/21 13:10,20,18.2,4.8
2010,5/27/21 13:20,20.2,18.6,4.95
2011,5/27/21 13:30,20.2,18.6,5.02
2012,5/27/21 13:40,20.2,18.6,5.03
2013,5/27/21 13:50,20.2,18.6,5.04
2014,5/27/21 14:00,20.2,18.6,5.03
2015,5/27/21 14:10,20.3,18.6,5.1
2016,5/27/21 14:20,20.2,18.2,5.06
2017,5/27/21 14:30,20.2,18.6,4.98
2018,5/27/21 14:40,20.1,18.6,4.97
2019,5/27/21 14:50,20.1,18.6,4.87
2020,5/27/21 15:00,20.1,18.6,4.85
2021,5/27/21 15:10,20.1,18.2,4.89
2022,5/27/21 15:20,20,18.2,4.78
2023,5/27/21 15:30,20.1,18.2,4.74
2024,5/27/21 15:40,20,18.2,4.59
2025,5/27/21 15:50,19.9,18.2,4.47
2026,5/27/21 16:00,19.9,18.2,4.4
2027,5/27/21 16:10,19.8,18.2,4.31
2028,5/27/21 16:20,19.7,18.2,4.2
2029,5/27/21 16:30,19.7,17.8,4.06
2030,5/27/21 16:40,19.6,17.4,4.07
2031,5/27/21 16:50,19.5,17.8,4.01
2032,5/27/21 17:00,19.5,18.2,4.02
2033,5/27/21 17:10,19.7,17.8,4.01
2034,5/27/21 17:20,19.6,18.2,3.98
2035,5/27/21 17:30,19.5,18.2,3.93
2036,5/27/21 17:40,19.5,17.8,3.9
2037,5/27/21 17:50,19.7,18.2,3.93
2038,5/27/21 18:00,19.7,17.8,3.89
2039,5/27/21 18:10,19.5,17.8,3.86
2040,5/27/21 18:20,19.5,18.2,3.84
2041,5/27/21 18:30,19.5,18.2,3.82
2042,5/27/21 18:40,19.5,17.8,3.78
2043,5/27/21 18:50,19.5,17.8,3.73
2044,5/27/21 19:00,19.5,17.8,3.65
2045,5/27/21 19:10,19.5,17.4,3.64
2046,5/27/21 19:20,19.4,17.4,3.6
2047,5/27/21 19:30,19.3,17.8,3.53
2048,5/27/21 19:40,19.3,17.4,3.5
2049,5/27/21 19:50,19.3,17.8,3.44
2050,5/27/21 20:00,19.3,17.4,3.36
2051,5/27/21 20:10,19.2,17.4,3.31
2052,5/27/21 20:20,19.2,17.4,3.25
2053,5/27/21 20:30,19.1,17.4,3.25
2054,5/27/21 20:40,19.1,17.4,3.22
2055,5/27/21 20:50,19.1,17.5,3.18
2056,5/27/21 21:00,19,17.8,3.14
2057,5/27/21 21:10,19.1,17.5,3.11
2058,5/27/21 21:20,19,17.5,3.09
2059,5/27/21 21:30,19.1,17.5,3.06
2060,5/27/21 21:40,19,17.5,3.04
2061,5/27/21 21:50,19,17.5,3.01
2062,5/27/21 22:00,19,17.5,2.98
2063,5/27/21 22:10,19,17.5,2.96
2064,5/27/21 22:20,19,17.8,2.92
2065,5/27/21 22:30,19,17.5,2.89
2066,5/27/21 22:40,19,17.5,2.84
2067,5/27/21 22:50,19,17.5,2.81
2068,5/27/21 23:00,19,17.5,2.8
2069,5/27/21 23:10,19,17.5,2.77
2070,5/27/21 23:20,19,17.5,2.75
2071,5/27/21 23:30,18.9,17.5,2.72
2072,5/27/21 23:40,18.8,17.5,2.68
2073,5/27/21 23:50,18.9,17.5,2.65
2074,5/28/21 0:00,18.8,17.5,2.64
2075,5/28/21 0:10,18.8,17.1,2.6
2076,5/28/21 0:20,18.9,17.5,2.58
2077,5/28/21 0:30,18.8,17.1,2.56
2078,5/28/21 0:40,18.8,17.5,2.52
2079,5/28/21 0:50,18.8,17.5,2.51
2080,5/28/21 1:00,18.7,17.5,2.5
2081,5/28/21 1:10,18.8,17.1,2.46
2082,5/28/21 1:20,18.8,17.1,2.44
2083,5/28/21 1:30,18.7,17.5,2.43
2084,5/28/21 1:40,18.7,17.1,2.42
2085,5/28/21 1:50,18.8,17.1,2.39
2086,5/28/21 2:00,18.7,17.1,2.38
2087,5/28/21 2:10,18.6,17.1,2.37
2088,5/28/21 2:20,18.7,17.1,2.35
2089,5/28/21 2:30,18.7,17.1,2.34
2090,5/28/21 2:40,18.7,17.1,2.34
2091,5/28/21 2:50,18.7,17.1,2.33
2092,5/28/21 3:00,18.7,17.1,2.33
2093,5/28/21 3:10,18.7,17.1,2.31
2094,5/28/21 3:20,18.7,17.5,2.31
2095,5/28/21 3:30,18.7,17.1,2.3
2096,5/28/21 3:40,18.7,17.1,2.29
2097,5/28/21 3:50,18.7,17.1,2.29
2098,5/28/21 4:00,18.6,17.1,2.29
2099,5/28/21 4:10,18.7,17.1,2.27
2100,5/28/21 4:20,18.6,17.1,2.27
2101,5/28/21 4:30,18.7,17.1,2.25
2102,5/28/21 4:40,18.7,17.1,2.25
2103,5/28/21 4:50,18.6,17.1,2.22
2104,5/28/21 5:00,18.6,17.1,2.21
2105,5/28/21 5:10,18.6,17.1,2.2
2106,5/28/21 5:20,18.6,17.1,2.17
2107,5/28/21 5:30,18.6,17.1,2.17
2108,5/28/21 5:40,18.6,17.1,2.17
2109,5/28/21 5:50,18.6,17.1,2.16
2110,5/28/21 6:00,18.5,17.1,2.16
2111,5/28/21 6:10,18.6,17.1,2.14
2112,5/28/21 6:20,18.6,17.1,2.14
2113,5/28/21 6:30,18.6,17.1,2.13
2114,5/28/21 6:40,18.6,17.5,2.13
2115,5/28/21 6:50,18.6,17.1,2.13
2116,5/28/21 7:00,18.6,17.1,2.14
2117,5/28/21 7:10,18.6,17.1,2.16
2118,5/28/21 7:20,18.6,17.1,2.17
2119,5/28/21 7:30,18.6,17.1,2.21
2120,5/28/21 7:40,18.6,17.1,2.23
2121,5/28/21 7:50,18.7,17.1,2.27
2122,5/28/21 8:00,18.8,17.5,2.33
2123,5/28/21 8:10,18.8,17.1,2.38
2124,5/28/21 8:20,18.8,17.5,2.43
2125,5/28/21 8:30,18.9,17.5,2.5
2126,5/28/21 8:40,19,17.5,2.56
2127,5/28/21 8:50,19,17.5,2.63
2128,5/28/21 9:00,19,17.5,2.72
2129,5/28/21 9:10,19.1,17.5,2.81
2130,5/28/21 9:20,19.3,17.5,2.94
2131,5/28/21 9:30,19.3,17.8,3.08
2132,5/28/21 9:40,19.5,17.8,3.23
2133,5/28/21 9:50,19.5,17.8,3.5
2134,5/28/21 10:00,19.8,18.2,3.84
2135,5/28/21 10:10,20,18.2,4.13
2136,5/28/21 10:20,20.1,18.2,4.4
2137,5/28/21 10:30,20.4,18.6,4.7
2138,5/28/21 10:40,20.5,18.6,5.01
2139,5/28/21 10:50,20.7,18.6,5.32
2140,5/28/21 11:00,20.9,18.9,5.56
2141,5/28/21 11:10,21.1,18.9,5.87
2142,5/28/21 11:20,21.3,18.9,6.16
2143,5/28/21 11:30,21.5,19.7,6.42
2144,5/28/21 11:40,21.5,19.7,6.46
2145,5/28/21 11:50,21.5,19.7,6.38
2146,5/28/21 12:00,21.5,19.3,6.34
2147,5/28/21 12:10,21.5,19.7,6.33
2148,5/28/21 12:20,21.5,19.3,6.34
2149,5/28/21 12:30,21.5,19.7,6.28
2150,5/28/21 12:40,21.5,19.7,6.27
2151,5/28/21 12:50,21.5,19.7,6.33
2152,5/28/21 13:00,21.7,19.7,6.61
2153,5/28/21 13:10,22,19.7,6.92
2154,5/28/21 13:20,22,19.7,7.03
2155,5/28/21 13:30,22,19.7,7
2156,5/28/21 13:40,22,19.7,7.01
2157,5/28/21 13:50,22,19.7,7.09
2158,5/28/21 14:00,22.2,19.7,7.21
2159,5/28/21 14:10,22.2,19.7,7.37
2160,5/28/21 14:20,22.2,20.1,7.24
2161,5/28/21 14:30,22.1,19.7,7.08
2162,5/28/21 14:40,22.1,19.7,7
2163,5/28/21 14:50,22,19.7,6.83
2164,5/28/21 15:00,22,19.7,6.8
2165,5/28/21 15:10,22,19.7,6.76
2166,5/28/21 15:20,21.8,19.7,6.59
2167,5/28/21 15:30,21.9,19.7,6.53
2168,5/28/21 15:40,21.7,19.7,6.48
2169,5/28/21 15:50,21.7,19.7,6.4
2170,5/28/21 16:00,21.6,19.7,6.28
2171,5/28/21 16:10,21.5,19.7,6.19
2172,5/28/21 16:20,21.6,19.7,6.24
2173,5/28/21 16:30,21.6,19.7,6.27
2174,5/28/21 16:40,21.5,19.7,6.28
2175,5/28/21 16:50,21.5,19.7,6.11
2176,5/28/21 17:00,21.5,19.7,6.1
2177,5/28/21 17:10,21.5,19.3,6.08
2178,5/28/21 17:20,21.4,19.7,6.02
2179,5/28/21 17:30,21.5,19.3,6.07
2180,5/28/21 17:40,21.5,19.7,6.13
2181,5/28/21 17:50,21.5,19.7,6.19
2182,5/28/21 18:00,21.5,19.3,6.13
2183,5/28/21 18:10,21.4,19.7,6.02
2184,5/28/21 18:20,21.3,19.3,5.94
2185,5/28/21 18:30,21.3,19.7,5.96
2186,5/28/21 18:40,21.4,19.3,6.02
2187,5/28/21 18:50,21.4,19.3,5.94
2188,5/28/21 19:00,21.3,19.3,5.9
2189,5/28/21 19:10,21.2,19.3,5.87
2190,5/28/21 19:20,21.3,19.3,5.78
2191,5/28/21 19:30,21.3,19.3,5.73
2192,5/28/21 19:40,21.2,18.9,5.73
2193,5/28/21 19:50,21.2,19.3,5.66
2194,5/28/21 20:00,21.1,18.9,5.65
2195,5/28/21 20:10,21.1,18.9,5.61
2196,5/28/21 20:20,21,18.9,5.53
2197,5/28/21 20:30,21,18.9,5.45
2198,5/28/21 20:40,20.9,18.9,5.36
2199,5/28/21 20:50,20.8,18.9,5.27
2200,5/28/21 21:00,20.8,18.9,5.16
2201,5/28/21 21:10,20.8,18.9,5.07
2202,5/28/21 21:20,20.7,18.6,4.93
2203,5/28/21 21:30,20.5,18.6,4.82
2204,5/28/21 21:40,20.5,18.6,4.7
2205,5/28/21 21:50,20.4,18.6,4.59
2206,5/28/21 22:00,20.4,18.6,4.49
2207,5/28/21 22:10,20.3,18.6,4.4
2208,5/28/21 22:20,20.2,18.6,4.34
2209,5/28/21 22:30,20.2,18.6,4.26
2210,5/28/21 22:40,20.1,18.6,4.14
2211,5/28/21 22:50,20.1,18.6,4.05
2212,5/28/21 23:00,20.1,18.2,3.99
2213,5/28/21 23:10,20,18.6,3.95
2214,5/28/21 23:20,20,18.2,3.9
2215,5/28/21 23:30,19.9,18.2,3.77
2216,5/28/21 23:40,19.8,18.2,3.65
2217,5/28/21 23:50,19.7,18.2,3.56
2218,5/29/21 0:00,19.7,17.8,3.48
2219,5/29/21 0:10,19.5,17.8,3.4
2220,5/29/21 0:20,19.4,17.8,3.36
2221,5/29/21 0:30,19.5,17.8,3.31
2222,5/29/21 0:40,19.5,17.8,3.29
2223,5/29/21 0:50,19.5,17.8,3.29
2224,5/29/21 1:00,19.5,17.8,3.29
2225,5/29/21 1:10,19.5,17.8,3.29
2226,5/29/21 1:20,19.5,17.8,3.25
2227,5/29/21 1:30,19.5,17.8,3.11
2228,5/29/21 1:40,19.5,17.5,3.14
2229,5/29/21 1:50,19.4,17.5,3.18
2230,5/29/21 2:00,19.3,17.8,3.14
2231,5/29/21 2:10,19.3,17.5,3.15
2232,5/29/21 2:20,19.3,17.8,3.13
2233,5/29/21 2:30,19.3,17.5,3.15
2234,5/29/21 2:40,19.3,17.5,3.13
2235,5/29/21 2:50,19.2,17.5,3.09
2236,5/29/21 3:00,19.1,17.5,3.06
2237,5/29/21 3:10,19.2,17.5,3.1
2238,5/29/21 3:20,19.2,17.5,3.04
2239,5/29/21 3:30,19.1,17.5,3.05
2240,5/29/21 3:40,19.1,17.5,3.02
2241,5/29/21 3:50,19,17.5,3.01
2242,5/29/21 4:00,19,17.5,2.92
2243,5/29/21 4:10,19,17.5,2.9
2244,5/29/21 4:20,19,17.5,2.92
2245,5/29/21 4:30,19,17.5,2.87
2246,5/29/21 4:40,19,17.5,2.87
2247,5/29/21 4:50,19,17.5,2.84
2248,5/29/21 5:00,18.9,17.5,2.84
2249,5/29/21 5:10,18.9,17.5,2.83
2250,5/29/21 5:20,18.8,17.5,2.76
2251,5/29/21 5:30,18.8,17.5,2.73
2252,5/29/21 5:40,18.7,17.1,2.65
2253,5/29/21 5:50,18.7,17.1,2.59
2254,5/29/21 6:00,18.6,17.1,2.55
2255,5/29/21 6:10,18.6,17.1,2.52
2256,5/29/21 6:20,18.5,17.1,2.51
2257,5/29/21 6:30,18.5,17.1,2.5
2258,5/29/21 6:40,18.5,16.7,2.48
2259,5/29/21 6:50,18.5,17.1,2.46
2260,5/29/21 7:00,18.5,16.7,2.46
2261,5/29/21 7:10,18.5,17.1,2.44
2262,5/29/21 7:20,18.5,17.1,2.46
2263,5/29/21 7:30,18.5,17.1,2.5
2264,5/29/21 7:40,18.5,17.1,2.56
2265,5/29/21 7:50,18.6,17.1,2.63
2266,5/29/21 8:00,18.7,17.5,2.71
2267,5/29/21 8:10,18.7,17.1,2.75
2268,5/29/21 8:20,18.7,17.1,2.77
2269,5/29/21 8:30,18.7,17.1,2.84
2270,5/29/21 8:40,18.8,17.1,2.9
2271,5/29/21 8:50,18.9,17.5,2.94
2272,5/29/21 9:00,18.9,17.5,2.98
2273,5/29/21 9:10,18.9,17.5,3
2274,5/29/21 9:20,19,17.5,3.05
2275,5/29/21 9:30,19,17.5,3.06
2276,5/29/21 9:40,19,17.5,3.13
2277,5/29/21 9:50,19.1,17.4,3.26
2278,5/29/21 10:00,19.2,17.4,3.42
2279,5/29/21 10:10,19.2,17.4,3.59
2280,5/29/21 10:20,19.4,17.4,3.74
2281,5/29/21 10:30,19.5,17.8,3.84
2282,5/29/21 10:40,19.5,17.8,3.94
2283,5/29/21 10:50,19.6,18.2,4.1
2284,5/29/21 11:00,19.7,18.2,4.26
2285,5/29/21 11:10,19.7,18.2,4.36
2286,5/29/21 11:20,19.8,18.2,4.45
2287,5/29/21 11:30,19.8,18.2,4.52
2288,5/29/21 11:40,19.9,18.2,4.6
2289,5/29/21 11:50,19.9,18.2,4.64
2290,5/29/21 12:00,20,18.2,4.69
2291,5/29/21 12:10,20,18.2,4.74
2292,5/29/21 12:20,20.1,18.2,4.8
2293,5/29/21 12:30,20,18.2,4.82
2294,5/29/21 12:40,20.1,18.6,4.85
2295,5/29/21 12:50,20.2,18.6,4.91
2296,5/29/21 13:00,20.2,18.6,4.97
2297,5/29/21 13:10,20.2,18.6,5.02
2298,5/29/21 13:20,20.2,18.6,5.06
2299,5/29/21 13:30,20.3,18.6,5.1
2300,5/29/21 13:40,20.3,18.6,5.11
2301,5/29/21 13:50,20.2,18.6,5.11
2302,5/29/21 14:00,20.4,18.6,5.16
2303,5/29/21 14:10,20.4,18.6,5.24
2304,5/29/21 14:20,20.5,18.6,5.28
2305,5/29/21 14:30,20.5,18.6,5.31
2306,5/29/21 14:40,20.5,18.6,5.29
2307,5/29/21 14:50,20.5,18.6,5.29
2308,5/29/21 15:00,20.5,18.6,5.33
2309,5/29/21 15:10,20.5,18.6,5.37
2310,5/29/21 15:20,20.5,18.6,5.44
2311,5/29/21 15:30,20.6,18.6,5.48
2312,5/29/21 15:40,20.6,18.9,5.56
2313,5/29/21 15:50,20.7,18.9,5.58
2314,5/29/21 16:00,20.7,18.6,5.54
2315,5/29/21 16:10,20.6,18.6,5.54
2316,5/29/21 16:20,20.6,18.6,5.57
2317,5/29/21 16:30,20.6,18.9,5.58
2318,5/29/21 16:40,20.6,18.9,5.57
2319,5/29/21 16:50,20.6,18.6,5.6
2320,5/29/21 17:00,20.7,18.6,5.62
2321,5/29/21 17:10,20.7,18.6,5.69
2322,5/29/21 17:20,20.7,18.6,5.7
2323,5/29/21 17:30,20.6,18.6,5.65
2324,5/29/21 17:40,20.6,18.6,5.65
2325,5/29/21 17:50,20.7,18.6,5.66
2326,5/29/21 18:00,20.7,18.6,5.66
2327,5/29/21 18:10,20.6,18.6,5.64
2328,5/29/21 18:20,20.6,18.6,5.61
2329,5/29/21 18:30,20.6,18.9,5.57
2330,5/29/21 18:40,20.5,18.6,5.56
2331,5/29/21 18:50,20.6,18.6,5.56
2332,5/29/21 19:00,20.6,18.9,5.6
2333,5/29/21 19:10,20.6,18.6,5.67
2334,5/29/21 19:20,20.7,18.9,5.74
2335,5/29/21 19:30,20.7,18.6,5.75
2336,5/29/21 19:40,20.7,18.9,5.75
2337,5/29/21 19:50,20.7,18.6,5.73
2338,5/29/21 20:00,20.7,18.6,5.7
2339,5/29/21 20:10,20.6,18.6,5.61
2340,5/29/21 20:20,20.5,18.6,5.6
2341,5/29/21 20:30,20.6,18.6,5.64
2342,5/29/21 20:40,20.6,18.9,5.66
2343,5/29/21 20:50,20.7,18.6,5.7
2344,5/29/21 21:00,20.6,18.6,5.67
2345,5/29/21 21:10,20.6,18.6,5.65
2346,5/29/21 21:20,20.6,18.6,5.61
2347,5/29/21 21:30,20.5,18.6,5.49
2348,5/29/21 21:40,20.5,18.6,5.43
2349,5/29/21 21:50,20.5,18.6,5.36
2350,5/29/21 22:00,20.4,18.6,5.37
2351,5/29/21 22:10,20.5,18.6,5.39
2352,5/29/21 22:20,20.5,18.6,5.37
2353,5/29/21 22:30,20.4,18.6,5.29
2354,5/29/21 22:40,20.4,18.6,5.28
2355,5/29/21 22:50,20.4,18.6,5.28
2356,5/29/21 23:00,20.4,18.6,5.28
2357,5/29/21 23:10,20.3,18.6,5.22
2358,5/29/21 23:20,20.3,18.6,5.14
2359,5/29/21 23:30,20.2,18.6,5.15
2360,5/29/21 23:40,20.2,18.6,5.12
2361,5/29/21 23:50,20.1,18.6,5.07
2362,5/30/21 0:00,20.1,18.2,5.01
2363,5/30/21 0:10,20.1,18.6,4.97
2364,5/30/21 0:20,20,18.6,4.97
2365,5/30/21 0:30,20,18.6,4.95
2366,5/30/21 0:40,20,18.6,4.87
2367,5/30/21 0:50,20,18.2,4.83
2368,5/30/21 1:00,20,18.2,4.78
2369,5/30/21 1:10,20,18.2,4.73
2370,5/30/21 1:20,19.9,18.2,4.66
2371,5/30/21 1:30,19.9,18.2,4.62
2372,5/30/21 1:40,19.8,18.2,4.59
2373,5/30/21 1:50,19.8,18.2,4.53
2374,5/30/21 2:00,19.9,18.2,4.51
2375,5/30/21 2:10,19.8,18.2,4.47
2376,5/30/21 2:20,19.8,18.2,4.4
2377,5/30/21 2:30,19.7,18.2,4.38
2378,5/30/21 2:40,19.7,18.2,4.31
2379,5/30/21 2:50,19.7,18.2,4.28
2380,5/30/21 3:00,19.7,18.2,4.23
2381,5/30/21 3:10,19.7,17.8,4.16
2382,5/30/21 3:20,19.6,17.8,4.13
2383,5/30/21 3:30,19.5,17.4,4.09
2384,5/30/21 3:40,19.5,17.8,4.06
2385,5/30/21 3:50,19.5,18.2,4.03
2386,5/30/21 4:00,19.5,17.4,4.02
2387,5/30/21 4:10,19.5,17.8,4.01
2388,5/30/21 4:20,19.5,17.8,3.99
2389,5/30/21 4:30,19.5,17.8,3.97
2390,5/30/21 4:40,19.5,17.8,3.95
2391,5/30/21 4:50,19.5,17.8,3.93
2392,5/30/21 5:00,19.5,17.8,3.9
2393,5/30/21 5:10,19.4,17.8,3.9
2394,5/30/21 5:20,19.4,17.8,3.89
2395,5/30/21 5:30,19.4,17.8,3.86
2396,5/30/21 5:40,19.3,17.8,3.85
2397,5/30/21 5:50,19.4,17.4,3.81
2398,5/30/21 6:00,19.3,17.4,3.77
2399,5/30/21 6:10,19.3,17.8,3.74
2400,5/30/21 6:20,19.4,17.8,3.73
2401,5/30/21 6:30,19.5,17.8,3.71
2402,5/30/21 6:40,19.3,17.8,3.69
2403,5/30/21 6:50,19.3,17.8,3.69
2404,5/30/21 7:00,19.4,17.4,3.69
2405,5/30/21 7:10,19.3,17.8,3.69
2406,5/30/21 7:20,19.3,17.8,3.69
2407,5/30/21 7:30,19.3,17.8,3.72
2408,5/30/21 7:40,19.3,17.8,3.74
2409,5/30/21 7:50,19.4,17.8,3.78
2410,5/30/21 8:00,19.5,17.8,3.84
2411,5/30/21 8:10,19.5,17.8,3.89
2412,5/30/21 8:20,19.5,17.8,3.95
2413,5/30/21 8:30,19.5,17.8,4.01
2414,5/30/21 8:40,19.5,18.2,4.05
2415,5/30/21 8:50,19.6,17.8,4.06
2416,5/30/21 9:00,19.6,18.2,4.1
2417,5/30/21 9:10,19.7,18.2,4.11
2418,5/30/21 9:20,19.7,18.2,4.16
2419,5/30/21 9:30,19.7,18.2,4.2
2420,5/30/21 9:40,19.7,17.8,4.26
2421,5/30/21 9:50,19.8,18.2,4.28
2422,5/30/21 10:00,19.8,18.2,4.34
2423,5/30/21 10:10,19.9,18.2,4.43
2424,5/30/21 10:20,20,18.2,4.47
2425,5/30/21 10:30,20,18.6,4.51
2426,5/30/21 10:40,20,18.2,4.59
2427,5/30/21 10:50,20.1,18.2,4.7
2428,5/30/21 11:00,20.2,18.6,4.85
2429,5/30/21 11:10,20.3,18.6,4.98
2430,5/30/21 11:20,20.4,18.6,5.04
2431,5/30/21 11:30,20.5,18.6,5.19
2432,5/30/21 11:40,20.5,18.6,5.32
2433,5/30/21 11:50,20.6,18.6,5.44
2434,5/30/21 12:00,20.7,18.6,5.62
2435,5/30/21 12:10,20.7,18.9,5.78
2436,5/30/21 12:20,20.8,18.5,5.9
2437,5/30/21 12:30,20.9,18.5,5.99
2438,5/30/21 12:40,20.9,18.9,6.1
2439,5/30/21 12:50,21,18.9,6.17
2440,5/30/21 13:00,21,18.9,6.19
2441,5/30/21 13:10,20.9,18.9,6.19
2442,5/30/21 13:20,21,18.9,6.21
2443,5/30/21 13:30,21,18.9,6.21
2444,5/30/21 13:40,21,18.5,6.13
2445,5/30/21 13:50,21,18.9,6.08
2446,5/30/21 14:00,20.9,19.3,6.02
2447,5/30/21 14:10,20.9,18.5,5.96
2448,5/30/21 14:20,20.8,18.9,5.88
2449,5/30/21 14:30,20.8,18.6,5.82
2450,5/30/21 14:40,20.8,18.9,5.79
2451,5/30/21 14:50,20.8,18.9,5.73
2452,5/30/21 15:00,20.8,18.9,5.66
2453,5/30/21 15:10,20.7,18.9,5.6
2454,5/30/21 15:20,20.7,18.9,5.52
2455,5/30/21 15:30,20.6,18.6,5.44
2456,5/30/21 15:40,20.7,18.9,5.37
2457,5/30/21 15:50,20.6,18.6,5.28
2458,5/30/21 16:00,20.6,18.6,5.2
2459,5/30/21 16:10,20.5,18.6,5.11
2460,5/30/21 16:20,20.5,18.6,5.03
2461,5/30/21 16:30,20.5,18.6,5.01
2462,5/30/21 16:40,20.5,18.6,4.95
2463,5/30/21 16:50,20.5,18.6,4.93
2464,5/30/21 17:00,20.5,18.6,4.91
2465,5/30/21 17:10,20.4,18.6,4.87
2466,5/30/21 17:20,20.3,18.6,4.83
2467,5/30/21 17:30,20.3,18.6,4.8
2468,5/30/21 17:40,20.3,18.6,4.77
2469,5/30/21 17:50,20.2,18.6,4.77
2470,5/30/21 18:00,20.2,18.6,4.76
2471,5/30/21 18:10,20.3,18.6,4.76
2472,5/30/21 18:20,20.3,18.6,4.72
2473,5/30/21 18:30,20.3,18.6,4.68
2474,5/30/21 18:40,20.2,18.6,4.65
2475,5/30/21 18:50,20.2,18.6,4.65
2476,5/30/21 19:00,20.2,18.6,4.64
2477,5/30/21 19:10,20.2,18.6,4.64
2478,5/30/21 19:20,20.2,18.6,4.62
2479,5/30/21 19:30,20.2,18.6,4.64
2480,5/30/21 19:40,20.2,18.6,4.64
2481,5/30/21 19:50,20.2,18.6,4.62
2482,5/30/21 20:00,20.1,18.6,4.61
2483,5/30/21 20:10,20.1,18.6,4.61
2484,5/30/21 20:20,20.2,18.6,4.62
2485,5/30/21 20:30,20.1,18.6,4.6
2486,5/30/21 20:40,20.2,18.6,4.61
2487,5/30/21 20:50,20.2,18.6,4.61
2488,5/30/21 21:00,20.2,18.6,4.6
2489,5/30/21 21:10,20.1,18.6,4.59
2490,5/30/21 21:20,20.1,18.6,4.56
2491,5/30/21 21:30,20.1,18.2,4.53
2492,5/30/21 21:40,20.1,18.6,4.52
2493,5/30/21 21:50,20.1,18.6,4.48
2494,5/30/21 22:00,20,18.6,4.47
2495,5/30/21 22:10,20,18.2,4.44
2496,5/30/21 22:20,20,18.2,4.41
2497,5/30/21 22:30,20,18.2,4.39
2498,5/30/21 22:40,20,18.2,4.38
2499,5/30/21 22:50,20,18.2,4.36
2500,5/30/21 23:00,20,18.6,4.34
2501,5/30/21 23:10,20,18.2,4.31
2502,5/30/21 23:20,20,18.2,4.32
2503,5/30/21 23:30,20,18.6,4.31
2504,5/30/21 23:40,20,18.2,4.3
2505,5/30/21 23:50,20,18.2,4.27
2506,5/31/21 0:00,20,18.6,4.24
2507,5/31/21 0:10,20,18.2,4.23
2508,5/31/21 0:20,19.9,18.2,4.22
2509,5/31/21 0:30,20,18.2,4.19
2510,5/31/21 0:40,19.9,18.2,4.16
2511,5/31/21 0:50,20,18.2,4.16
2512,5/31/21 1:00,20,18.2,4.16
2513,5/31/21 1:10,19.9,18.2,4.15
2514,5/31/21 1:20,20,18.2,4.15
2515,5/31/21 1:30,20,18.2,4.1
2516,5/31/21 1:40,19.9,18.2,4.09
2517,5/31/21 1:50,20,18.2,4.07
2518,5/31/21 2:00,20,18.2,4.05
2519,5/31/21 2:10,19.8,18.2,4.02
2520,5/31/21 2:20,19.9,18.2,3.98
2521,5/31/21 2:30,19.9,18.2,3.97
2522,5/31/21 2:40,19.9,18.2,3.95
2523,5/31/21 2:50,19.8,18.2,3.94
2524,5/31/21 3:00,19.8,18.2,3.9
2525,5/31/21 3:10,19.8,18.2,3.89
2526,5/31/21 3:20,19.8,18.2,3.85
2527,5/31/21 3:30,19.8,18.2,3.84
2528,5/31/21 3:40,19.8,18.2,3.84
2529,5/31/21 3:50,19.8,18.2,3.82
2530,5/31/21 4:00,19.8,18.2,3.81
2531,5/31/21 4:10,19.8,18.2,3.82
2532,5/31/21 4:20,19.8,18.2,3.84
2533,5/31/21 4:30,19.8,18.2,3.86
2534,5/31/21 4:40,19.9,18.2,3.85
2535,5/31/21 4:50,19.8,18.2,3.84
2536,5/31/21 5:00,19.9,18.2,3.82
2537,5/31/21 5:10,19.8,18.2,3.81
2538,5/31/21 5:20,19.8,18.2,3.78
2539,5/31/21 5:30,19.8,18.2,3.77
2540,5/31/21 5:40,19.9,18.2,3.73
2541,5/31/21 5:50,19.8,18.2,3.68
2542,5/31/21 6:00,19.8,18.2,3.61
2543,5/31/21 6:10,19.8,18.2,3.55
2544,5/31/21 6:20,19.7,18.2,3.51
2545,5/31/21 6:30,19.8,18.2,3.44
2546,5/31/21 6:40,19.7,18.2,3.4
2547,5/31/21 6:50,19.7,18.2,3.34
2548,5/31/21 7:00,19.6,18.2,3.32
2549,5/31/21 7:10,19.7,18.2,3.3
2550,5/31/21 7:20,19.7,18.2,3.26
2551,5/31/21 7:30,19.5,18.2,3.25
2552,5/31/21 7:40,19.6,18.2,3.22
2553,5/31/21 7:50,19.7,17.8,3.25
2554,5/31/21 8:00,19.8,17.8,3.27
2555,5/31/21 8:10,19.8,18.2,3.34
2556,5/31/21 8:20,19.8,18.2,3.39
2557,5/31/21 8:30,19.8,18.2,3.44
2558,5/31/21 8:40,20,18.2,3.52
2559,5/31/21 8:50,20,18.2,3.56
2560,5/31/21 9:00,20,18.2,3.61
2561,5/31/21 9:10,20.1,18.2,3.67
2562,5/31/21 9:20,20.1,18.6,3.73
2563,5/31/21 9:30,20.1,18.6,3.84
2564,5/31/21 9:40,20.2,18.6,3.92
2565,5/31/21 9:50,20.3,18.6,4.01
2566,5/31/21 10:00,20.4,18.6,4.1
2567,5/31/21 10:10,20.6,18.6,4.23
2568,5/31/21 10:20,20.6,18.6,4.34
2569,5/31/21 10:30,20.7,18.6,4.43
2570,5/31/21 10:40,20.8,18.6,4.56
2571,5/31/21 10:50,20.8,18.6,4.68
2572,5/31/21 11:00,21,18.6,4.77
2573,5/31/21 11:10,21.2,19.3,4.89
2574,5/31/21 11:20,21.3,19.3,5.01
2575,5/31/21 11:30,21.3,19.3,5.12
2576,5/31/21 11:40,21.5,19.7,5.27
2577,5/31/21 11:50,21.7,19.7,5.46
2578,5/31/21 12:00,21.9,19.7,5.67
2579,5/31/21 12:10,22.1,19.7,5.85
2580,5/31/21 12:20,22.3,19.7,6.02
2581,5/31/21 12:30,22.3,19.7,6.17
2582,5/31/21 12:40,22.6,20.5,6.37
2583,5/31/21 12:50,22.8,20.8,6.55
2584,5/31/21 13:00,22.9,20.8,6.74
2585,5/31/21 13:10,23.1,20.8,6.94
2586,5/31/21 13:20,23.3,20.8,7.09
2587,5/31/21 13:30,23.3,20.8,7.13
2588,5/31/21 13:40,23.3,20.8,7.12
2589,5/31/21 13:50,23.3,20.8,7.12
2590,5/31/21 14:00,23.3,20.8,7.07
2591,5/31/21 14:10,23.3,20.8,7
2592,5/31/21 14:20,23.3,20.8,7.03
2593,5/31/21 14:30,23.4,20.8,7.04
2594,5/31/21 14:40,23.3,20.8,7
2595,5/31/21 14:50,23.3,20.8,6.99
2596,5/31/21 15:00,23.3,20.8,6.96
2597,5/31/21 15:10,23.3,20.8,6.95
2598,5/31/21 15:20,23.3,20.8,6.92
2599,5/31/21 15:30,23.3,20.8,6.92
2600,5/31/21 15:40,23.3,20.8,6.86
2601,5/31/21 15:50,23.2,20.8,6.82
2602,5/31/21 16:00,23.2,20.8,6.74
2603,5/31/21 16:10,23.1,20.8,6.58
2604,5/31/21 16:20,22.9,20.8,6.37
2605,5/31/21 16:30,22.8,20.8,6.16
2606,5/31/21 16:40,22.5,20.1,5.94
2607,5/31/21 16:50,22.3,20.5,5.77
2608,5/31/21 17:00,22.2,19.7,5.7
2609,5/31/21 17:10,22.2,19.7,5.69
2610,5/31/21 17:20,22.1,19.7,5.7
2611,5/31/21 17:30,22,19.7,5.6
2612,5/31/21 17:40,22,19.7,5.49
2613,5/31/21 17:50,22,19.7,5.4
2614,5/31/21 18:00,21.8,19.7,5.39
2615,5/31/21 18:10,21.9,19.7,5.39
2616,5/31/21 18:20,21.9,19.7,5.46
2617,5/31/21 18:30,22,20.1,5.5
2618,5/31/21 18:40,22,19.7,5.58
2619,5/31/21 18:50,22.1,19.7,5.65
2620,5/31/21 19:00,22,20.1,5.53
2621,5/31/21 19:10,22,20.1,5.46
2622,5/31/21 19:20,22,19.7,5.44
2623,5/31/21 19:30,22,19.7,5.4
2624,5/31/21 19:40,21.8,19.7,5.29
2625,5/31/21 19:50,21.7,19.7,5.22
2626,5/31/21 20:00,21.8,19.7,5.19
2627,5/31/21 20:10,21.7,19.7,5.14
2628,5/31/21 20:20,21.6,19.7,5.07
2629,5/31/21 20:30,21.6,19.7,5.01
2630,5/31/21 20:40,21.6,19.7,4.95
2631,5/31/21 20:50,21.5,19.7,4.85
2632,5/31/21 21:00,21.4,19.3,4.77
2633,5/31/21 21:10,21.3,19.3,4.68
2634,5/31/21 21:20,21.3,19.3,4.6
2635,5/31/21 21:30,21.2,19.3,4.55
2636,5/31/21 21:40,21.2,19.3,4.49
2637,5/31/21 21:50,21.1,19,4.36
2638,5/31/21 22:00,21.1,19.3,4.27
2639,5/31/21 22:10,21,19.3,4.22
2640,5/31/21 22:20,21,19,4.18
2641,5/31/21 22:30,21,19,4.1
2642,5/31/21 22:40,20.9,18.6,4.01
2643,5/31/21 22:50,20.9,19.4,3.94
2644,5/31/21 23:00,20.9,19,3.92
2645,5/31/21 23:10,20.8,18.6,3.85
2646,5/31/21 23:20,20.8,19,3.8
2647,5/31/21 23:30,20.8,19,3.73
2648,5/31/21 23:40,20.7,19,3.67
2649,5/31/21 23:50,20.6,18.6,3.57
2650,6/1/21 0:00,20.6,19,3.52
2651,6/1/21 0:10,20.6,18.6,3.48
2652,6/1/21 0:20,20.6,18.6,3.42
2653,6/1/21 0:30,20.5,18.6,3.34
2654,6/1/21 0:40,20.4,18.6,3.3
2655,6/1/21 0:50,20.4,18.6,3.26
2656,6/1/21 1:00,20.4,18.6,3.22
2657,6/1/21 1:10,20.4,18.6,3.17
2658,6/1/21 1:20,20.3,18.6,3.1
2659,6/1/21 1:30,20.3,18.6,3.06
2660,6/1/21 1:40,20.3,18.6,3.02
2661,6/1/21 1:50,20.2,18.6,2.98
2662,6/1/21 2:00,20.3,18.6,2.97
2663,6/1/21 2:10,20.2,18.6,2.96
2664,6/1/21 2:20,20.2,18.6,2.92
2665,6/1/21 2:30,20.2,18.6,2.88
2666,6/1/21 2:40,20.1,18.6,2.85
2667,6/1/21 2:50,20.1,18.6,2.81
2668,6/1/21 3:00,20.1,18.6,2.79
2669,6/1/21 3:10,20.1,18.6,2.76
2670,6/1/21 3:20,20.1,18.6,2.73
2671,6/1/21 3:30,20.1,18.2,2.72
2672,6/1/21 3:40,20.1,18.6,2.69
2673,6/1/21 3:50,20.1,18.2,2.68
2674,6/1/21 4:00,20.1,18.2,2.64
2675,6/1/21 4:10,20.1,18.2,2.62
2676,6/1/21 4:20,20.1,18.2,2.6
2677,6/1/21 4:30,20.1,18.2,2.58
2678,6/1/21 4:40,20.1,18.6,2.56
2679,6/1/21 4:50,20,18.6,2.54
2680,6/1/21 5:00,20,18.6,2.52
2681,6/1/21 5:10,20,18.2,2.5
2682,6/1/21 5:20,19.9,18.2,2.47
2683,6/1/21 5:30,20,18.2,2.44
2684,6/1/21 5:40,20,18.2,2.43
2685,6/1/21 5:50,19.9,18.2,2.41
2686,6/1/21 6:00,19.9,18.2,2.39
2687,6/1/21 6:10,19.9,18.2,2.37
2688,6/1/21 6:20,19.9,18.2,2.35
2689,6/1/21 6:30,19.9,18.2,2.35
2690,6/1/21 6:40,19.9,18.2,2.35
2691,6/1/21 6:50,19.9,18.2,2.35
2692,6/1/21 7:00,19.9,18.2,2.38
2693,6/1/21 7:10,19.9,18.2,2.38
2694,6/1/21 7:20,19.9,18.2,2.39
2695,6/1/21 7:30,20,18.6,2.42
2696,6/1/21 7:40,20,18.2,2.43
2697,6/1/21 7:50,20,18.6,2.46
2698,6/1/21 8:00,20.1,18.2,2.48
2699,6/1/21 8:10,20.1,18.6,2.54
2700,6/1/21 8:20,20.1,18.2,2.58
2701,6/1/21 8:30,20.1,18.2,2.64
2702,6/1/21 8:40,20.1,18.6,2.72
2703,6/1/21 8:50,20.2,18.6,2.79
2704,6/1/21 9:00,20.3,18.6,2.87
2705,6/1/21 9:10,20.4,18.6,2.96
2706,6/1/21 9:20,20.5,18.6,3.05
2707,6/1/21 9:30,20.6,18.6,3.15
2708,6/1/21 9:40,20.6,18.6,3.27
2709,6/1/21 9:50,20.6,19,3.38
2710,6/1/21 10:00,20.8,19,3.5
2711,6/1/21 10:10,20.9,19,3.63
2712,6/1/21 10:20,21,19.4,3.76
2713,6/1/21 10:30,21.1,19.4,3.89
2714,6/1/21 10:40,21.1,19.4,3.98
2715,6/1/21 10:50,21.3,19.3,4.15
2716,6/1/21 11:00,21.4,19.3,4.32
2717,6/1/21 11:10,21.5,19.7,4.52
2718,6/1/21 11:20,21.6,19.7,4.69
2719,6/1/21 11:30,21.8,19.7,4.89
2720,6/1/21 11:40,21.9,20.1,5.04
2721,6/1/21 11:50,22,19.7,5.15
2722,6/1/21 12:00,22.1,19.7,5.25
2723,6/1/21 12:10,22.2,19.7,5.31
2724,6/1/21 12:20,22.1,19.7,5.33
2725,6/1/21 12:30,22.1,19.7,5.35
2726,6/1/21 12:40,22.1,19.7,5.31
2727,6/1/21 12:50,22.1,19.7,5.28
2728,6/1/21 13:00,22,19.7,5.25
2729,6/1/21 13:10,22,19.7,5.27
2730,6/1/21 13:20,22.1,19.7,5.22
2731,6/1/21 13:30,22,19.7,5.15
2732,6/1/21 13:40,22,19.7,5.14
2733,6/1/21 13:50,21.9,19.7,5.07
2734,6/1/21 14:00,21.9,19.7,5.02
2735,6/1/21 14:10,21.9,19.7,4.94
2736,6/1/21 14:20,21.8,19.7,4.9
2737,6/1/21 14:30,21.8,19.7,4.91
2738,6/1/21 14:40,21.9,19.7,4.97
2739,6/1/21 14:50,22,19.7,5.03
2740,6/1/21 15:00,22,19.7,5.1
2741,6/1/21 15:10,22,20.1,5.16
2742,6/1/21 15:20,22.1,19.7,5.19
2743,6/1/21 15:30,22,19.7,5.18
2744,6/1/21 15:40,22.1,19.7,5.16
2745,6/1/21 15:50,22.1,19.7,5.14
2746,6/1/21 16:00,22,19.7,5.1
2747,6/1/21 16:10,22,19.7,5.06
2748,6/1/21 16:20,22,19.7,5.02
2749,6/1/21 16:30,21.9,19.7,4.99
2750,6/1/21 16:40,21.8,19.7,4.93
2751,6/1/21 16:50,21.8,19.7,4.85
2752,6/1/21 17:00,21.7,19.7,4.77
2753,6/1/21 17:10,21.7,19.7,4.72
2754,6/1/21 17:20,21.7,19.7,4.69
2755,6/1/21 17:30,21.7,19.7,4.62
2756,6/1/21 17:40,21.6,19.7,4.6
2757,6/1/21 17:50,21.6,19.7,4.56
2758,6/1/21 18:00,21.6,19.7,4.56
2759,6/1/21 18:10,21.6,19.7,4.56
2760,6/1/21 18:20,21.6,19.7,4.59
2761,6/1/21 18:30,21.6,19.7,4.6
2762,6/1/21 18:40,21.7,19.7,4.61
2763,6/1/21 18:50,21.6,19.7,4.62
2764,6/1/21 19:00,21.6,19.7,4.59
2765,6/1/21 19:10,21.6,19.7,4.57
2766,6/1/21 19:20,21.7,19.7,4.59
2767,6/1/21 19:30,21.6,19.7,4.57
2768,6/1/21 19:40,21.6,19.7,4.55
2769,6/1/21 19:50,21.6,19.7,4.51
2770,6/1/21 20:00,21.6,19.7,4.48
2771,6/1/21 20:10,21.6,19.7,4.48
2772,6/1/21 20:20,21.6,19.7,4.45
2773,6/1/21 20:30,21.6,19.3,4.44
2774,6/1/21 20:40,21.6,19.7,4.4
2775,6/1/21 20:50,21.5,19.7,4.38
2776,6/1/21 21:00,21.5,19.7,4.34
2777,6/1/21 21:10,21.5,19.3,4.3
2778,6/1/21 21:20,21.5,19.3,4.27
2779,6/1/21 21:30,21.4,19.3,4.22
2780,6/1/21 21:40,21.4,19.3,4.16
2781,6/1/21 21:50,21.4,19.3,4.1
2782,6/1/21 22:00,21.4,19.3,4.06
2783,6/1/21 22:10,21.4,19.4,4.01
2784,6/1/21 22:20,21.3,19.4,3.97
2785,6/1/21 22:30,21.1,19.4,3.92
2786,6/1/21 22:40,21.2,19.4,3.88
2787,6/1/21 22:50,21.1,19.4,3.85
2788,6/1/21 23:00,21.1,19.4,3.82
2789,6/1/21 23:10,21.1,19.4,3.8
2790,6/1/21 23:20,21.1,19.4,3.77
2791,6/1/21 23:30,21.1,19.4,3.76
2792,6/1/21 23:40,21.1,19.4,3.74
2793,6/1/21 23:50,21.1,19.4,3.74
2794,6/2/21 0:00,21.1,19.4,3.73
2795,6/2/21 0:10,21.1,19,3.72
2796,6/2/21 0:20,21.1,19,3.72
2797,6/2/21 0:30,21.1,19,3.73
2798,6/2/21 0:40,21.1,19.4,3.72
2799,6/2/21 0:50,21.1,19.4,3.71
2800,6/2/21 1:00,21.1,19.4,3.71
2801,6/2/21 1:10,21.1,19.4,3.71
2802,6/2/21 1:20,21.1,19.4,3.71
2803,6/2/21 1:30,21.1,19.4,3.68
2804,6/2/21 1:40,21.1,19.4,3.67
2805,6/2/21 1:50,21.1,19,3.64
2806,6/2/21 2:00,21.1,19.4,3.64
2807,6/2/21 2:10,21.1,19,3.59
2808,6/2/21 2:20,21,19.4,3.57
2809,6/2/21 2:30,21,19,3.55
2810,6/2/21 2:40,21,19,3.51
2811,6/2/21 2:50,21,19.4,3.47
2812,6/2/21 3:00,20.9,19.4,3.43
2813,6/2/21 3:10,20.9,19,3.39
2814,6/2/21 3:20,20.9,19,3.35
2815,6/2/21 3:30,20.8,18.6,3.32
2816,6/2/21 3:40,20.8,19,3.27
2817,6/2/21 3:50,20.9,19,3.23
2818,6/2/21 4:00,20.8,18.6,3.19
2819,6/2/21 4:10,20.8,18.6,3.17
2820,6/2/21 4:20,20.8,18.6,3.13
2821,6/2/21 4:30,20.7,18.6,3.1
2822,6/2/21 4:40,20.7,18.6,3.08
2823,6/2/21 4:50,20.7,18.6,3.05
2824,6/2/21 5:00,20.6,19,3.02
2825,6/2/21 5:10,20.7,18.6,3.01
2826,6/2/21 5:20,20.7,19,2.97
2827,6/2/21 5:30,20.6,18.6,2.94
2828,6/2/21 5:40,20.7,18.6,2.93
2829,6/2/21 5:50,20.6,18.6,2.9
2830,6/2/21 6:00,20.6,19,2.89
2831,6/2/21 6:10,20.6,18.6,2.88
2832,6/2/21 6:20,20.7,19,2.88
2833,6/2/21 6:30,20.6,18.6,2.88
2834,6/2/21 6:40,20.6,18.6,2.88
2835,6/2/21 6:50,20.6,18.6,2.87
2836,6/2/21 7:00,20.6,19,2.88
2837,6/2/21 7:10,20.6,18.6,2.88
2838,6/2/21 7:20,20.6,18.6,2.9
2839,6/2/21 7:30,20.7,18.6,2.92
2840,6/2/21 7:40,20.6,18.6,2.97
2841,6/2/21 7:50,20.7,18.6,3.02
2842,6/2/21 8:00,20.7,19,3.09
2843,6/2/21 8:10,20.8,19,3.15
2844,6/2/21 8:20,20.8,19,3.25
2845,6/2/21 8:30,20.9,19,3.34
2846,6/2/21 8:40,20.9,19,3.43
2847,6/2/21 8:50,21,19,3.52
2848,6/2/21 9:00,21,19,3.63
2849,6/2/21 9:10,21.1,19.4,3.72
2850,6/2/21 9:20,21.2,19.4,3.81
2851,6/2/21 9:30,21.3,19.4,3.92
2852,6/2/21 9:40,21.4,19.4,3.97
2853,6/2/21 9:50,21.4,19.4,3.99
2854,6/2/21 10:00,21.5,19.7,4.07
2855,6/2/21 10:10,21.5,19.7,4.16
2856,6/2/21 10:20,21.6,19.7,4.26
2857,6/2/21 10:30,21.6,19.7,4.35
2858,6/2/21 10:40,21.6,19.7,4.44
2859,6/2/21 10:50,21.8,19.7,4.59
2860,6/2/21 11:00,21.9,19.7,4.73
2861,6/2/21 11:10,22,19.7,4.9
2862,6/2/21 11:20,22.1,19.7,5.06
2863,6/2/21 11:30,22.3,19.7,5.24
2864,6/2/21 11:40,22.4,20.5,5.4
2865,6/2/21 11:50,22.5,20.1,5.56
2866,6/2/21 12:00,22.6,20.5,5.73
2867,6/2/21 12:10,22.8,20.5,5.9
2868,6/2/21 12:20,22.9,20.8,6.07
2869,6/2/21 12:30,23,20.8,6.27
2870,6/2/21 12:40,23.1,20.4,6.45
2871,6/2/21 12:50,23.2,20.8,6.63
2872,6/2/21 13:00,23.3,20.8,6.74
2873,6/2/21 13:10,23.3,20.8,6.83
2874,6/2/21 13:20,23.4,20.8,6.9
2875,6/2/21 13:27,,,
2876,6/2/21 13:28,,,
2877,6/2/21 13:28,,,