Plot Title: 21135141,,,,,,,
#,"Date Time, GMT-06:00","Full Range, μS/cm (LGR S/N: 21135141, SEN S/N: 21135141)","Temp, °C (LGR S/N: 21135141, SEN S/N: 21135141)",Coupler Detached (LGR S/N: 21135141),Coupler Attached (LGR S/N: 21135141),Host Connected (LGR S/N: 21135141),End Of File (LGR S/N: 21135141)
1,5/24/22 8:59,1.2,12.85,,,,
2,5/24/22 8:59,,,Logged,,,
3,5/24/22 9:04,-2.3,13.85,,,,
4,5/24/22 9:09,1.2,14.21,,,,
5,5/24/22 9:14,1.2,13.93,,,,
6,5/24/22 9:19,1.2,13.68,,,,
7,5/24/22 9:24,1.2,13.23,,,,
8,5/24/22 9:29,1.2,13.15,,,,
9,5/24/22 9:34,1.2,13.2,,,,
10,5/24/22 9:39,1.2,13.33,,,,
11,5/24/22 9:44,1.2,13.3,,,,
12,5/24/22 9:49,-1.2,13.21,,,,
13,5/24/22 9:54,1.2,13.13,,,,
14,5/24/22 9:59,1.2,13.06,,,,
15,5/24/22 10:04,1.2,12.99,,,,
16,5/24/22 10:09,1.2,12.9,,,,
17,5/24/22 10:14,1.2,12.84,,,,
18,5/24/22 10:19,1.2,12.76,,,,
19,5/24/22 10:24,1.2,12.69,,,,
20,5/24/22 10:29,1.2,12.64,,,,
21,5/24/22 10:34,-1.1,12.59,,,,
22,5/24/22 10:39,1.2,12.56,,,,
23,5/24/22 10:44,1.2,12.53,,,,
24,5/24/22 10:49,1.2,12.49,,,,
25,5/24/22 10:54,1.2,12.42,,,,
26,5/24/22 10:59,1.2,12.38,,,,
27,5/24/22 11:04,-1.1,12.32,,,,
28,5/24/22 11:09,1.2,12.25,,,,
29,5/24/22 11:14,-2.3,12.19,,,,
30,5/24/22 11:19,1.2,12.12,,,,
31,5/24/22 11:24,-1.1,12.06,,,,
32,5/24/22 11:29,1.2,12.01,,,,
33,5/24/22 11:34,1.2,11.95,,,,
34,5/24/22 11:39,1.2,11.94,,,,
35,5/24/22 11:44,1.2,11.97,,,,
36,5/24/22 11:49,1.2,12.02,,,,
37,5/24/22 11:54,1.2,12.11,,,,
38,5/24/22 11:59,1.2,11.95,,,,
39,5/24/22 12:04,1.2,12.14,,,,
40,5/24/22 12:09,1.2,14.18,,,,
41,5/24/22 12:14,1.2,15.49,,,,
42,5/24/22 12:19,1.1,16.4,,,,
43,5/24/22 12:24,1.1,16.71,,,,
44,5/24/22 12:29,1.1,17.26,,,,
45,5/24/22 12:34,1.1,17.74,,,,
46,5/24/22 12:39,1.1,18.09,,,,
47,5/24/22 12:44,1.1,17.47,,,,
48,5/24/22 12:49,1.1,17.83,,,,
49,5/24/22 12:54,1.1,17.44,,,,
50,5/24/22 12:59,1.1,16.66,,,,
51,5/24/22 13:04,1.1,16.4,,,,
52,5/24/22 13:09,1.2,16,,,,
53,5/24/22 13:14,1.1,16.22,,,,
54,5/24/22 13:19,1.1,16.29,,,,
55,5/24/22 13:24,1.1,18.83,,,,
56,5/24/22 13:29,1.1,20.27,,,,
57,5/24/22 13:34,-1.2,18.18,,,,
58,5/24/22 13:39,-1.2,16.67,,,,
59,5/24/22 13:44,1.2,15.36,,,,
60,5/24/22 13:49,1.2,14.34,,,,
61,5/24/22 13:54,1.2,13.48,,,,
62,5/24/22 13:59,1.2,12.58,,,,
63,5/24/22 14:04,-1.1,11.32,,,,
64,5/24/22 14:09,1.2,10.65,,,,
65,5/24/22 14:14,1.2,11.77,,,,
66,5/24/22 14:19,1.2,11.99,,,,
67,5/24/22 14:24,1.2,10.15,,,,
68,5/24/22 14:29,1.2,8.54,,,,
69,5/24/22 14:34,1.2,7.34,,,,
70,5/24/22 14:39,1.2,6.42,,,,
71,5/24/22 14:44,1.2,5.73,,,,
72,5/24/22 14:49,1.2,5.2,,,,
73,5/24/22 14:54,1.2,4.78,,,,
74,5/24/22 14:59,1.2,4.47,,,,
75,5/24/22 15:04,1.2,4.21,,,,
76,5/24/22 15:09,-2.3,4.02,,,,
77,5/24/22 15:14,-2.3,3.88,,,,
78,5/24/22 15:19,-2.3,3.75,,,,
79,5/24/22 15:24,1.2,3.64,,,,
80,5/24/22 15:29,-2.3,3.55,,,,
81,5/24/22 15:34,-2.3,3.49,,,,
82,5/24/22 15:39,1.2,3.44,,,,
83,5/24/22 15:44,1.2,3.4,,,,
84,5/24/22 15:49,1.2,3.36,,,,
85,5/24/22 15:54,1.2,3.33,,,,
86,5/24/22 15:59,1.2,3.29,,,,
87,5/24/22 16:04,1.2,3.28,,,,
88,5/24/22 16:09,1.2,3.25,,,,
89,5/24/22 16:14,-1.1,3.25,,,,
90,5/24/22 16:19,1.2,3.24,,,,
91,5/24/22 16:24,-2.3,3.23,,,,
92,5/24/22 16:29,1.2,3.2,,,,
93,5/24/22 16:34,-2.7,3.2,,,,
94,5/24/22 16:39,1.2,3.2,,,,
95,5/24/22 16:44,1.2,3.19,,,,
96,5/24/22 16:49,1.2,3.16,,,,
97,5/24/22 16:54,1.2,3.18,,,,
98,5/24/22 16:59,1.2,3.18,,,,
99,5/24/22 17:04,1.2,3.16,,,,
100,5/24/22 17:09,1.2,3.16,,,,
101,5/24/22 17:14,1.2,3.16,,,,
102,5/24/22 17:19,1.2,3.16,,,,
103,5/24/22 17:24,-2.3,3.15,,,,
104,5/24/22 17:29,1.2,3.15,,,,
105,5/24/22 17:34,1.2,3.14,,,,
106,5/24/22 17:39,1.2,3.14,,,,
107,5/24/22 17:44,1.2,3.14,,,,
108,5/24/22 17:49,1.2,3.14,,,,
109,5/24/22 17:54,1.2,3.15,,,,
110,5/24/22 17:59,1.2,3.14,,,,
111,5/24/22 18:04,1.2,3.14,,,,
112,5/24/22 18:09,1.2,3.12,,,,
113,5/24/22 18:14,1.2,3.12,,,,
114,5/24/22 18:19,1.2,3.12,,,,
115,5/24/22 18:24,1.2,3.12,,,,
116,5/24/22 18:29,1.2,3.12,,,,
117,5/24/22 18:34,-2.3,3.12,,,,
118,5/24/22 18:39,1.2,3.11,,,,
119,5/24/22 18:44,-2.3,3.11,,,,
120,5/24/22 18:49,1.2,3.11,,,,
121,5/24/22 18:54,1.2,3.11,,,,
122,5/24/22 18:59,-2.3,3.11,,,,
123,5/24/22 19:04,1.2,3.11,,,,
124,5/24/22 19:09,1.2,3.11,,,,
125,5/24/22 19:14,1.2,3.11,,,,
126,5/24/22 19:19,-1.1,3.1,,,,
127,5/24/22 19:24,1.2,3.1,,,,
128,5/24/22 19:29,-2.3,3.1,,,,
129,5/24/22 19:34,1.2,3.1,,,,
130,5/24/22 19:39,1.2,3.1,,,,
131,5/24/22 19:44,-2.3,3.1,,,,
132,5/24/22 19:49,1.2,3.1,,,,
133,5/24/22 19:54,1.2,3.1,,,,
134,5/24/22 19:59,-2.3,3.1,,,,
135,5/24/22 20:04,-2.3,3.1,,,,
136,5/24/22 20:09,1.2,3.1,,,,
137,5/24/22 20:14,1.2,3.1,,,,
138,5/24/22 20:19,1.2,3.1,,,,
139,5/24/22 20:24,1.2,3.09,,,,
140,5/24/22 20:29,1.2,3.09,,,,
141,5/24/22 20:34,19.6,3.09,,,,
142,5/24/22 20:39,1.2,3.09,,,,
143,5/24/22 20:44,1.2,3.09,,,,
144,5/24/22 20:49,1.2,3.09,,,,
145,5/24/22 20:54,1.2,3.09,,,,
146,5/24/22 20:59,1.2,3.09,,,,
147,5/24/22 21:04,-1.1,3.09,,,,
148,5/24/22 21:09,1.2,3.09,,,,
149,5/24/22 21:14,1.2,3.09,,,,
150,5/24/22 21:19,-2.3,3.09,,,,
151,5/24/22 21:24,1.2,3.09,,,,
152,5/24/22 21:29,1.2,3.07,,,,
153,5/24/22 21:34,-2.3,3.09,,,,
154,5/24/22 21:39,-2.3,3.07,,,,
155,5/24/22 21:44,1.2,3.07,,,,
156,5/24/22 21:49,-1.1,3.07,,,,
157,5/24/22 21:54,1.2,3.07,,,,
158,5/24/22 21:59,1.2,3.07,,,,
159,5/24/22 22:04,-2.3,3.07,,,,
160,5/24/22 22:09,1.2,3.09,,,,
161,5/24/22 22:14,1.2,3.07,,,,
162,5/24/22 22:19,-2.3,3.07,,,,
163,5/24/22 22:24,1.2,3.07,,,,
164,5/24/22 22:29,1.2,3.07,,,,
165,5/24/22 22:34,-2.3,3.06,,,,
166,5/24/22 22:39,1.2,3.07,,,,
167,5/24/22 22:44,-2.3,3.06,,,,
168,5/24/22 22:49,1.2,3.06,,,,
169,5/24/22 22:54,1.2,3.06,,,,
170,5/24/22 22:59,1.2,3.06,,,,
171,5/24/22 23:04,1.2,3.07,,,,
172,5/24/22 23:09,1.2,3.06,,,,
173,5/24/22 23:14,1.2,3.06,,,,
174,5/24/22 23:19,1.2,3.07,,,,
175,5/24/22 23:24,1.2,3.06,,,,
176,5/24/22 23:29,1.2,3.06,,,,
177,5/24/22 23:34,1.2,3.06,,,,
178,5/24/22 23:39,1.2,3.06,,,,
179,5/24/22 23:44,1.2,3.06,,,,
180,5/24/22 23:49,1.2,3.06,,,,
181,5/24/22 23:54,1.2,3.06,,,,
182,5/24/22 23:59,1.2,3.06,,,,
183,5/25/22 0:04,-2.7,3.06,,,,
184,5/25/22 0:09,1.2,3.05,,,,
185,5/25/22 0:14,1.2,3.06,,,,
186,5/25/22 0:19,1.2,3.06,,,,
187,5/25/22 0:24,1.2,3.06,,,,
188,5/25/22 0:29,-2.3,3.05,,,,
189,5/25/22 0:34,1.2,3.06,,,,
190,5/25/22 0:39,1.2,3.05,,,,
191,5/25/22 0:44,-2.3,3.05,,,,
192,5/25/22 0:49,-2.3,3.05,,,,
193,5/25/22 0:54,1.2,3.06,,,,
194,5/25/22 0:59,1.2,3.06,,,,
195,5/25/22 1:04,-2.3,3.05,,,,
196,5/25/22 1:09,1.2,3.05,,,,
197,5/25/22 1:14,1.2,3.05,,,,
198,5/25/22 1:19,1.2,3.05,,,,
199,5/25/22 1:24,1.2,3.05,,,,
200,5/25/22 1:29,-1.1,3.05,,,,
201,5/25/22 1:34,-1.1,3.05,,,,
202,5/25/22 1:39,-2.3,3.06,,,,
203,5/25/22 1:44,1.2,3.05,,,,
204,5/25/22 1:49,1.2,3.06,,,,
205,5/25/22 1:54,1.2,3.05,,,,
206,5/25/22 1:59,1.2,3.05,,,,
207,5/25/22 2:04,1.2,3.05,,,,
208,5/25/22 2:09,1.2,3.05,,,,
209,5/25/22 2:14,1.2,3.03,,,,
210,5/25/22 2:19,1.2,3.05,,,,
211,5/25/22 2:24,1.2,3.05,,,,
212,5/25/22 2:29,-1.1,3.05,,,,
213,5/25/22 2:34,1.2,3.05,,,,
214,5/25/22 2:39,-2.3,3.05,,,,
215,5/25/22 2:44,-2.3,3.05,,,,
216,5/25/22 2:49,1.2,3.05,,,,
217,5/25/22 2:54,1.2,3.05,,,,
218,5/25/22 2:59,1.2,3.05,,,,
219,5/25/22 3:04,1.2,3.03,,,,
220,5/25/22 3:09,-2.3,3.05,,,,
221,5/25/22 3:14,1.2,3.03,,,,
222,5/25/22 3:19,1.2,3.03,,,,
223,5/25/22 3:24,1.2,3.03,,,,
224,5/25/22 3:29,-2.3,3.03,,,,
225,5/25/22 3:34,1.2,3.05,,,,
226,5/25/22 3:39,1.2,3.03,,,,
227,5/25/22 3:44,1.2,3.05,,,,
228,5/25/22 3:49,1.2,3.03,,,,
229,5/25/22 3:54,1.2,3.03,,,,
230,5/25/22 3:59,1.2,3.03,,,,
231,5/25/22 4:04,-2.3,3.05,,,,
232,5/25/22 4:09,1.2,3.03,,,,
233,5/25/22 4:14,1.2,3.03,,,,
234,5/25/22 4:19,1.2,3.05,,,,
235,5/25/22 4:24,1.2,3.03,,,,
236,5/25/22 4:29,1.2,3.05,,,,
237,5/25/22 4:34,1.2,3.03,,,,
238,5/25/22 4:39,1.2,3.05,,,,
239,5/25/22 4:44,1.2,3.03,,,,
240,5/25/22 4:49,1.2,3.03,,,,
241,5/25/22 4:54,1.2,3.03,,,,
242,5/25/22 4:59,1.2,3.03,,,,
243,5/25/22 5:04,-2.3,3.05,,,,
244,5/25/22 5:09,1.2,3.03,,,,
245,5/25/22 5:14,-1.1,3.05,,,,
246,5/25/22 5:19,1.2,3.03,,,,
247,5/25/22 5:24,1.2,3.03,,,,
248,5/25/22 5:29,1.2,3.05,,,,
249,5/25/22 5:34,1.2,3.03,,,,
250,5/25/22 5:39,1.2,3.03,,,,
251,5/25/22 5:44,1.2,3.03,,,,
252,5/25/22 5:49,-1.1,3.02,,,,
253,5/25/22 5:54,1.2,3.02,,,,
254,5/25/22 5:59,1.2,3.03,,,,
255,5/25/22 6:04,1.2,3.03,,,,
256,5/25/22 6:09,-2.3,3.03,,,,
257,5/25/22 6:14,1.2,3.05,,,,
258,5/25/22 6:19,-2.3,3.03,,,,
259,5/25/22 6:24,1.2,3.05,,,,
260,5/25/22 6:29,1.2,3.02,,,,
261,5/25/22 6:34,1.2,3.03,,,,
262,5/25/22 6:39,-2.3,3.03,,,,
263,5/25/22 6:44,-1.1,3.03,,,,
264,5/25/22 6:49,1.2,3.05,,,,
265,5/25/22 6:54,1.2,3.03,,,,
266,5/25/22 6:59,-2.3,3.03,,,,
267,5/25/22 7:04,-2.3,3.02,,,,
268,5/25/22 7:09,1.2,3.03,,,,
269,5/25/22 7:14,-2.3,3.03,,,,
270,5/25/22 7:19,-2.3,3.03,,,,
271,5/25/22 7:24,1.2,3.03,,,,
272,5/25/22 7:29,1.2,3.02,,,,
273,5/25/22 7:34,1.2,3.02,,,,
274,5/25/22 7:39,1.2,3.02,,,,
275,5/25/22 7:44,1.2,3.02,,,,
276,5/25/22 7:49,1.2,3.02,,,,
277,5/25/22 7:54,1.2,3.03,,,,
278,5/25/22 7:59,1.2,3.02,,,,
279,5/25/22 8:04,-2.3,3.02,,,,
280,5/25/22 8:09,1.2,3.02,,,,
281,5/25/22 8:14,1.2,3.02,,,,
282,5/25/22 8:19,1.2,3.02,,,,
283,5/25/22 8:24,1.2,3.02,,,,
284,5/25/22 8:29,1.2,3.03,,,,
285,5/25/22 8:34,-2.3,3.02,,,,
286,5/25/22 8:39,-2.3,3.02,,,,
287,5/25/22 8:44,-2.3,3.01,,,,
288,5/25/22 8:49,-2.3,3.02,,,,
289,5/25/22 8:54,-2.3,3.02,,,,
290,5/25/22 8:59,-2.3,3.03,,,,
291,5/25/22 9:04,1.2,3.02,,,,
292,5/25/22 9:09,1.2,3.02,,,,
293,5/25/22 9:14,1.2,3.02,,,,
294,5/25/22 9:19,-2.3,3.02,,,,
295,5/25/22 9:24,-1.1,3.02,,,,
296,5/25/22 9:29,1.2,3.02,,,,
297,5/25/22 9:34,-2.3,3.02,,,,
298,5/25/22 9:39,1.2,3.02,,,,
299,5/25/22 9:44,1.2,3.02,,,,
300,5/25/22 9:49,1.2,3.02,,,,
301,5/25/22 9:54,-2.3,3.02,,,,
302,5/25/22 9:59,1.2,3.02,,,,
303,5/25/22 10:04,1.2,3.03,,,,
304,5/25/22 10:09,1.2,3.02,,,,
305,5/25/22 10:14,-2.3,3.02,,,,
306,5/25/22 10:19,1.2,3.01,,,,
307,5/25/22 10:24,1.2,3.02,,,,
308,5/25/22 10:29,1.2,3.02,,,,
309,5/25/22 10:34,-2.3,3.02,,,,
310,5/25/22 10:39,-1.1,3.01,,,,
311,5/25/22 10:44,-2.3,3.02,,,,
312,5/25/22 10:49,1.2,3.01,,,,
313,5/25/22 10:54,-2.3,3.02,,,,
314,5/25/22 10:59,1.2,3.02,,,,
315,5/25/22 11:04,1.2,3,,,,
316,5/25/22 11:09,1.2,3.01,,,,
317,5/25/22 11:14,1.2,3.01,,,,
318,5/25/22 11:19,1.2,3.01,,,,
319,5/25/22 11:24,1.2,3.02,,,,
320,5/25/22 11:29,-2.3,3.01,,,,
321,5/25/22 11:34,1.2,3.01,,,,
322,5/25/22 11:39,1.2,3.02,,,,
323,5/25/22 11:44,-2.3,3.01,,,,
324,5/25/22 11:49,1.2,3.01,,,,
325,5/25/22 11:54,1.2,3.02,,,,
326,5/25/22 11:59,-2.3,3.02,,,,
327,5/25/22 12:04,1.2,3.01,,,,
328,5/25/22 12:09,-2.3,3.01,,,,
329,5/25/22 12:14,1.2,3.02,,,,
330,5/25/22 12:19,-2.3,3.01,,,,
331,5/25/22 12:24,1.2,3.01,,,,
332,5/25/22 12:29,1.2,3.01,,,,
333,5/25/22 12:34,1.2,3.01,,,,
334,5/25/22 12:39,-2.3,3.02,,,,
335,5/25/22 12:44,-2.3,3.01,,,,
336,5/25/22 12:49,1.2,3.01,,,,
337,5/25/22 12:54,-2.3,3.01,,,,
338,5/25/22 12:59,1.2,3.01,,,,
339,5/25/22 13:04,1.2,3.01,,,,
340,5/25/22 13:09,1.2,3.01,,,,
341,5/25/22 13:14,1.2,3.01,,,,
342,5/25/22 13:19,1.2,3,,,,
343,5/25/22 13:24,1.2,3,,,,
344,5/25/22 13:29,1.2,3.01,,,,
345,5/25/22 13:34,-2.3,3.01,,,,
346,5/25/22 13:39,1.2,3,,,,
347,5/25/22 13:44,1.2,3,,,,
348,5/25/22 13:49,1.2,3,,,,
349,5/25/22 13:54,-2.3,3,,,,
350,5/25/22 13:59,1.2,3.01,,,,
351,5/25/22 14:04,1.2,3.01,,,,
352,5/25/22 14:09,1.2,3.01,,,,
353,5/25/22 14:14,1.2,3.01,,,,
354,5/25/22 14:19,1.2,3,,,,
355,5/25/22 14:24,-2.3,3,,,,
356,5/25/22 14:29,1.2,3,,,,
357,5/25/22 14:34,-2.3,3.01,,,,
358,5/25/22 14:39,1.2,3,,,,
359,5/25/22 14:44,1.2,3,,,,
360,5/25/22 14:49,1.2,3,,,,
361,5/25/22 14:54,1.2,3,,,,
362,5/25/22 14:59,1.2,3,,,,
363,5/25/22 15:04,-2.3,3,,,,
364,5/25/22 15:09,1.2,3,,,,
365,5/25/22 15:14,1.2,3,,,,
366,5/25/22 15:19,1.2,3,,,,
367,5/25/22 15:24,-2.3,3,,,,
368,5/25/22 15:29,1.2,3,,,,
369,5/25/22 15:34,1.2,3,,,,
370,5/25/22 15:39,-2.3,3,,,,
371,5/25/22 15:44,1.2,3,,,,
372,5/25/22 15:49,1.2,2.98,,,,
373,5/25/22 15:54,1.2,2.98,,,,
374,5/25/22 15:59,-2.3,3,,,,
375,5/25/22 16:04,1.2,2.98,,,,
376,5/25/22 16:09,-2.3,3,,,,
377,5/25/22 16:14,-2.3,2.98,,,,
378,5/25/22 16:19,1.2,3,,,,
379,5/25/22 16:24,-2.3,2.98,,,,
380,5/25/22 16:29,1.2,3,,,,
381,5/25/22 16:34,-2.3,3,,,,
382,5/25/22 16:39,-2.3,2.98,,,,
383,5/25/22 16:44,1.2,3,,,,
384,5/25/22 16:49,-2.7,2.98,,,,
385,5/25/22 16:54,1.2,3,,,,
386,5/25/22 16:59,1.2,3,,,,
387,5/25/22 17:04,-2.3,2.98,,,,
388,5/25/22 17:09,1.2,2.98,,,,
389,5/25/22 17:14,-2.3,2.98,,,,
390,5/25/22 17:19,1.2,2.98,,,,
391,5/25/22 17:24,-2.3,3,,,,
392,5/25/22 17:29,1.2,2.98,,,,
393,5/25/22 17:34,1.2,2.98,,,,
394,5/25/22 17:39,-2.3,2.98,,,,
395,5/25/22 17:44,1.2,2.98,,,,
396,5/25/22 17:49,-2.3,2.98,,,,
397,5/25/22 17:54,1.2,2.98,,,,
398,5/25/22 17:59,1.2,2.98,,,,
399,5/25/22 18:04,1.2,2.97,,,,
400,5/25/22 18:09,1.2,2.98,,,,
401,5/25/22 18:14,1.2,2.98,,,,
402,5/25/22 18:19,1.2,2.97,,,,
403,5/25/22 18:24,-2.3,2.97,,,,
404,5/25/22 18:29,1.2,2.98,,,,
405,5/25/22 18:34,1.2,2.97,,,,
406,5/25/22 18:39,1.2,2.97,,,,
407,5/25/22 18:44,1.2,2.98,,,,
408,5/25/22 18:49,1.2,2.97,,,,
409,5/25/22 18:54,-2.3,2.97,,,,
410,5/25/22 18:59,1.2,2.97,,,,
411,5/25/22 19:04,1.2,2.97,,,,
412,5/25/22 19:09,1.2,2.97,,,,
413,5/25/22 19:14,1.2,2.98,,,,
414,5/25/22 19:19,1.2,2.97,,,,
415,5/25/22 19:24,1.2,2.97,,,,
416,5/25/22 19:29,1.2,2.97,,,,
417,5/25/22 19:34,-2.3,2.97,,,,
418,5/25/22 19:39,1.2,2.97,,,,
419,5/25/22 19:44,1.2,2.97,,,,
420,5/25/22 19:49,1.2,2.97,,,,
421,5/25/22 19:54,1.2,2.97,,,,
422,5/25/22 19:59,1.2,2.96,,,,
423,5/25/22 20:04,1.2,2.97,,,,
424,5/25/22 20:09,1.2,2.97,,,,
425,5/25/22 20:14,1.2,2.96,,,,
426,5/25/22 20:19,1.2,2.96,,,,
427,5/25/22 20:24,-2.3,2.97,,,,
428,5/25/22 20:29,1.2,2.96,,,,
429,5/25/22 20:34,1.2,2.97,,,,
430,5/25/22 20:39,1.2,2.97,,,,
431,5/25/22 20:44,1.2,2.97,,,,
432,5/25/22 20:49,-2.3,2.96,,,,
433,5/25/22 20:54,-2.3,2.96,,,,
434,5/25/22 20:59,1.2,2.96,,,,
435,5/25/22 21:04,1.2,2.96,,,,
436,5/25/22 21:09,1.2,2.97,,,,
437,5/25/22 21:14,1.2,2.97,,,,
438,5/25/22 21:19,1.2,2.96,,,,
439,5/25/22 21:24,-2.3,2.96,,,,
440,5/25/22 21:29,-2.3,2.96,,,,
441,5/25/22 21:34,1.2,2.96,,,,
442,5/25/22 21:39,-2.3,2.96,,,,
443,5/25/22 21:44,1.2,2.96,,,,
444,5/25/22 21:49,1.2,2.96,,,,
445,5/25/22 21:54,1.2,2.96,,,,
446,5/25/22 21:59,-2.3,2.96,,,,
447,5/25/22 22:04,-2.3,2.94,,,,
448,5/25/22 22:09,1.2,2.97,,,,
449,5/25/22 22:14,-2.3,2.96,,,,
450,5/25/22 22:19,1.2,2.96,,,,
451,5/25/22 22:24,1.2,2.96,,,,
452,5/25/22 22:29,1.2,2.96,,,,
453,5/25/22 22:34,-2.3,2.96,,,,
454,5/25/22 22:39,19.6,2.96,,,,
455,5/25/22 22:44,1.2,2.94,,,,
456,5/25/22 22:49,1.2,2.94,,,,
457,5/25/22 22:54,1.2,2.94,,,,
458,5/25/22 22:59,1.2,2.96,,,,
459,5/25/22 23:04,-2.3,2.96,,,,
460,5/25/22 23:09,1.2,2.96,,,,
461,5/25/22 23:14,1.2,2.96,,,,
462,5/25/22 23:19,1.2,2.96,,,,
463,5/25/22 23:24,-2.3,2.94,,,,
464,5/25/22 23:29,-2.3,2.96,,,,
465,5/25/22 23:34,-2.3,2.94,,,,
466,5/25/22 23:39,-2.3,2.96,,,,
467,5/25/22 23:44,1.2,2.94,,,,
468,5/25/22 23:49,1.2,2.96,,,,
469,5/25/22 23:54,1.2,2.94,,,,
470,5/25/22 23:59,1.2,2.96,,,,
471,5/26/22 0:04,1.2,2.94,,,,
472,5/26/22 0:09,1.2,2.94,,,,
473,5/26/22 0:14,-2.3,2.94,,,,
474,5/26/22 0:19,1.2,2.94,,,,
475,5/26/22 0:24,1.2,2.96,,,,
476,5/26/22 0:29,1.2,2.94,,,,
477,5/26/22 0:34,-2.7,2.94,,,,
478,5/26/22 0:39,1.2,2.94,,,,
479,5/26/22 0:44,-2.3,2.96,,,,
480,5/26/22 0:49,1.2,2.94,,,,
481,5/26/22 0:54,-2.7,2.94,,,,
482,5/26/22 0:59,1.2,2.96,,,,
483,5/26/22 1:04,1.2,2.96,,,,
484,5/26/22 1:09,-2.3,2.96,,,,
485,5/26/22 1:14,1.2,2.94,,,,
486,5/26/22 1:19,-2.3,2.94,,,,
487,5/26/22 1:24,-2.3,2.94,,,,
488,5/26/22 1:29,-2.3,2.94,,,,
489,5/26/22 1:34,1.2,2.94,,,,
490,5/26/22 1:39,1.2,2.94,,,,
491,5/26/22 1:44,1.2,2.94,,,,
492,5/26/22 1:49,1.2,2.94,,,,
493,5/26/22 1:54,1.2,2.94,,,,
494,5/26/22 1:59,-2.7,2.94,,,,
495,5/26/22 2:04,-2.3,2.96,,,,
496,5/26/22 2:09,-2.7,2.94,,,,
497,5/26/22 2:14,1.2,2.94,,,,
498,5/26/22 2:19,-2.3,2.96,,,,
499,5/26/22 2:24,1.2,2.96,,,,
500,5/26/22 2:29,1.2,2.94,,,,
501,5/26/22 2:34,1.2,2.96,,,,
502,5/26/22 2:39,1.2,2.96,,,,
503,5/26/22 2:44,1.2,2.94,,,,
504,5/26/22 2:49,1.2,2.96,,,,
505,5/26/22 2:54,1.2,2.94,,,,
506,5/26/22 2:59,-2.3,2.96,,,,
507,5/26/22 3:04,-2.3,2.94,,,,
508,5/26/22 3:09,-2.3,2.94,,,,
509,5/26/22 3:14,1.2,2.96,,,,
510,5/26/22 3:19,-2.3,2.94,,,,
511,5/26/22 3:24,1.2,2.96,,,,
512,5/26/22 3:29,-2.3,2.94,,,,
513,5/26/22 3:34,-2.3,2.94,,,,
514,5/26/22 3:39,1.2,2.96,,,,
515,5/26/22 3:44,-2.3,2.96,,,,
516,5/26/22 3:49,1.2,2.94,,,,
517,5/26/22 3:54,1.2,2.94,,,,
518,5/26/22 3:59,1.2,2.96,,,,
519,5/26/22 4:04,1.2,2.96,,,,
520,5/26/22 4:09,1.2,2.96,,,,
521,5/26/22 4:14,1.2,2.94,,,,
522,5/26/22 4:19,1.2,2.96,,,,
523,5/26/22 4:24,1.2,2.96,,,,
524,5/26/22 4:29,1.2,2.96,,,,
525,5/26/22 4:34,-1.1,2.96,,,,
526,5/26/22 4:39,-2.3,2.96,,,,
527,5/26/22 4:44,1.2,2.96,,,,
528,5/26/22 4:49,1.2,2.96,,,,
529,5/26/22 4:54,-2.3,2.96,,,,
530,5/26/22 4:59,-2.3,2.96,,,,
531,5/26/22 5:04,-2.3,2.97,,,,
532,5/26/22 5:09,1.2,2.97,,,,
533,5/26/22 5:14,1.2,2.96,,,,
534,5/26/22 5:19,1.2,2.96,,,,
535,5/26/22 5:24,1.2,2.96,,,,
536,5/26/22 5:29,-2.7,2.97,,,,
537,5/26/22 5:34,1.2,2.96,,,,
538,5/26/22 5:39,1.2,2.96,,,,
539,5/26/22 5:44,1.2,2.97,,,,
540,5/26/22 5:49,1.2,2.96,,,,
541,5/26/22 5:54,-2.3,2.96,,,,
542,5/26/22 5:59,1.2,2.96,,,,
543,5/26/22 6:04,1.2,2.96,,,,
544,5/26/22 6:09,1.2,2.97,,,,
545,5/26/22 6:14,1.2,2.96,,,,
546,5/26/22 6:19,-2.3,2.97,,,,
547,5/26/22 6:24,1.2,2.96,,,,
548,5/26/22 6:29,1.2,2.97,,,,
549,5/26/22 6:34,1.2,2.97,,,,
550,5/26/22 6:39,1.2,2.97,,,,
551,5/26/22 6:44,1.2,2.97,,,,
552,5/26/22 6:49,-2.3,2.97,,,,
553,5/26/22 6:54,1.2,2.97,,,,
554,5/26/22 6:59,1.2,2.97,,,,
555,5/26/22 7:04,-1.1,2.97,,,,
556,5/26/22 7:09,-2.3,2.97,,,,
557,5/26/22 7:14,1.2,2.97,,,,
558,5/26/22 7:19,-2.3,2.97,,,,
559,5/26/22 7:24,-2.3,2.97,,,,
560,5/26/22 7:29,-2.3,2.98,,,,
561,5/26/22 7:34,1.2,2.97,,,,
562,5/26/22 7:39,1.2,2.98,,,,
563,5/26/22 7:44,1.2,2.97,,,,
564,5/26/22 7:49,1.2,2.98,,,,
565,5/26/22 7:54,-2.3,2.98,,,,
566,5/26/22 7:59,-2.3,2.98,,,,
567,5/26/22 8:04,1.2,3,,,,
568,5/26/22 8:09,1.2,3,,,,
569,5/26/22 8:14,1.2,2.97,,,,
570,5/26/22 8:19,1.2,2.98,,,,
571,5/26/22 8:24,1.2,2.98,,,,
572,5/26/22 8:29,-2.3,2.98,,,,
573,5/26/22 8:34,1.2,2.98,,,,
574,5/26/22 8:39,-2.3,2.98,,,,
575,5/26/22 8:44,-2.3,3,,,,
576,5/26/22 8:49,1.2,2.98,,,,
577,5/26/22 8:54,1.2,2.98,,,,
578,5/26/22 8:59,-2.3,3,,,,
579,5/26/22 9:04,1.2,2.98,,,,
580,5/26/22 9:09,1.2,2.98,,,,
581,5/26/22 9:14,-1.1,2.98,,,,
582,5/26/22 9:19,-2.3,3,,,,
583,5/26/22 9:24,-2.3,3,,,,
584,5/26/22 9:29,1.2,3,,,,
585,5/26/22 9:34,1.2,3,,,,
586,5/26/22 9:39,-1.1,3,,,,
587,5/26/22 9:44,-2.3,3,,,,
588,5/26/22 9:49,1.2,2.98,,,,
589,5/26/22 9:54,-2.3,3,,,,
590,5/26/22 9:59,1.2,3,,,,
591,5/26/22 10:04,1.2,3,,,,
592,5/26/22 10:09,-2.3,3.01,,,,
593,5/26/22 10:14,1.2,3,,,,
594,5/26/22 10:19,1.2,3,,,,
595,5/26/22 10:24,1.2,3,,,,
596,5/26/22 10:29,1.2,3,,,,
597,5/26/22 10:34,1.2,3,,,,
598,5/26/22 10:39,-2.3,3.01,,,,
599,5/26/22 10:44,-2.3,3.01,,,,
600,5/26/22 10:49,1.2,3,,,,
601,5/26/22 10:54,1.2,3.01,,,,
602,5/26/22 10:59,1.2,3,,,,
603,5/26/22 11:04,-2.3,3.01,,,,
604,5/26/22 11:09,1.2,3.01,,,,
605,5/26/22 11:14,1.2,3.01,,,,
606,5/26/22 11:19,1.2,3.01,,,,
607,5/26/22 11:24,1.2,3.01,,,,
608,5/26/22 11:29,1.2,3.01,,,,
609,5/26/22 11:34,-2.3,3.02,,,,
610,5/26/22 11:39,1.2,3.02,,,,
611,5/26/22 11:44,1.2,3.01,,,,
612,5/26/22 11:49,1.2,3.02,,,,
613,5/26/22 11:54,1.2,3.01,,,,
614,5/26/22 11:59,1.2,3.01,,,,
615,5/26/22 12:04,-2.3,3.02,,,,
616,5/26/22 12:09,1.2,3.01,,,,
617,5/26/22 12:14,1.2,3.02,,,,
618,5/26/22 12:19,-2.7,3.01,,,,
619,5/26/22 12:24,1.2,3.02,,,,
620,5/26/22 12:29,-2.3,3.02,,,,
621,5/26/22 12:34,1.2,3.02,,,,
622,5/26/22 12:39,-2.3,3.02,,,,
623,5/26/22 12:44,1.2,3.02,,,,
624,5/26/22 12:49,-1.1,3.02,,,,
625,5/26/22 12:54,1.2,3.02,,,,
626,5/26/22 12:59,-2.3,3.02,,,,
627,5/26/22 13:04,-2.3,3.03,,,,
628,5/26/22 13:09,1.2,3.03,,,,
629,5/26/22 13:14,1.2,3.02,,,,
630,5/26/22 13:19,1.2,3.02,,,,
631,5/26/22 13:24,1.2,3.03,,,,
632,5/26/22 13:29,1.2,3.03,,,,
633,5/26/22 13:34,1.2,3.03,,,,
634,5/26/22 13:39,1.2,3.03,,,,
635,5/26/22 13:44,1.2,3.02,,,,
636,5/26/22 13:49,1.2,3.02,,,,
637,5/26/22 13:54,1.2,3.02,,,,
638,5/26/22 13:59,1.2,3.03,,,,
639,5/26/22 14:04,-2.3,3.02,,,,
640,5/26/22 14:09,-2.3,3.03,,,,
641,5/26/22 14:14,1.2,3.03,,,,
642,5/26/22 14:19,1.2,3.02,,,,
643,5/26/22 14:24,1.2,3.05,,,,
644,5/26/22 14:29,-2.3,3.02,,,,
645,5/26/22 14:34,1.2,3.03,,,,
646,5/26/22 14:39,1.2,3.03,,,,
647,5/26/22 14:44,1.2,3.03,,,,
648,5/26/22 14:49,-1.1,3.03,,,,
649,5/26/22 14:54,1.2,3.05,,,,
650,5/26/22 14:59,1.2,3.03,,,,
651,5/26/22 15:04,1.2,3.03,,,,
652,5/26/22 15:09,1.2,3.03,,,,
653,5/26/22 15:14,1.2,3.03,,,,
654,5/26/22 15:19,1.2,3.05,,,,
655,5/26/22 15:24,1.2,3.03,,,,
656,5/26/22 15:29,1.2,3.05,,,,
657,5/26/22 15:34,1.2,3.03,,,,
658,5/26/22 15:39,1.2,3.05,,,,
659,5/26/22 15:44,1.2,3.03,,,,
660,5/26/22 15:49,1.2,3.05,,,,
661,5/26/22 15:54,-2.3,3.03,,,,
662,5/26/22 15:59,-2.3,3.03,,,,
663,5/26/22 16:04,1.2,3.05,,,,
664,5/26/22 16:09,-2.3,3.05,,,,
665,5/26/22 16:14,1.2,3.05,,,,
666,5/26/22 16:19,1.2,3.05,,,,
667,5/26/22 16:24,1.2,3.05,,,,
668,5/26/22 16:29,1.2,3.03,,,,
669,5/26/22 16:34,1.2,3.05,,,,
670,5/26/22 16:39,1.2,3.05,,,,
671,5/26/22 16:44,1.2,3.05,,,,
672,5/26/22 16:49,1.2,3.05,,,,
673,5/26/22 16:54,-2.3,3.05,,,,
674,5/26/22 16:59,1.2,3.05,,,,
675,5/26/22 17:04,1.2,3.05,,,,
676,5/26/22 17:09,1.2,3.05,,,,
677,5/26/22 17:14,-2.3,3.05,,,,
678,5/26/22 17:19,1.2,3.05,,,,
679,5/26/22 17:24,1.2,3.05,,,,
680,5/26/22 17:29,-2.3,3.06,,,,
681,5/26/22 17:34,1.2,3.05,,,,
682,5/26/22 17:39,1.2,3.05,,,,
683,5/26/22 17:44,1.2,3.05,,,,
684,5/26/22 17:49,1.2,3.06,,,,
685,5/26/22 17:54,-2.3,3.05,,,,
686,5/26/22 17:59,-2.3,3.06,,,,
687,5/26/22 18:04,-2.3,3.05,,,,
688,5/26/22 18:09,-2.7,3.05,,,,
689,5/26/22 18:14,1.2,3.05,,,,
690,5/26/22 18:19,1.2,3.05,,,,
691,5/26/22 18:24,-1.1,3.06,,,,
692,5/26/22 18:29,1.2,3.05,,,,
693,5/26/22 18:34,-2.3,3.06,,,,
694,5/26/22 18:39,1.2,3.05,,,,
695,5/26/22 18:44,1.2,3.06,,,,
696,5/26/22 18:49,1.2,3.06,,,,
697,5/26/22 18:54,1.2,3.07,,,,
698,5/26/22 18:59,1.2,3.05,,,,
699,5/26/22 19:04,1.2,3.05,,,,
700,5/26/22 19:09,1.2,3.06,,,,
701,5/26/22 19:14,-2.3,3.06,,,,
702,5/26/22 19:19,1.2,3.05,,,,
703,5/26/22 19:24,1.2,3.05,,,,
704,5/26/22 19:29,-2.7,3.06,,,,
705,5/26/22 19:34,-2.3,3.05,,,,
706,5/26/22 19:39,-2.3,3.06,,,,
707,5/26/22 19:44,1.2,3.06,,,,
708,5/26/22 19:49,1.2,3.06,,,,
709,5/26/22 19:54,1.2,3.05,,,,
710,5/26/22 19:59,-2.3,3.06,,,,
711,5/26/22 20:04,1.2,3.06,,,,
712,5/26/22 20:09,-2.3,3.06,,,,
713,5/26/22 20:14,1.2,3.06,,,,
714,5/26/22 20:19,1.2,3.06,,,,
715,5/26/22 20:24,1.2,3.06,,,,
716,5/26/22 20:29,1.2,3.06,,,,
717,5/26/22 20:34,-2.3,3.06,,,,
718,5/26/22 20:39,1.2,3.06,,,,
719,5/26/22 20:44,1.2,3.06,,,,
720,5/26/22 20:49,1.2,3.06,,,,
721,5/26/22 20:54,-2.3,3.06,,,,
722,5/26/22 20:59,-2.3,3.06,,,,
723,5/26/22 21:04,1.2,3.06,,,,
724,5/26/22 21:09,1.2,3.06,,,,
725,5/26/22 21:14,1.2,3.07,,,,
726,5/26/22 21:19,1.2,3.06,,,,
727,5/26/22 21:24,1.2,3.06,,,,
728,5/26/22 21:29,1.2,3.06,,,,
729,5/26/22 21:34,1.2,3.06,,,,
730,5/26/22 21:39,1.2,3.06,,,,
731,5/26/22 21:44,1.2,3.07,,,,
732,5/26/22 21:49,-1.1,3.06,,,,
733,5/26/22 21:54,-2.3,3.06,,,,
734,5/26/22 21:59,-1.1,3.06,,,,
735,5/26/22 22:04,1.2,3.06,,,,
736,5/26/22 22:09,1.2,3.06,,,,
737,5/26/22 22:14,1.2,3.07,,,,
738,5/26/22 22:19,1.2,3.07,,,,
739,5/26/22 22:24,1.2,3.06,,,,
740,5/26/22 22:29,1.2,3.07,,,,
741,5/26/22 22:34,1.2,3.06,,,,
742,5/26/22 22:39,1.2,3.06,,,,
743,5/26/22 22:44,1.2,3.07,,,,
744,5/26/22 22:49,1.2,3.06,,,,
745,5/26/22 22:54,1.2,3.07,,,,
746,5/26/22 22:59,-2.3,3.07,,,,
747,5/26/22 23:04,1.2,3.07,,,,
748,5/26/22 23:09,-2.3,3.07,,,,
749,5/26/22 23:14,-2.3,3.07,,,,
750,5/26/22 23:19,1.2,3.07,,,,
751,5/26/22 23:24,1.2,3.07,,,,
752,5/26/22 23:29,1.2,3.07,,,,
753,5/26/22 23:34,1.2,3.07,,,,
754,5/26/22 23:39,-1.1,3.07,,,,
755,5/26/22 23:44,-2.3,3.07,,,,
756,5/26/22 23:49,1.2,3.07,,,,
757,5/26/22 23:54,-2.3,3.07,,,,
758,5/26/22 23:59,1.2,3.09,,,,
759,5/27/22 0:04,1.2,3.07,,,,
760,5/27/22 0:09,1.2,3.07,,,,
761,5/27/22 0:14,-2.3,3.09,,,,
762,5/27/22 0:19,1.2,3.09,,,,
763,5/27/22 0:24,-2.3,3.09,,,,
764,5/27/22 0:29,-2.3,3.09,,,,
765,5/27/22 0:34,1.2,3.09,,,,
766,5/27/22 0:39,1.2,3.09,,,,
767,5/27/22 0:44,19.6,3.09,,,,
768,5/27/22 0:49,1.2,3.09,,,,
769,5/27/22 0:54,1.2,3.09,,,,
770,5/27/22 0:59,1.2,3.09,,,,
771,5/27/22 1:04,1.2,3.09,,,,
772,5/27/22 1:09,1.2,3.09,,,,
773,5/27/22 1:14,-2.3,3.1,,,,
774,5/27/22 1:19,-2.7,3.09,,,,
775,5/27/22 1:24,1.2,3.1,,,,
776,5/27/22 1:29,1.2,3.1,,,,
777,5/27/22 1:34,1.2,3.1,,,,
778,5/27/22 1:39,1.2,3.1,,,,
779,5/27/22 1:44,-2.3,3.1,,,,
780,5/27/22 1:49,1.2,3.1,,,,
781,5/27/22 1:54,1.2,3.1,,,,
782,5/27/22 1:59,1.2,3.1,,,,
783,5/27/22 2:04,1.2,3.11,,,,
784,5/27/22 2:09,1.2,3.1,,,,
785,5/27/22 2:14,1.2,3.1,,,,
786,5/27/22 2:19,-2.3,3.11,,,,
787,5/27/22 2:24,-2.3,3.11,,,,
788,5/27/22 2:29,1.2,3.1,,,,
789,5/27/22 2:34,1.2,3.11,,,,
790,5/27/22 2:39,1.2,3.11,,,,
791,5/27/22 2:44,1.2,3.11,,,,
792,5/27/22 2:49,1.2,3.11,,,,
793,5/27/22 2:54,1.2,3.11,,,,
794,5/27/22 2:59,-2.3,3.11,,,,
795,5/27/22 3:04,-2.3,3.11,,,,
796,5/27/22 3:09,-2.3,3.12,,,,
797,5/27/22 3:14,1.2,3.12,,,,
798,5/27/22 3:19,1.2,3.12,,,,
799,5/27/22 3:24,1.2,3.11,,,,
800,5/27/22 3:29,1.2,3.12,,,,
801,5/27/22 3:34,-2.3,3.11,,,,
802,5/27/22 3:39,1.2,3.12,,,,
803,5/27/22 3:44,-2.3,3.12,,,,
804,5/27/22 3:49,1.2,3.12,,,,
805,5/27/22 3:54,-2.3,3.12,,,,
806,5/27/22 3:59,1.2,3.12,,,,
807,5/27/22 4:04,-2.3,3.14,,,,
808,5/27/22 4:09,1.2,3.14,,,,
809,5/27/22 4:14,1.2,3.12,,,,
810,5/27/22 4:19,1.2,3.12,,,,
811,5/27/22 4:24,1.2,3.14,,,,
812,5/27/22 4:29,1.2,3.12,,,,
813,5/27/22 4:34,1.2,3.14,,,,
814,5/27/22 4:39,1.2,3.14,,,,
815,5/27/22 4:44,1.2,3.14,,,,
816,5/27/22 4:49,-1.1,3.15,,,,
817,5/27/22 4:54,1.2,3.15,,,,
818,5/27/22 4:59,1.2,3.14,,,,
819,5/27/22 5:04,1.2,3.15,,,,
820,5/27/22 5:09,1.2,3.15,,,,
821,5/27/22 5:14,1.2,3.14,,,,
822,5/27/22 5:19,1.2,3.14,,,,
823,5/27/22 5:24,-2.7,3.14,,,,
824,5/27/22 5:29,-2.3,3.15,,,,
825,5/27/22 5:34,1.2,3.15,,,,
826,5/27/22 5:39,-2.3,3.15,,,,
827,5/27/22 5:44,1.2,3.15,,,,
828,5/27/22 5:49,1.2,3.16,,,,
829,5/27/22 5:54,1.2,3.16,,,,
830,5/27/22 5:59,-2.3,3.16,,,,
831,5/27/22 6:04,1.2,3.16,,,,
832,5/27/22 6:09,1.2,3.16,,,,
833,5/27/22 6:14,-2.3,3.16,,,,
834,5/27/22 6:19,1.2,3.16,,,,
835,5/27/22 6:24,1.2,3.18,,,,
836,5/27/22 6:29,1.2,3.16,,,,
837,5/27/22 6:34,-2.3,3.16,,,,
838,5/27/22 6:39,-2.3,3.18,,,,
839,5/27/22 6:44,1.2,3.18,,,,
840,5/27/22 6:49,-2.3,3.16,,,,
841,5/27/22 6:54,1.2,3.18,,,,
842,5/27/22 6:59,1.2,3.18,,,,
843,5/27/22 7:04,1.2,3.18,,,,
844,5/27/22 7:09,1.2,3.18,,,,
845,5/27/22 7:14,-2.3,3.19,,,,
846,5/27/22 7:19,1.2,3.19,,,,
847,5/27/22 7:24,1.2,3.18,,,,
848,5/27/22 7:29,-2.3,3.19,,,,
849,5/27/22 7:34,1.2,3.19,,,,
850,5/27/22 7:39,1.2,3.19,,,,
851,5/27/22 7:44,1.2,3.19,,,,
852,5/27/22 7:49,1.2,3.2,,,,
853,5/27/22 7:54,1.2,3.19,,,,
854,5/27/22 7:59,-2.3,3.19,,,,
855,5/27/22 8:04,-2.3,3.2,,,,
856,5/27/22 8:09,-2.3,3.19,,,,
857,5/27/22 8:14,1.2,3.2,,,,
858,5/27/22 8:19,-2.3,3.2,,,,
859,5/27/22 8:24,-2.3,3.2,,,,
860,5/27/22 8:29,1.2,3.2,,,,
861,5/27/22 8:34,1.2,3.2,,,,
862,5/27/22 8:39,1.2,3.22,,,,
863,5/27/22 8:44,1.2,3.22,,,,
864,5/27/22 8:49,-1.1,3.2,,,,
865,5/27/22 8:54,1.2,3.22,,,,
866,5/27/22 8:59,1.2,3.22,,,,
867,5/27/22 9:04,1.2,3.22,,,,
868,5/27/22 9:09,-2.3,3.22,,,,
869,5/27/22 9:14,1.2,3.23,,,,
870,5/27/22 9:19,1.2,3.23,,,,
871,5/27/22 9:24,1.2,3.22,,,,
872,5/27/22 9:29,1.2,3.23,,,,
873,5/27/22 9:34,1.2,3.23,,,,
874,5/27/22 9:39,1.2,3.23,,,,
875,5/27/22 9:44,1.2,3.23,,,,
876,5/27/22 9:49,-2.3,3.23,,,,
877,5/27/22 9:54,1.2,3.24,,,,
878,5/27/22 9:59,1.2,3.24,,,,
879,5/27/22 10:04,1.2,3.23,,,,
880,5/27/22 10:09,1.2,3.24,,,,
881,5/27/22 10:14,1.2,3.24,,,,
882,5/27/22 10:19,-2.3,3.24,,,,
883,5/27/22 10:24,1.2,3.24,,,,
884,5/27/22 10:29,1.2,3.25,,,,
885,5/27/22 10:34,1.2,3.25,,,,
886,5/27/22 10:39,-2.7,3.25,,,,
887,5/27/22 10:44,1.2,3.24,,,,
888,5/27/22 10:49,1.2,3.25,,,,
889,5/27/22 10:54,1.2,3.25,,,,
890,5/27/22 10:59,1.2,3.25,,,,
891,5/27/22 11:04,1.2,3.25,,,,
892,5/27/22 11:09,1.2,3.27,,,,
893,5/27/22 11:14,1.2,3.27,,,,
894,5/27/22 11:19,1.2,3.27,,,,
895,5/27/22 11:24,-2.3,3.27,,,,
896,5/27/22 11:29,-1.1,3.27,,,,
897,5/27/22 11:34,-1.1,3.27,,,,
898,5/27/22 11:39,1.2,3.27,,,,
899,5/27/22 11:44,1.2,3.27,,,,
900,5/27/22 11:49,1.2,3.27,,,,
901,5/27/22 11:54,-2.3,3.28,,,,
902,5/27/22 11:59,-1.1,3.29,,,,
903,5/27/22 12:04,1.2,3.28,,,,
904,5/27/22 12:09,1.2,3.28,,,,
905,5/27/22 12:14,1.2,3.28,,,,
906,5/27/22 12:19,1.2,3.28,,,,
907,5/27/22 12:24,1.2,3.29,,,,
908,5/27/22 12:29,1.2,3.29,,,,
909,5/27/22 12:34,-2.3,3.29,,,,
910,5/27/22 12:39,1.2,3.29,,,,
911,5/27/22 12:44,-2.3,3.29,,,,
912,5/27/22 12:49,1.2,3.29,,,,
913,5/27/22 12:54,1.2,3.29,,,,
914,5/27/22 12:59,1.2,3.29,,,,
915,5/27/22 13:04,1.2,3.29,,,,
916,5/27/22 13:09,1.2,3.29,,,,
917,5/27/22 13:14,1.2,3.31,,,,
918,5/27/22 13:19,-2.3,3.31,,,,
919,5/27/22 13:24,1.2,3.31,,,,
920,5/27/22 13:29,1.2,3.31,,,,
921,5/27/22 13:34,1.2,3.31,,,,
922,5/27/22 13:39,1.2,3.31,,,,
923,5/27/22 13:44,1.2,3.31,,,,
924,5/27/22 13:49,1.2,3.31,,,,
925,5/27/22 13:54,1.2,3.31,,,,
926,5/27/22 13:59,1.2,3.32,,,,
927,5/27/22 14:04,1.2,3.32,,,,
928,5/27/22 14:09,-2.3,3.32,,,,
929,5/27/22 14:14,1.2,3.33,,,,
930,5/27/22 14:19,1.2,3.32,,,,
931,5/27/22 14:24,1.2,3.33,,,,
932,5/27/22 14:29,1.2,3.31,,,,
933,5/27/22 14:34,1.2,3.33,,,,
934,5/27/22 14:39,1.2,3.33,,,,
935,5/27/22 14:44,-2.3,3.33,,,,
936,5/27/22 14:49,1.2,3.32,,,,
937,5/27/22 14:54,1.2,3.33,,,,
938,5/27/22 14:59,1.2,3.35,,,,
939,5/27/22 15:04,1.2,3.33,,,,
940,5/27/22 15:09,1.2,3.35,,,,
941,5/27/22 15:14,1.2,3.33,,,,
942,5/27/22 15:19,1.2,3.35,,,,
943,5/27/22 15:24,1.2,3.35,,,,
944,5/27/22 15:29,1.2,3.35,,,,
945,5/27/22 15:34,1.2,3.33,,,,
946,5/27/22 15:39,-2.3,3.35,,,,
947,5/27/22 15:44,-2.3,3.35,,,,
948,5/27/22 15:49,-2.3,3.36,,,,
949,5/27/22 15:54,1.2,3.36,,,,
950,5/27/22 15:59,1.2,3.33,,,,
951,5/27/22 16:04,1.2,3.35,,,,
952,5/27/22 16:09,1.2,3.35,,,,
953,5/27/22 16:14,-2.3,3.36,,,,
954,5/27/22 16:19,1.2,3.35,,,,
955,5/27/22 16:24,-2.3,3.35,,,,
956,5/27/22 16:29,-2.3,3.35,,,,
957,5/27/22 16:34,1.2,3.35,,,,
958,5/27/22 16:39,1.2,3.36,,,,
959,5/27/22 16:44,1.2,3.36,,,,
960,5/27/22 16:49,1.2,3.36,,,,
961,5/27/22 16:54,1.2,3.36,,,,
962,5/27/22 16:59,1.2,3.37,,,,
963,5/27/22 17:04,1.2,3.37,,,,
964,5/27/22 17:09,-2.3,3.36,,,,
965,5/27/22 17:14,1.2,3.36,,,,
966,5/27/22 17:19,1.2,3.37,,,,
967,5/27/22 17:24,1.2,3.37,,,,
968,5/27/22 17:29,1.2,3.37,,,,
969,5/27/22 17:34,-1.1,3.37,,,,
970,5/27/22 17:39,-2.3,3.37,,,,
971,5/27/22 17:44,1.2,3.36,,,,
972,5/27/22 17:49,1.2,3.36,,,,
973,5/27/22 17:54,1.2,3.37,,,,
974,5/27/22 17:59,1.2,3.37,,,,
975,5/27/22 18:04,1.2,3.36,,,,
976,5/27/22 18:09,1.2,3.37,,,,
977,5/27/22 18:14,1.2,3.37,,,,
978,5/27/22 18:19,1.2,3.37,,,,
979,5/27/22 18:24,1.2,3.36,,,,
980,5/27/22 18:29,1.2,3.37,,,,
981,5/27/22 18:34,1.2,3.37,,,,
982,5/27/22 18:39,1.2,3.38,,,,
983,5/27/22 18:44,-2.3,3.38,,,,
984,5/27/22 18:49,1.2,3.37,,,,
985,5/27/22 18:54,1.2,3.37,,,,
986,5/27/22 18:59,-2.3,3.36,,,,
987,5/27/22 19:04,1.2,3.38,,,,
988,5/27/22 19:09,1.2,3.37,,,,
989,5/27/22 19:14,-2.3,3.38,,,,
990,5/27/22 19:19,1.2,3.37,,,,
991,5/27/22 19:24,1.2,3.38,,,,
992,5/27/22 19:29,-2.3,3.38,,,,
993,5/27/22 19:34,1.2,3.38,,,,
994,5/27/22 19:39,-2.3,3.37,,,,
995,5/27/22 19:44,-2.3,3.38,,,,
996,5/27/22 19:49,1.2,3.38,,,,
997,5/27/22 19:54,1.2,3.38,,,,
998,5/27/22 19:59,1.2,3.38,,,,
999,5/27/22 20:04,-2.3,3.38,,,,
1000,5/27/22 20:09,1.2,3.38,,,,
1001,5/27/22 20:14,1.2,3.38,,,,
1002,5/27/22 20:19,-2.3,3.4,,,,
1003,5/27/22 20:24,-2.3,3.38,,,,
1004,5/27/22 20:29,1.2,3.38,,,,
1005,5/27/22 20:34,1.2,3.38,,,,
1006,5/27/22 20:39,1.2,3.4,,,,
1007,5/27/22 20:44,1.2,3.4,,,,
1008,5/27/22 20:49,1.2,3.4,,,,
1009,5/27/22 20:54,1.2,3.4,,,,
1010,5/27/22 20:59,-2.3,3.4,,,,
1011,5/27/22 21:04,1.2,3.4,,,,
1012,5/27/22 21:09,1.2,3.4,,,,
1013,5/27/22 21:14,-2.7,3.4,,,,
1014,5/27/22 21:19,1.2,3.4,,,,
1015,5/27/22 21:24,-2.3,3.4,,,,
1016,5/27/22 21:29,1.2,3.4,,,,
1017,5/27/22 21:34,1.2,3.4,,,,
1018,5/27/22 21:39,1.2,3.4,,,,
1019,5/27/22 21:44,-2.3,3.4,,,,
1020,5/27/22 21:49,1.2,3.4,,,,
1021,5/27/22 21:54,1.2,3.4,,,,
1022,5/27/22 21:59,1.2,3.4,,,,
1023,5/27/22 22:04,1.2,3.41,,,,
1024,5/27/22 22:09,1.2,3.4,,,,
1025,5/27/22 22:14,1.2,3.41,,,,
1026,5/27/22 22:19,1.2,3.41,,,,
1027,5/27/22 22:24,1.2,3.41,,,,
1028,5/27/22 22:29,-2.3,3.41,,,,
1029,5/27/22 22:34,1.2,3.41,,,,
1030,5/27/22 22:39,-2.3,3.41,,,,
1031,5/27/22 22:44,1.2,3.41,,,,
1032,5/27/22 22:49,1.2,3.41,,,,
1033,5/27/22 22:54,1.2,3.41,,,,
1034,5/27/22 22:59,1.2,3.41,,,,
1035,5/27/22 23:04,-2.3,3.41,,,,
1036,5/27/22 23:09,-2.3,3.41,,,,
1037,5/27/22 23:14,-2.3,3.41,,,,
1038,5/27/22 23:19,1.2,3.42,,,,
1039,5/27/22 23:24,1.2,3.41,,,,
1040,5/27/22 23:29,1.2,3.42,,,,
1041,5/27/22 23:34,1.2,3.42,,,,
1042,5/27/22 23:39,1.2,3.42,,,,
1043,5/27/22 23:44,1.2,3.42,,,,
1044,5/27/22 23:49,1.2,3.41,,,,
1045,5/27/22 23:54,1.2,3.42,,,,
1046,5/27/22 23:59,1.2,3.44,,,,
1047,5/28/22 0:04,-2.3,3.42,,,,
1048,5/28/22 0:09,1.2,3.44,,,,
1049,5/28/22 0:14,-1.1,3.44,,,,
1050,5/28/22 0:19,1.2,3.44,,,,
1051,5/28/22 0:24,-2.3,3.42,,,,
1052,5/28/22 0:29,1.2,3.44,,,,
1053,5/28/22 0:34,1.2,3.42,,,,
1054,5/28/22 0:39,1.2,3.44,,,,
1055,5/28/22 0:44,1.2,3.45,,,,
1056,5/28/22 0:49,1.2,3.45,,,,
1057,5/28/22 0:54,1.2,3.44,,,,
1058,5/28/22 0:59,1.2,3.44,,,,
1059,5/28/22 1:04,1.2,3.44,,,,
1060,5/28/22 1:09,1.2,3.45,,,,
1061,5/28/22 1:14,-2.3,3.44,,,,
1062,5/28/22 1:19,1.2,3.45,,,,
1063,5/28/22 1:24,1.2,3.44,,,,
1064,5/28/22 1:29,1.2,3.45,,,,
1065,5/28/22 1:34,1.2,3.45,,,,
1066,5/28/22 1:39,1.2,3.45,,,,
1067,5/28/22 1:44,1.2,3.45,,,,
1068,5/28/22 1:49,-2.3,3.45,,,,
1069,5/28/22 1:54,-1.1,3.46,,,,
1070,5/28/22 1:59,-2.3,3.46,,,,
1071,5/28/22 2:04,1.2,3.45,,,,
1072,5/28/22 2:09,1.2,3.45,,,,
1073,5/28/22 2:14,1.2,3.46,,,,
1074,5/28/22 2:19,1.2,3.46,,,,
1075,5/28/22 2:24,1.2,3.47,,,,
1076,5/28/22 2:29,1.2,3.46,,,,
1077,5/28/22 2:34,-2.3,3.46,,,,
1078,5/28/22 2:39,1.2,3.46,,,,
1079,5/28/22 2:44,1.2,3.46,,,,
1080,5/28/22 2:49,1.2,3.47,,,,
1081,5/28/22 2:54,-2.3,3.47,,,,
1082,5/28/22 2:59,1.2,3.46,,,,
1083,5/28/22 3:04,-2.3,3.47,,,,
1084,5/28/22 3:09,1.2,3.47,,,,
1085,5/28/22 3:14,1.2,3.49,,,,
1086,5/28/22 3:19,-1.1,3.47,,,,
1087,5/28/22 3:24,-2.3,3.47,,,,
1088,5/28/22 3:29,-2.3,3.46,,,,
1089,5/28/22 3:34,1.2,3.47,,,,
1090,5/28/22 3:39,1.2,3.47,,,,
1091,5/28/22 3:44,1.2,3.49,,,,
1092,5/28/22 3:49,-1.1,3.49,,,,
1093,5/28/22 3:54,-2.3,3.47,,,,
1094,5/28/22 3:59,1.2,3.47,,,,
1095,5/28/22 4:04,1.2,3.49,,,,
1096,5/28/22 4:09,1.2,3.47,,,,
1097,5/28/22 4:14,1.2,3.49,,,,
1098,5/28/22 4:19,1.2,3.49,,,,
1099,5/28/22 4:24,1.2,3.49,,,,
1100,5/28/22 4:29,1.2,3.49,,,,
1101,5/28/22 4:34,1.2,3.49,,,,
1102,5/28/22 4:39,1.2,3.49,,,,
1103,5/28/22 4:44,1.2,3.5,,,,
1104,5/28/22 4:49,-2.3,3.5,,,,
1105,5/28/22 4:54,1.2,3.5,,,,
1106,5/28/22 4:59,1.2,3.5,,,,
1107,5/28/22 5:04,1.2,3.5,,,,
1108,5/28/22 5:09,-2.3,3.5,,,,
1109,5/28/22 5:14,1.2,3.5,,,,
1110,5/28/22 5:19,1.2,3.5,,,,
1111,5/28/22 5:24,1.2,3.5,,,,
1112,5/28/22 5:29,1.2,3.51,,,,
1113,5/28/22 5:34,1.2,3.51,,,,
1114,5/28/22 5:39,1.2,3.51,,,,
1115,5/28/22 5:44,1.2,3.51,,,,
1116,5/28/22 5:49,1.2,3.51,,,,
1117,5/28/22 5:54,1.2,3.53,,,,
1118,5/28/22 5:59,-2.3,3.51,,,,
1119,5/28/22 6:04,1.2,3.51,,,,
1120,5/28/22 6:09,1.2,3.51,,,,
1121,5/28/22 6:14,1.2,3.53,,,,
1122,5/28/22 6:19,1.2,3.53,,,,
1123,5/28/22 6:24,-2.3,3.53,,,,
1124,5/28/22 6:29,1.2,3.51,,,,
1125,5/28/22 6:34,-2.3,3.54,,,,
1126,5/28/22 6:39,1.2,3.53,,,,
1127,5/28/22 6:44,-2.3,3.54,,,,
1128,5/28/22 6:49,-2.3,3.53,,,,
1129,5/28/22 6:54,1.2,3.54,,,,
1130,5/28/22 6:59,1.2,3.53,,,,
1131,5/28/22 7:04,1.2,3.54,,,,
1132,5/28/22 7:09,1.2,3.54,,,,
1133,5/28/22 7:14,-2.3,3.54,,,,
1134,5/28/22 7:19,-2.3,3.54,,,,
1135,5/28/22 7:24,1.2,3.54,,,,
1136,5/28/22 7:29,-2.3,3.54,,,,
1137,5/28/22 7:34,1.2,3.54,,,,
1138,5/28/22 7:39,1.2,3.55,,,,
1139,5/28/22 7:44,1.2,3.55,,,,
1140,5/28/22 7:49,1.2,3.55,,,,
1141,5/28/22 7:54,-2.3,3.55,,,,
1142,5/28/22 7:59,1.2,3.55,,,,
1143,5/28/22 8:04,-2.3,3.54,,,,
1144,5/28/22 8:09,1.2,3.55,,,,
1145,5/28/22 8:14,1.2,3.57,,,,
1146,5/28/22 8:19,1.2,3.57,,,,
1147,5/28/22 8:24,1.2,3.55,,,,
1148,5/28/22 8:29,1.2,3.57,,,,
1149,5/28/22 8:34,1.2,3.58,,,,
1150,5/28/22 8:39,1.2,3.55,,,,
1151,5/28/22 8:44,-2.3,3.57,,,,
1152,5/28/22 8:49,1.2,3.55,,,,
1153,5/28/22 8:54,1.2,3.57,,,,
1154,5/28/22 8:59,1.2,3.57,,,,
1155,5/28/22 9:04,-2.3,3.57,,,,
1156,5/28/22 9:09,-2.3,3.55,,,,
1157,5/28/22 9:14,1.2,3.57,,,,
1158,5/28/22 9:19,-2.3,3.58,,,,
1159,5/28/22 9:24,1.2,3.57,,,,
1160,5/28/22 9:29,1.2,3.58,,,,
1161,5/28/22 9:34,-2.3,3.57,,,,
1162,5/28/22 9:39,1.2,3.58,,,,
1163,5/28/22 9:44,1.2,3.57,,,,
1164,5/28/22 9:49,-1.1,3.58,,,,
1165,5/28/22 9:54,1.2,3.59,,,,
1166,5/28/22 9:59,1.2,3.59,,,,
1167,5/28/22 10:04,1.2,3.57,,,,
1168,5/28/22 10:09,-2.3,3.59,,,,
1169,5/28/22 10:14,1.2,3.59,,,,
1170,5/28/22 10:19,1.2,3.58,,,,
1171,5/28/22 10:24,1.2,3.59,,,,
1172,5/28/22 10:29,-2.3,3.59,,,,
1173,5/28/22 10:34,-2.3,3.59,,,,
1174,5/28/22 10:39,1.2,3.59,,,,
1175,5/28/22 10:44,-2.3,3.6,,,,
1176,5/28/22 10:49,1.2,3.59,,,,
1177,5/28/22 10:54,1.2,3.59,,,,
1178,5/28/22 10:59,1.2,3.59,,,,
1179,5/28/22 11:04,-2.3,3.6,,,,
1180,5/28/22 11:09,1.2,3.6,,,,
1181,5/28/22 11:14,1.2,3.6,,,,
1182,5/28/22 11:19,-2.3,3.62,,,,
1183,5/28/22 11:24,1.2,3.6,,,,
1184,5/28/22 11:29,1.2,3.6,,,,
1185,5/28/22 11:34,1.2,3.6,,,,
1186,5/28/22 11:39,1.2,3.6,,,,
1187,5/28/22 11:44,1.2,3.6,,,,
1188,5/28/22 11:49,-2.3,3.6,,,,
1189,5/28/22 11:54,1.2,3.62,,,,
1190,5/28/22 11:59,1.2,3.62,,,,
1191,5/28/22 12:04,1.2,3.62,,,,
1192,5/28/22 12:09,1.2,3.62,,,,
1193,5/28/22 12:14,-2.3,3.62,,,,
1194,5/28/22 12:19,-2.3,3.62,,,,
1195,5/28/22 12:24,1.2,3.62,,,,
1196,5/28/22 12:29,-2.3,3.62,,,,
1197,5/28/22 12:34,1.2,3.63,,,,
1198,5/28/22 12:39,1.2,3.63,,,,
1199,5/28/22 12:44,1.2,3.63,,,,
1200,5/28/22 12:49,-2.3,3.63,,,,
1201,5/28/22 12:54,1.2,3.63,,,,
1202,5/28/22 12:59,1.2,3.63,,,,
1203,5/28/22 13:04,1.2,3.63,,,,
1204,5/28/22 13:09,1.2,3.63,,,,
1205,5/28/22 13:14,1.2,3.63,,,,
1206,5/28/22 13:19,-2.7,3.63,,,,
1207,5/28/22 13:24,1.2,3.63,,,,
1208,5/28/22 13:29,1.2,3.63,,,,
1209,5/28/22 13:34,1.2,3.63,,,,
1210,5/28/22 13:39,1.2,3.64,,,,
1211,5/28/22 13:44,1.2,3.63,,,,
1212,5/28/22 13:49,1.2,3.64,,,,
1213,5/28/22 13:54,1.2,3.64,,,,
1214,5/28/22 13:59,1.2,3.64,,,,
1215,5/28/22 14:04,1.2,3.64,,,,
1216,5/28/22 14:09,1.2,3.64,,,,
1217,5/28/22 14:14,1.2,3.64,,,,
1218,5/28/22 14:19,1.2,3.66,,,,
1219,5/28/22 14:24,1.2,3.66,,,,
1220,5/28/22 14:29,-1.1,3.66,,,,
1221,5/28/22 14:34,1.2,3.66,,,,
1222,5/28/22 14:39,1.2,3.66,,,,
1223,5/28/22 14:44,1.2,3.64,,,,
1224,5/28/22 14:49,1.2,3.66,,,,
1225,5/28/22 14:54,1.2,3.64,,,,
1226,5/28/22 14:59,1.2,3.66,,,,
1227,5/28/22 15:04,1.2,3.66,,,,
1228,5/28/22 15:09,-2.3,3.64,,,,
1229,5/28/22 15:14,1.2,3.66,,,,
1230,5/28/22 15:19,1.2,3.64,,,,
1231,5/28/22 15:24,1.2,3.66,,,,
1232,5/28/22 15:29,-2.3,3.67,,,,
1233,5/28/22 15:34,1.2,3.66,,,,
1234,5/28/22 15:39,1.2,3.66,,,,
1235,5/28/22 15:44,1.2,3.66,,,,
1236,5/28/22 15:49,-2.3,3.67,,,,
1237,5/28/22 15:54,-2.3,3.67,,,,
1238,5/28/22 15:59,1.2,3.66,,,,
1239,5/28/22 16:04,1.2,3.67,,,,
1240,5/28/22 16:09,1.2,3.67,,,,
1241,5/28/22 16:14,-2.3,3.67,,,,
1242,5/28/22 16:19,-2.3,3.67,,,,
1243,5/28/22 16:24,1.2,3.66,,,,
1244,5/28/22 16:29,1.2,3.67,,,,
1245,5/28/22 16:34,-2.3,3.67,,,,
1246,5/28/22 16:39,1.2,3.67,,,,
1247,5/28/22 16:44,1.2,3.68,,,,
1248,5/28/22 16:49,1.2,3.68,,,,
1249,5/28/22 16:54,1.2,3.67,,,,
1250,5/28/22 16:59,-2.3,3.67,,,,
1251,5/28/22 17:04,1.2,3.67,,,,
1252,5/28/22 17:09,1.2,3.68,,,,
1253,5/28/22 17:14,1.2,3.67,,,,
1254,5/28/22 17:19,-2.3,3.67,,,,
1255,5/28/22 17:24,-2.3,3.67,,,,
1256,5/28/22 17:29,1.2,3.67,,,,
1257,5/28/22 17:34,-2.3,3.67,,,,
1258,5/28/22 17:39,1.2,3.68,,,,
1259,5/28/22 17:44,1.2,3.67,,,,
1260,5/28/22 17:49,1.2,3.68,,,,
1261,5/28/22 17:54,1.2,3.68,,,,
1262,5/28/22 17:59,1.2,3.68,,,,
1263,5/28/22 18:04,1.2,3.68,,,,
1264,5/28/22 18:09,1.2,3.68,,,,
1265,5/28/22 18:14,-2.3,3.68,,,,
1266,5/28/22 18:19,1.2,3.68,,,,
1267,5/28/22 18:24,-2.7,3.68,,,,
1268,5/28/22 18:29,1.2,3.68,,,,
1269,5/28/22 18:34,1.2,3.7,,,,
1270,5/28/22 18:39,1.2,3.7,,,,
1271,5/28/22 18:44,1.2,3.7,,,,
1272,5/28/22 18:49,1.2,3.68,,,,
1273,5/28/22 18:54,-2.3,3.7,,,,
1274,5/28/22 18:59,-2.3,3.7,,,,
1275,5/28/22 19:04,-2.3,3.7,,,,
1276,5/28/22 19:09,1.2,3.7,,,,
1277,5/28/22 19:14,-2.3,3.68,,,,
1278,5/28/22 19:19,1.2,3.7,,,,
1279,5/28/22 19:24,1.2,3.68,,,,
1280,5/28/22 19:29,1.2,3.7,,,,
1281,5/28/22 19:34,-2.3,3.7,,,,
1282,5/28/22 19:39,1.2,3.7,,,,
1283,5/28/22 19:44,1.2,3.7,,,,
1284,5/28/22 19:49,-2.3,3.7,,,,
1285,5/28/22 19:54,1.2,3.7,,,,
1286,5/28/22 19:59,1.2,3.7,,,,
1287,5/28/22 20:04,-1.1,3.7,,,,
1288,5/28/22 20:09,1.2,3.7,,,,
1289,5/28/22 20:14,1.2,3.68,,,,
1290,5/28/22 20:19,1.2,3.7,,,,
1291,5/28/22 20:24,1.2,3.7,,,,
1292,5/28/22 20:29,-2.3,3.7,,,,
1293,5/28/22 20:34,1.2,3.7,,,,
1294,5/28/22 20:39,1.2,3.71,,,,
1295,5/28/22 20:44,1.2,3.7,,,,
1296,5/28/22 20:49,1.2,3.7,,,,
1297,5/28/22 20:54,1.2,3.7,,,,
1298,5/28/22 20:59,1.2,3.7,,,,
1299,5/28/22 21:04,1.2,3.71,,,,
1300,5/28/22 21:09,-2.3,3.71,,,,
1301,5/28/22 21:14,-2.3,3.71,,,,
1302,5/28/22 21:19,1.2,3.71,,,,
1303,5/28/22 21:24,-2.3,3.7,,,,
1304,5/28/22 21:29,-2.3,3.71,,,,
1305,5/28/22 21:34,1.2,3.71,,,,
1306,5/28/22 21:39,1.2,3.71,,,,
1307,5/28/22 21:44,1.2,3.7,,,,
1308,5/28/22 21:49,1.2,3.71,,,,
1309,5/28/22 21:54,1.2,3.7,,,,
1310,5/28/22 21:59,1.2,3.71,,,,
1311,5/28/22 22:04,-2.3,3.7,,,,
1312,5/28/22 22:09,1.2,3.71,,,,
1313,5/28/22 22:14,1.2,3.71,,,,
1314,5/28/22 22:19,1.2,3.71,,,,
1315,5/28/22 22:24,1.2,3.71,,,,
1316,5/28/22 22:29,1.2,3.71,,,,
1317,5/28/22 22:34,1.2,3.71,,,,
1318,5/28/22 22:39,1.2,3.71,,,,
1319,5/28/22 22:44,1.2,3.71,,,,
1320,5/28/22 22:49,1.2,3.71,,,,
1321,5/28/22 22:54,1.2,3.71,,,,
1322,5/28/22 22:59,1.2,3.71,,,,
1323,5/28/22 23:04,1.2,3.72,,,,
1324,5/28/22 23:09,1.2,3.71,,,,
1325,5/28/22 23:14,-1.1,3.71,,,,
1326,5/28/22 23:19,1.2,3.72,,,,
1327,5/28/22 23:24,1.2,3.72,,,,
1328,5/28/22 23:29,1.2,3.72,,,,
1329,5/28/22 23:34,1.2,3.72,,,,
1330,5/28/22 23:39,1.2,3.72,,,,
1331,5/28/22 23:44,-2.3,3.72,,,,
1332,5/28/22 23:49,1.2,3.72,,,,
1333,5/28/22 23:54,1.2,3.73,,,,
1334,5/28/22 23:59,1.2,3.72,,,,
1335,5/29/22 0:04,1.2,3.72,,,,
1336,5/29/22 0:09,1.2,3.72,,,,
1337,5/29/22 0:14,1.2,3.72,,,,
1338,5/29/22 0:19,1.2,3.72,,,,
1339,5/29/22 0:24,1.2,3.72,,,,
1340,5/29/22 0:29,1.2,3.72,,,,
1341,5/29/22 0:34,1.2,3.73,,,,
1342,5/29/22 0:39,1.2,3.72,,,,
1343,5/29/22 0:44,-2.3,3.72,,,,
1344,5/29/22 0:49,-2.3,3.72,,,,
1345,5/29/22 0:54,1.2,3.73,,,,
1346,5/29/22 0:59,-2.3,3.72,,,,
1347,5/29/22 1:04,-2.3,3.72,,,,
1348,5/29/22 1:09,-2.3,3.72,,,,
1349,5/29/22 1:14,-2.3,3.72,,,,
1350,5/29/22 1:19,-2.3,3.72,,,,
1351,5/29/22 1:24,1.2,3.72,,,,
1352,5/29/22 1:29,1.2,3.73,,,,
1353,5/29/22 1:34,1.2,3.73,,,,
1354,5/29/22 1:39,1.2,3.73,,,,
1355,5/29/22 1:44,1.2,3.73,,,,
1356,5/29/22 1:49,1.2,3.73,,,,
1357,5/29/22 1:54,1.2,3.73,,,,
1358,5/29/22 1:59,-2.3,3.72,,,,
1359,5/29/22 2:04,1.2,3.73,,,,
1360,5/29/22 2:09,1.2,3.73,,,,
1361,5/29/22 2:14,1.2,3.73,,,,
1362,5/29/22 2:19,-2.3,3.73,,,,
1363,5/29/22 2:24,1.2,3.73,,,,
1364,5/29/22 2:29,1.2,3.73,,,,
1365,5/29/22 2:34,-2.3,3.73,,,,
1366,5/29/22 2:39,1.2,3.73,,,,
1367,5/29/22 2:44,1.2,3.75,,,,
1368,5/29/22 2:49,-2.3,3.75,,,,
1369,5/29/22 2:54,1.2,3.73,,,,
1370,5/29/22 2:59,-2.3,3.75,,,,
1371,5/29/22 3:04,-2.3,3.75,,,,
1372,5/29/22 3:09,1.2,3.75,,,,
1373,5/29/22 3:14,1.2,3.73,,,,
1374,5/29/22 3:19,-2.3,3.73,,,,
1375,5/29/22 3:24,-2.3,3.75,,,,
1376,5/29/22 3:29,1.2,3.73,,,,
1377,5/29/22 3:34,1.2,3.75,,,,
1378,5/29/22 3:39,1.2,3.75,,,,
1379,5/29/22 3:44,1.2,3.75,,,,
1380,5/29/22 3:49,1.2,3.75,,,,
1381,5/29/22 3:54,1.2,3.75,,,,
1382,5/29/22 3:59,1.2,3.75,,,,
1383,5/29/22 4:04,1.2,3.76,,,,
1384,5/29/22 4:09,1.2,3.75,,,,
1385,5/29/22 4:14,-2.3,3.75,,,,
1386,5/29/22 4:19,1.2,3.76,,,,
1387,5/29/22 4:24,1.2,3.76,,,,
1388,5/29/22 4:29,1.2,3.75,,,,
1389,5/29/22 4:34,1.2,3.76,,,,
1390,5/29/22 4:39,1.2,3.75,,,,
1391,5/29/22 4:44,1.2,3.75,,,,
1392,5/29/22 4:49,-2.3,3.76,,,,
1393,5/29/22 4:54,1.2,3.76,,,,
1394,5/29/22 4:59,-2.3,3.75,,,,
1395,5/29/22 5:04,1.2,3.76,,,,
1396,5/29/22 5:09,-2.3,3.77,,,,
1397,5/29/22 5:14,-2.3,3.76,,,,
1398,5/29/22 5:19,1.2,3.76,,,,
1399,5/29/22 5:24,-2.3,3.76,,,,
1400,5/29/22 5:29,-2.3,3.76,,,,
1401,5/29/22 5:34,1.2,3.77,,,,
1402,5/29/22 5:39,1.2,3.76,,,,
1403,5/29/22 5:44,1.2,3.77,,,,
1404,5/29/22 5:49,1.2,3.77,,,,
1405,5/29/22 5:54,1.2,3.76,,,,
1406,5/29/22 5:59,1.2,3.76,,,,
1407,5/29/22 6:04,1.2,3.77,,,,
1408,5/29/22 6:09,1.2,3.77,,,,
1409,5/29/22 6:14,1.2,3.76,,,,
1410,5/29/22 6:19,-2.3,3.77,,,,
1411,5/29/22 6:24,1.2,3.77,,,,
1412,5/29/22 6:29,-2.3,3.77,,,,
1413,5/29/22 6:34,-2.3,3.77,,,,
1414,5/29/22 6:39,-1.1,3.76,,,,
1415,5/29/22 6:44,-1.1,3.77,,,,
1416,5/29/22 6:49,-2.3,3.77,,,,
1417,5/29/22 6:54,1.2,3.77,,,,
1418,5/29/22 6:59,1.2,3.79,,,,
1419,5/29/22 7:04,1.2,3.79,,,,
1420,5/29/22 7:09,1.2,3.79,,,,
1421,5/29/22 7:14,1.2,3.77,,,,
1422,5/29/22 7:19,1.2,3.77,,,,
1423,5/29/22 7:24,1.2,3.77,,,,
1424,5/29/22 7:29,1.2,3.79,,,,
1425,5/29/22 7:34,-2.3,3.79,,,,
1426,5/29/22 7:39,1.2,3.77,,,,
1427,5/29/22 7:44,1.2,3.79,,,,
1428,5/29/22 7:49,1.2,3.77,,,,
1429,5/29/22 7:54,1.2,3.79,,,,
1430,5/29/22 7:59,-2.3,3.79,,,,
1431,5/29/22 8:04,1.2,3.79,,,,
1432,5/29/22 8:09,1.2,3.79,,,,
1433,5/29/22 8:14,1.2,3.79,,,,
1434,5/29/22 8:19,1.2,3.79,,,,
1435,5/29/22 8:24,1.2,3.79,,,,
1436,5/29/22 8:29,1.2,3.79,,,,
1437,5/29/22 8:34,1.2,3.79,,,,
1438,5/29/22 8:39,1.2,3.79,,,,
1439,5/29/22 8:44,1.2,3.79,,,,
1440,5/29/22 8:49,1.2,3.8,,,,
1441,5/29/22 8:54,1.2,3.79,,,,
1442,5/29/22 8:59,-2.3,3.79,,,,
1443,5/29/22 9:04,1.2,3.79,,,,
1444,5/29/22 9:09,-2.3,3.79,,,,
1445,5/29/22 9:14,-2.3,3.8,,,,
1446,5/29/22 9:19,1.2,3.8,,,,
1447,5/29/22 9:24,1.2,3.8,,,,
1448,5/29/22 9:29,1.2,3.8,,,,
1449,5/29/22 9:34,-1.1,3.79,,,,
1450,5/29/22 9:39,1.2,3.81,,,,
1451,5/29/22 9:44,1.2,3.8,,,,
1452,5/29/22 9:49,1.2,3.8,,,,
1453,5/29/22 9:54,1.2,3.8,,,,
1454,5/29/22 9:59,1.2,3.8,,,,
1455,5/29/22 10:04,1.2,3.8,,,,
1456,5/29/22 10:09,1.2,3.8,,,,
1457,5/29/22 10:14,1.2,3.8,,,,
1458,5/29/22 10:19,1.2,3.81,,,,
1459,5/29/22 10:24,-2.3,3.8,,,,
1460,5/29/22 10:29,1.2,3.81,,,,
1461,5/29/22 10:34,1.2,3.8,,,,
1462,5/29/22 10:39,1.2,3.81,,,,
1463,5/29/22 10:44,1.2,3.8,,,,
1464,5/29/22 10:49,1.2,3.81,,,,
1465,5/29/22 10:54,-2.3,3.81,,,,
1466,5/29/22 10:59,1.2,3.8,,,,
1467,5/29/22 11:04,1.2,3.81,,,,
1468,5/29/22 11:09,-2.3,3.8,,,,
1469,5/29/22 11:14,1.2,3.8,,,,
1470,5/29/22 11:19,1.2,3.81,,,,
1471,5/29/22 11:24,1.2,3.81,,,,
1472,5/29/22 11:29,1.2,3.81,,,,
1473,5/29/22 11:34,1.2,3.81,,,,
1474,5/29/22 11:39,-2.3,3.81,,,,
1475,5/29/22 11:44,1.2,3.8,,,,
1476,5/29/22 11:49,-2.3,3.81,,,,
1477,5/29/22 11:54,1.2,3.81,,,,
1478,5/29/22 11:59,-2.3,3.81,,,,
1479,5/29/22 12:04,1.2,3.81,,,,
1480,5/29/22 12:09,1.2,3.81,,,,
1481,5/29/22 12:14,1.2,3.83,,,,
1482,5/29/22 12:19,1.2,3.83,,,,
1483,5/29/22 12:24,-2.3,3.81,,,,
1484,5/29/22 12:29,1.2,3.81,,,,
1485,5/29/22 12:34,-2.3,3.81,,,,
1486,5/29/22 12:39,-2.3,3.81,,,,
1487,5/29/22 12:44,-2.3,3.83,,,,
1488,5/29/22 12:49,-2.3,3.81,,,,
1489,5/29/22 12:54,1.2,3.83,,,,
1490,5/29/22 12:59,-2.3,3.81,,,,
1491,5/29/22 13:04,1.2,3.83,,,,
1492,5/29/22 13:09,1.2,3.83,,,,
1493,5/29/22 13:14,-2.3,3.81,,,,
1494,5/29/22 13:19,1.2,3.83,,,,
1495,5/29/22 13:24,-2.3,3.83,,,,
1496,5/29/22 13:29,1.2,3.83,,,,
1497,5/29/22 13:34,1.2,3.81,,,,
1498,5/29/22 13:39,1.2,3.83,,,,
1499,5/29/22 13:44,1.2,3.83,,,,
1500,5/29/22 13:49,-1.1,3.83,,,,
1501,5/29/22 13:54,1.2,3.83,,,,
1502,5/29/22 13:59,1.2,3.83,,,,
1503,5/29/22 14:04,1.2,3.83,,,,
1504,5/29/22 14:09,-2.3,3.83,,,,
1505,5/29/22 14:14,-2.3,3.83,,,,
1506,5/29/22 14:19,1.2,3.84,,,,
1507,5/29/22 14:24,1.2,3.83,,,,
1508,5/29/22 14:29,-2.3,3.83,,,,
1509,5/29/22 14:34,1.2,3.83,,,,
1510,5/29/22 14:39,-2.3,3.83,,,,
1511,5/29/22 14:44,1.2,3.84,,,,
1512,5/29/22 14:49,-1.1,3.83,,,,
1513,5/29/22 14:54,1.2,3.83,,,,
1514,5/29/22 14:59,1.2,3.83,,,,
1515,5/29/22 15:04,1.2,3.83,,,,
1516,5/29/22 15:09,1.2,3.83,,,,
1517,5/29/22 15:14,-2.3,3.84,,,,
1518,5/29/22 15:19,1.2,3.83,,,,
1519,5/29/22 15:24,-2.3,3.84,,,,
1520,5/29/22 15:29,1.2,3.84,,,,
1521,5/29/22 15:34,1.2,3.83,,,,
1522,5/29/22 15:39,1.2,3.84,,,,
1523,5/29/22 15:44,-2.3,3.83,,,,
1524,5/29/22 15:49,-2.3,3.84,,,,
1525,5/29/22 15:54,1.2,3.84,,,,
1526,5/29/22 15:59,1.2,3.84,,,,
1527,5/29/22 16:04,-2.3,3.84,,,,
1528,5/29/22 16:09,1.2,3.84,,,,
1529,5/29/22 16:14,1.2,3.84,,,,
1530,5/29/22 16:19,-2.3,3.84,,,,
1531,5/29/22 16:24,1.2,3.84,,,,
1532,5/29/22 16:29,1.2,3.84,,,,
1533,5/29/22 16:34,-2.3,3.84,,,,
1534,5/29/22 16:39,1.2,3.84,,,,
1535,5/29/22 16:44,-2.3,3.84,,,,
1536,5/29/22 16:49,1.2,3.84,,,,
1537,5/29/22 16:54,1.2,3.84,,,,
1538,5/29/22 16:59,1.2,3.84,,,,
1539,5/29/22 17:04,1.2,3.84,,,,
1540,5/29/22 17:09,-2.3,3.84,,,,
1541,5/29/22 17:14,-2.3,3.84,,,,
1542,5/29/22 17:19,1.2,3.84,,,,
1543,5/29/22 17:24,-2.3,3.83,,,,
1544,5/29/22 17:29,1.2,3.84,,,,
1545,5/29/22 17:34,1.2,3.84,,,,
1546,5/29/22 17:39,-1.1,3.83,,,,
1547,5/29/22 17:44,1.2,3.84,,,,
1548,5/29/22 17:49,1.2,3.84,,,,
1549,5/29/22 17:54,1.2,3.84,,,,
1550,5/29/22 17:59,1.2,3.84,,,,
1551,5/29/22 18:04,1.2,3.84,,,,
1552,5/29/22 18:09,-2.3,3.84,,,,
1553,5/29/22 18:14,-2.3,3.84,,,,
1554,5/29/22 18:19,-1.1,3.84,,,,
1555,5/29/22 18:24,-2.3,3.84,,,,
1556,5/29/22 18:29,1.2,3.84,,,,
1557,5/29/22 18:34,-2.3,3.83,,,,
1558,5/29/22 18:39,1.2,3.84,,,,
1559,5/29/22 18:44,-2.3,3.84,,,,
1560,5/29/22 18:49,1.2,3.83,,,,
1561,5/29/22 18:54,-2.7,3.84,,,,
1562,5/29/22 18:59,1.2,3.84,,,,
1563,5/29/22 19:04,1.2,3.84,,,,
1564,5/29/22 19:09,1.2,3.84,,,,
1565,5/29/22 19:14,-2.3,3.84,,,,
1566,5/29/22 19:19,1.2,3.84,,,,
1567,5/29/22 19:24,1.2,3.84,,,,
1568,5/29/22 19:29,-2.3,3.83,,,,
1569,5/29/22 19:34,1.2,3.84,,,,
1570,5/29/22 19:39,-2.3,3.84,,,,
1571,5/29/22 19:44,-2.3,3.84,,,,
1572,5/29/22 19:49,-2.3,3.84,,,,
1573,5/29/22 19:54,1.2,3.83,,,,
1574,5/29/22 19:59,1.2,3.84,,,,
1575,5/29/22 20:04,1.2,3.84,,,,
1576,5/29/22 20:09,-2.3,3.84,,,,
1577,5/29/22 20:14,1.2,3.84,,,,
1578,5/29/22 20:19,1.2,3.84,,,,
1579,5/29/22 20:24,1.2,3.84,,,,
1580,5/29/22 20:29,1.2,3.84,,,,
1581,5/29/22 20:34,1.2,3.84,,,,
1582,5/29/22 20:39,1.2,3.84,,,,
1583,5/29/22 20:44,1.2,3.84,,,,
1584,5/29/22 20:49,-2.3,3.84,,,,
1585,5/29/22 20:54,-2.3,3.84,,,,
1586,5/29/22 20:59,1.2,3.84,,,,
1587,5/29/22 21:04,1.2,3.84,,,,
1588,5/29/22 21:09,1.2,3.84,,,,
1589,5/29/22 21:14,-2.3,3.84,,,,
1590,5/29/22 21:19,1.2,3.84,,,,
1591,5/29/22 21:24,-2.3,3.84,,,,
1592,5/29/22 21:29,1.2,3.84,,,,
1593,5/29/22 21:34,1.2,3.84,,,,
1594,5/29/22 21:39,-2.3,3.85,,,,
1595,5/29/22 21:44,-2.3,3.85,,,,
1596,5/29/22 21:49,1.2,3.84,,,,
1597,5/29/22 21:54,1.2,3.84,,,,
1598,5/29/22 21:59,-1.1,3.84,,,,
1599,5/29/22 22:04,1.2,3.84,,,,
1600,5/29/22 22:09,-2.3,3.84,,,,
1601,5/29/22 22:14,1.2,3.84,,,,
1602,5/29/22 22:19,1.2,3.84,,,,
1603,5/29/22 22:24,1.2,3.84,,,,
1604,5/29/22 22:29,-2.3,3.84,,,,
1605,5/29/22 22:34,1.2,3.84,,,,
1606,5/29/22 22:39,1.2,3.84,,,,
1607,5/29/22 22:44,1.2,3.84,,,,
1608,5/29/22 22:49,1.2,3.84,,,,
1609,5/29/22 22:54,1.2,3.84,,,,
1610,5/29/22 22:59,-2.3,3.84,,,,
1611,5/29/22 23:04,1.2,3.84,,,,
1612,5/29/22 23:09,1.2,3.84,,,,
1613,5/29/22 23:14,1.2,3.84,,,,
1614,5/29/22 23:19,1.2,3.84,,,,
1615,5/29/22 23:24,-2.3,3.84,,,,
1616,5/29/22 23:29,1.2,3.84,,,,
1617,5/29/22 23:34,1.2,3.84,,,,
1618,5/29/22 23:39,-1.1,3.84,,,,
1619,5/29/22 23:44,1.2,3.85,,,,
1620,5/29/22 23:49,1.2,3.85,,,,
1621,5/29/22 23:54,1.2,3.84,,,,
1622,5/29/22 23:59,1.2,3.84,,,,
1623,5/30/22 0:04,1.2,3.84,,,,
1624,5/30/22 0:09,1.2,3.84,,,,
1625,5/30/22 0:14,-2.3,3.85,,,,
1626,5/30/22 0:19,1.2,3.85,,,,
1627,5/30/22 0:24,1.2,3.85,,,,
1628,5/30/22 0:29,1.2,3.84,,,,
1629,5/30/22 0:34,1.2,3.85,,,,
1630,5/30/22 0:39,1.2,3.85,,,,
1631,5/30/22 0:44,-2.3,3.84,,,,
1632,5/30/22 0:49,1.2,3.84,,,,
1633,5/30/22 0:54,1.2,3.85,,,,
1634,5/30/22 0:59,1.2,3.85,,,,
1635,5/30/22 1:04,1.2,3.85,,,,
1636,5/30/22 1:09,1.2,3.83,,,,
1637,5/30/22 1:14,1.2,3.85,,,,
1638,5/30/22 1:19,1.2,3.85,,,,
1639,5/30/22 1:24,1.2,3.84,,,,
1640,5/30/22 1:29,1.2,3.85,,,,
1641,5/30/22 1:34,1.2,3.84,,,,
1642,5/30/22 1:39,1.2,3.85,,,,
1643,5/30/22 1:44,1.2,3.85,,,,
1644,5/30/22 1:49,1.2,3.85,,,,
1645,5/30/22 1:54,-2.3,3.86,,,,
1646,5/30/22 1:59,-2.3,3.85,,,,
1647,5/30/22 2:04,1.2,3.86,,,,
1648,5/30/22 2:09,-2.3,3.85,,,,
1649,5/30/22 2:14,1.2,3.85,,,,
1650,5/30/22 2:19,1.2,3.85,,,,
1651,5/30/22 2:24,1.2,3.84,,,,
1652,5/30/22 2:29,1.2,3.85,,,,
1653,5/30/22 2:34,1.2,3.85,,,,
1654,5/30/22 2:39,-2.3,3.86,,,,
1655,5/30/22 2:44,1.2,3.85,,,,
1656,5/30/22 2:49,1.2,3.85,,,,
1657,5/30/22 2:54,1.2,3.86,,,,
1658,5/30/22 2:59,1.2,3.85,,,,
1659,5/30/22 3:04,-2.3,3.85,,,,
1660,5/30/22 3:09,1.2,3.86,,,,
1661,5/30/22 3:14,1.2,3.85,,,,
1662,5/30/22 3:19,1.2,3.86,,,,
1663,5/30/22 3:24,1.2,3.85,,,,
1664,5/30/22 3:29,1.2,3.85,,,,
1665,5/30/22 3:34,1.2,3.86,,,,
1666,5/30/22 3:39,-2.3,3.85,,,,
1667,5/30/22 3:44,1.2,3.85,,,,
1668,5/30/22 3:49,-2.3,3.85,,,,
1669,5/30/22 3:54,1.2,3.86,,,,
1670,5/30/22 3:59,1.2,3.85,,,,
1671,5/30/22 4:04,1.2,3.86,,,,
1672,5/30/22 4:09,1.2,3.86,,,,
1673,5/30/22 4:14,-1.1,3.86,,,,
1674,5/30/22 4:19,-2.3,3.85,,,,
1675,5/30/22 4:24,1.2,3.86,,,,
1676,5/30/22 4:29,-1.1,3.86,,,,
1677,5/30/22 4:34,1.2,3.88,,,,
1678,5/30/22 4:39,1.2,3.86,,,,
1679,5/30/22 4:44,-2.3,3.86,,,,
1680,5/30/22 4:49,-1.1,3.85,,,,
1681,5/30/22 4:54,1.2,3.85,,,,
1682,5/30/22 4:59,1.2,3.86,,,,
1683,5/30/22 5:04,-2.3,3.86,,,,
1684,5/30/22 5:09,-2.3,3.86,,,,
1685,5/30/22 5:14,1.2,3.88,,,,
1686,5/30/22 5:19,1.2,3.86,,,,
1687,5/30/22 5:24,1.2,3.86,,,,
1688,5/30/22 5:29,1.2,3.86,,,,
1689,5/30/22 5:34,1.2,3.86,,,,
1690,5/30/22 5:39,1.2,3.85,,,,
1691,5/30/22 5:44,1.2,3.86,,,,
1692,5/30/22 5:49,1.2,3.86,,,,
1693,5/30/22 5:54,1.2,3.88,,,,
1694,5/30/22 5:59,1.2,3.86,,,,
1695,5/30/22 6:04,-2.3,3.86,,,,
1696,5/30/22 6:09,1.2,3.88,,,,
1697,5/30/22 6:14,1.2,3.86,,,,
1698,5/30/22 6:19,1.2,3.88,,,,
1699,5/30/22 6:24,1.2,3.86,,,,
1700,5/30/22 6:29,1.2,3.86,,,,
1701,5/30/22 6:34,1.2,3.86,,,,
1702,5/30/22 6:39,1.2,3.88,,,,
1703,5/30/22 6:44,1.2,3.86,,,,
1704,5/30/22 6:49,1.2,3.88,,,,
1705,5/30/22 6:54,1.2,3.86,,,,
1706,5/30/22 6:59,1.2,3.88,,,,
1707,5/30/22 7:04,-2.3,3.88,,,,
1708,5/30/22 7:09,1.2,3.88,,,,
1709,5/30/22 7:14,1.2,3.88,,,,
1710,5/30/22 7:19,-2.3,3.88,,,,
1711,5/30/22 7:24,1.2,3.88,,,,
1712,5/30/22 7:29,1.2,3.86,,,,
1713,5/30/22 7:34,-2.3,3.86,,,,
1714,5/30/22 7:39,-1.1,3.88,,,,
1715,5/30/22 7:44,1.2,3.88,,,,
1716,5/30/22 7:49,-2.3,3.88,,,,
1717,5/30/22 7:54,1.2,3.88,,,,
1718,5/30/22 7:59,1.2,3.86,,,,
1719,5/30/22 8:04,1.2,3.88,,,,
1720,5/30/22 8:09,1.2,3.88,,,,
1721,5/30/22 8:14,1.2,3.88,,,,
1722,5/30/22 8:19,1.2,3.89,,,,
1723,5/30/22 8:24,-2.3,3.88,,,,
1724,5/30/22 8:29,1.2,3.88,,,,
1725,5/30/22 8:34,1.2,3.88,,,,
1726,5/30/22 8:39,1.2,3.89,,,,
1727,5/30/22 8:44,1.2,3.88,,,,
1728,5/30/22 8:49,1.2,3.88,,,,
1729,5/30/22 8:54,1.2,3.89,,,,
1730,5/30/22 8:59,1.2,3.86,,,,
1731,5/30/22 9:04,1.2,3.88,,,,
1732,5/30/22 9:09,1.2,3.89,,,,
1733,5/30/22 9:14,1.2,3.88,,,,
1734,5/30/22 9:19,1.2,3.89,,,,
1735,5/30/22 9:24,1.2,3.88,,,,
1736,5/30/22 9:29,1.2,3.89,,,,
1737,5/30/22 9:34,1.2,3.88,,,,
1738,5/30/22 9:39,1.2,3.89,,,,
1739,5/30/22 9:44,1.2,3.89,,,,
1740,5/30/22 9:49,1.2,3.89,,,,
1741,5/30/22 9:54,1.2,3.88,,,,
1742,5/30/22 9:59,1.2,3.88,,,,
1743,5/30/22 10:04,-2.3,3.89,,,,
1744,5/30/22 10:09,1.2,3.88,,,,
1745,5/30/22 10:14,1.2,3.89,,,,
1746,5/30/22 10:19,1.2,3.9,,,,
1747,5/30/22 10:24,1.2,3.89,,,,
1748,5/30/22 10:29,1.2,3.89,,,,
1749,5/30/22 10:34,1.2,3.89,,,,
1750,5/30/22 10:39,1.2,3.88,,,,
1751,5/30/22 10:44,1.2,3.88,,,,
1752,5/30/22 10:49,-2.3,3.88,,,,
1753,5/30/22 10:54,1.2,3.89,,,,
1754,5/30/22 10:59,1.2,3.88,,,,
1755,5/30/22 11:04,1.2,3.89,,,,
1756,5/30/22 11:09,1.2,3.9,,,,
1757,5/30/22 11:14,1.2,3.89,,,,
1758,5/30/22 11:19,1.2,3.88,,,,
1759,5/30/22 11:24,1.2,3.89,,,,
1760,5/30/22 11:29,1.2,3.89,,,,
1761,5/30/22 11:34,1.2,3.89,,,,
1762,5/30/22 11:39,-2.3,3.89,,,,
1763,5/30/22 11:44,-1.1,3.88,,,,
1764,5/30/22 11:49,1.2,3.89,,,,
1765,5/30/22 11:54,1.2,3.88,,,,
1766,5/30/22 11:59,-2.3,3.89,,,,
1767,5/30/22 12:04,1.2,3.89,,,,
1768,5/30/22 12:09,1.2,3.89,,,,
1769,5/30/22 12:14,19.6,3.89,,,,
1770,5/30/22 12:19,1.2,3.89,,,,
1771,5/30/22 12:24,1.2,3.89,,,,
1772,5/30/22 12:29,1.2,3.88,,,,
1773,5/30/22 12:34,1.2,3.89,,,,
1774,5/30/22 12:39,1.2,3.9,,,,
1775,5/30/22 12:44,1.2,3.89,,,,
1776,5/30/22 12:49,1.2,3.89,,,,
1777,5/30/22 12:54,1.2,3.89,,,,
1778,5/30/22 12:59,-2.3,3.89,,,,
1779,5/30/22 13:04,1.2,3.89,,,,
1780,5/30/22 13:09,1.2,3.89,,,,
1781,5/30/22 13:14,-2.3,3.88,,,,
1782,5/30/22 13:19,-2.3,3.89,,,,
1783,5/30/22 13:24,1.2,3.89,,,,
1784,5/30/22 13:29,1.2,3.89,,,,
1785,5/30/22 13:34,1.2,3.89,,,,
1786,5/30/22 13:39,1.2,3.89,,,,
1787,5/30/22 13:44,1.2,3.89,,,,
1788,5/30/22 13:49,-2.3,3.9,,,,
1789,5/30/22 13:54,1.2,3.89,,,,
1790,5/30/22 13:59,-2.3,3.89,,,,
1791,5/30/22 14:04,1.2,3.9,,,,
1792,5/30/22 14:09,1.2,3.89,,,,
1793,5/30/22 14:14,1.2,3.9,,,,
1794,5/30/22 14:19,1.2,3.9,,,,
1795,5/30/22 14:24,1.2,3.9,,,,
1796,5/30/22 14:29,-2.3,3.89,,,,
1797,5/30/22 14:34,1.2,3.9,,,,
1798,5/30/22 14:39,1.2,3.9,,,,
1799,5/30/22 14:44,1.2,3.9,,,,
1800,5/30/22 14:49,1.2,3.9,,,,
1801,5/30/22 14:54,1.2,3.9,,,,
1802,5/30/22 14:59,1.2,3.9,,,,
1803,5/30/22 15:04,1.2,3.89,,,,
1804,5/30/22 15:09,1.2,3.9,,,,
1805,5/30/22 15:14,1.2,3.89,,,,
1806,5/30/22 15:19,-2.3,3.89,,,,
1807,5/30/22 15:24,1.2,3.9,,,,
1808,5/30/22 15:29,1.2,3.89,,,,
1809,5/30/22 15:34,1.2,3.9,,,,
1810,5/30/22 15:39,-1.1,3.89,,,,
1811,5/30/22 15:44,-2.3,3.89,,,,
1812,5/30/22 15:49,-2.3,3.9,,,,
1813,5/30/22 15:54,1.2,3.89,,,,
1814,5/30/22 15:59,1.2,3.9,,,,
1815,5/30/22 16:04,-2.3,3.89,,,,
1816,5/30/22 16:09,1.2,3.9,,,,
1817,5/30/22 16:14,1.2,3.9,,,,
1818,5/30/22 16:19,-2.3,3.89,,,,
1819,5/30/22 16:24,1.2,3.9,,,,
1820,5/30/22 16:29,-2.3,3.89,,,,
1821,5/30/22 16:34,1.2,3.9,,,,
1822,5/30/22 16:39,1.2,3.89,,,,
1823,5/30/22 16:44,1.2,3.89,,,,
1824,5/30/22 16:49,-2.7,3.9,,,,
1825,5/30/22 16:54,-2.3,3.9,,,,
1826,5/30/22 16:59,1.2,3.89,,,,
1827,5/30/22 17:04,1.2,3.89,,,,
1828,5/30/22 17:09,-2.3,3.89,,,,
1829,5/30/22 17:14,1.2,3.9,,,,
1830,5/30/22 17:19,1.2,3.89,,,,
1831,5/30/22 17:24,1.2,3.89,,,,
1832,5/30/22 17:29,1.2,3.89,,,,
1833,5/30/22 17:34,1.2,3.89,,,,
1834,5/30/22 17:39,1.2,3.89,,,,
1835,5/30/22 17:44,1.2,3.89,,,,
1836,5/30/22 17:49,1.2,3.89,,,,
1837,5/30/22 17:54,1.2,3.89,,,,
1838,5/30/22 17:59,1.2,3.89,,,,
1839,5/30/22 18:04,1.2,3.89,,,,
1840,5/30/22 18:09,1.2,3.89,,,,
1841,5/30/22 18:14,-2.3,3.89,,,,
1842,5/30/22 18:19,-2.3,3.89,,,,
1843,5/30/22 18:24,1.2,3.89,,,,
1844,5/30/22 18:29,1.2,3.89,,,,
1845,5/30/22 18:34,1.2,3.89,,,,
1846,5/30/22 18:39,1.2,3.88,,,,
1847,5/30/22 18:44,1.2,3.89,,,,
1848,5/30/22 18:49,1.2,3.89,,,,
1849,5/30/22 18:54,1.2,3.89,,,,
1850,5/30/22 18:59,1.2,3.89,,,,
1851,5/30/22 19:04,1.2,3.89,,,,
1852,5/30/22 19:09,-2.7,3.9,,,,
1853,5/30/22 19:14,1.2,3.89,,,,
1854,5/30/22 19:19,-2.3,3.89,,,,
1855,5/30/22 19:24,1.2,3.89,,,,
1856,5/30/22 19:29,1.2,3.88,,,,
1857,5/30/22 19:34,-1.1,3.89,,,,
1858,5/30/22 19:39,1.2,3.89,,,,
1859,5/30/22 19:44,1.2,3.88,,,,
1860,5/30/22 19:49,1.2,3.89,,,,
1861,5/30/22 19:54,1.2,3.89,,,,
1862,5/30/22 19:59,1.2,3.89,,,,
1863,5/30/22 20:04,-2.3,3.89,,,,
1864,5/30/22 20:09,-2.3,3.88,,,,
1865,5/30/22 20:14,1.2,3.89,,,,
1866,5/30/22 20:19,1.2,3.89,,,,
1867,5/30/22 20:24,1.2,3.89,,,,
1868,5/30/22 20:29,1.2,3.89,,,,
1869,5/30/22 20:34,1.2,3.89,,,,
1870,5/30/22 20:39,1.2,3.88,,,,
1871,5/30/22 20:44,-2.3,3.89,,,,
1872,5/30/22 20:49,-2.3,3.88,,,,
1873,5/30/22 20:54,1.2,3.88,,,,
1874,5/30/22 20:59,-2.3,3.89,,,,
1875,5/30/22 21:04,1.2,3.86,,,,
1876,5/30/22 21:09,1.2,3.89,,,,
1877,5/30/22 21:14,1.2,3.88,,,,
1878,5/30/22 21:19,1.2,3.89,,,,
1879,5/30/22 21:24,1.2,3.88,,,,
1880,5/30/22 21:29,1.2,3.89,,,,
1881,5/30/22 21:34,1.2,3.89,,,,
1882,5/30/22 21:39,1.2,3.89,,,,
1883,5/30/22 21:44,1.2,3.88,,,,
1884,5/30/22 21:49,1.2,3.89,,,,
1885,5/30/22 21:54,1.2,3.89,,,,
1886,5/30/22 21:59,1.2,3.89,,,,
1887,5/30/22 22:04,1.2,3.88,,,,
1888,5/30/22 22:09,1.2,3.88,,,,
1889,5/30/22 22:14,1.2,3.89,,,,
1890,5/30/22 22:19,1.2,3.89,,,,
1891,5/30/22 22:24,1.2,3.89,,,,
1892,5/30/22 22:29,-2.3,3.89,,,,
1893,5/30/22 22:34,1.2,3.89,,,,
1894,5/30/22 22:39,1.2,3.88,,,,
1895,5/30/22 22:44,1.2,3.89,,,,
1896,5/30/22 22:49,-2.3,3.88,,,,
1897,5/30/22 22:54,-2.3,3.88,,,,
1898,5/30/22 22:59,1.2,3.89,,,,
1899,5/30/22 23:04,-2.3,3.89,,,,
1900,5/30/22 23:09,1.2,3.88,,,,
1901,5/30/22 23:14,1.2,3.88,,,,
1902,5/30/22 23:19,1.2,3.88,,,,
1903,5/30/22 23:24,1.2,3.88,,,,
1904,5/30/22 23:29,1.2,3.86,,,,
1905,5/30/22 23:34,-2.3,3.88,,,,
1906,5/30/22 23:39,-2.3,3.88,,,,
1907,5/30/22 23:44,-2.3,3.88,,,,
1908,5/30/22 23:49,-2.3,3.88,,,,
1909,5/30/22 23:54,1.2,3.88,,,,
1910,5/30/22 23:59,1.2,3.88,,,,
1911,5/31/22 0:04,-1.1,3.89,,,,
1912,5/31/22 0:09,1.2,3.88,,,,
1913,5/31/22 0:14,1.2,3.88,,,,
1914,5/31/22 0:19,1.2,3.86,,,,
1915,5/31/22 0:24,1.2,3.89,,,,
1916,5/31/22 0:29,1.2,3.88,,,,
1917,5/31/22 0:34,1.2,3.88,,,,
1918,5/31/22 0:39,1.2,3.88,,,,
1919,5/31/22 0:44,1.2,3.88,,,,
1920,5/31/22 0:49,1.2,3.88,,,,
1921,5/31/22 0:54,1.2,3.88,,,,
1922,5/31/22 0:59,1.2,3.89,,,,
1923,5/31/22 1:04,-1.1,3.89,,,,
1924,5/31/22 1:09,1.2,3.88,,,,
1925,5/31/22 1:14,1.2,3.88,,,,
1926,5/31/22 1:19,-1.1,3.89,,,,
1927,5/31/22 1:24,1.2,3.88,,,,
1928,5/31/22 1:29,1.2,3.86,,,,
1929,5/31/22 1:34,1.2,3.88,,,,
1930,5/31/22 1:39,1.2,3.89,,,,
1931,5/31/22 1:44,1.2,3.88,,,,
1932,5/31/22 1:49,1.2,3.88,,,,
1933,5/31/22 1:54,1.2,3.89,,,,
1934,5/31/22 1:59,1.2,3.88,,,,
1935,5/31/22 2:04,-2.3,3.88,,,,
1936,5/31/22 2:09,1.2,3.88,,,,
1937,5/31/22 2:14,1.2,3.88,,,,
1938,5/31/22 2:19,1.2,3.89,,,,
1939,5/31/22 2:24,-2.3,3.88,,,,
1940,5/31/22 2:29,1.2,3.88,,,,
1941,5/31/22 2:34,-1.1,3.88,,,,
1942,5/31/22 2:39,1.2,3.89,,,,
1943,5/31/22 2:44,1.2,3.89,,,,
1944,5/31/22 2:49,1.2,3.89,,,,
1945,5/31/22 2:54,1.2,3.89,,,,
1946,5/31/22 2:59,1.2,3.88,,,,
1947,5/31/22 3:04,1.2,3.89,,,,
1948,5/31/22 3:09,-2.3,3.89,,,,
1949,5/31/22 3:14,1.2,3.89,,,,
1950,5/31/22 3:19,1.2,3.88,,,,
1951,5/31/22 3:24,1.2,3.89,,,,
1952,5/31/22 3:29,1.2,3.88,,,,
1953,5/31/22 3:34,1.2,3.89,,,,
1954,5/31/22 3:39,1.2,3.89,,,,
1955,5/31/22 3:44,-2.3,3.88,,,,
1956,5/31/22 3:49,1.2,3.89,,,,
1957,5/31/22 3:54,1.2,3.89,,,,
1958,5/31/22 3:59,1.2,3.89,,,,
1959,5/31/22 4:04,1.2,3.89,,,,
1960,5/31/22 4:09,1.2,3.88,,,,
1961,5/31/22 4:14,-2.3,3.89,,,,
1962,5/31/22 4:19,1.2,3.89,,,,
1963,5/31/22 4:24,1.2,3.89,,,,
1964,5/31/22 4:29,1.2,3.89,,,,
1965,5/31/22 4:34,1.2,3.88,,,,
1966,5/31/22 4:39,1.2,3.89,,,,
1967,5/31/22 4:44,1.2,3.89,,,,
1968,5/31/22 4:49,1.2,3.88,,,,
1969,5/31/22 4:54,1.2,3.89,,,,
1970,5/31/22 4:59,1.2,3.89,,,,
1971,5/31/22 5:04,-2.3,3.89,,,,
1972,5/31/22 5:09,-2.7,3.89,,,,
1973,5/31/22 5:14,-2.3,3.9,,,,
1974,5/31/22 5:19,1.2,3.89,,,,
1975,5/31/22 5:24,-2.3,3.89,,,,
1976,5/31/22 5:29,-2.3,3.89,,,,
1977,5/31/22 5:34,-1.1,3.9,,,,
1978,5/31/22 5:39,-2.3,3.89,,,,
1979,5/31/22 5:44,1.2,3.89,,,,
1980,5/31/22 5:49,-2.3,3.89,,,,
1981,5/31/22 5:54,1.2,3.9,,,,
1982,5/31/22 5:59,1.2,3.9,,,,
1983,5/31/22 6:04,1.2,3.89,,,,
1984,5/31/22 6:09,1.2,3.9,,,,
1985,5/31/22 6:14,-2.3,3.89,,,,
1986,5/31/22 6:19,1.2,3.9,,,,
1987,5/31/22 6:24,1.2,3.89,,,,
1988,5/31/22 6:29,1.2,3.9,,,,
1989,5/31/22 6:34,1.2,3.9,,,,
1990,5/31/22 6:39,1.2,3.89,,,,
1991,5/31/22 6:44,1.2,3.9,,,,
1992,5/31/22 6:49,1.2,3.9,,,,
1993,5/31/22 6:54,1.2,3.89,,,,
1994,5/31/22 6:59,1.2,3.9,,,,
1995,5/31/22 7:04,-2.3,3.9,,,,
1996,5/31/22 7:09,1.2,3.92,,,,
1997,5/31/22 7:14,-2.3,3.9,,,,
1998,5/31/22 7:19,-2.3,3.92,,,,
1999,5/31/22 7:24,1.2,3.92,,,,
2000,5/31/22 7:29,1.2,3.9,,,,
2001,5/31/22 7:34,1.2,3.9,,,,
2002,5/31/22 7:39,-2.3,3.9,,,,
2003,5/31/22 7:44,1.2,3.92,,,,
2004,5/31/22 7:49,1.2,3.9,,,,
2005,5/31/22 7:54,1.2,3.9,,,,
2006,5/31/22 7:59,1.2,3.92,,,,
2007,5/31/22 8:04,1.2,3.92,,,,
2008,5/31/22 8:09,1.2,3.92,,,,
2009,5/31/22 8:14,-2.3,3.92,,,,
2010,5/31/22 8:19,-2.3,3.9,,,,
2011,5/31/22 8:24,1.2,3.9,,,,
2012,5/31/22 8:29,1.2,3.9,,,,
2013,5/31/22 8:34,1.2,3.9,,,,
2014,5/31/22 8:39,1.2,3.9,,,,
2015,5/31/22 8:44,-1.1,3.92,,,,
2016,5/31/22 8:49,-2.3,3.92,,,,
2017,5/31/22 8:54,-2.3,3.92,,,,
2018,5/31/22 8:59,1.2,3.92,,,,
2019,5/31/22 9:04,1.2,3.92,,,,
2020,5/31/22 9:09,-2.3,3.92,,,,
2021,5/31/22 9:10,,,,Logged,,
2022,5/31/22 9:10,,,,,Logged,Logged