Plot Title: 10778331,,,,,,,
#,"Date Time, GMT-06:00","Full Range, μS/cm (LGR S/N: 10778331, SEN S/N: 10778331)","Temp, °C (LGR S/N: 10778331, SEN S/N: 10778331)",Coupler Detached (LGR S/N: 10778331),Coupler Attached (LGR S/N: 10778331),Host Connected (LGR S/N: 10778331),End Of File (LGR S/N: 10778331)
1,5/24/22 8:51,2.5,13.43,,,,
2,5/24/22 8:52,,,Logged,,,
3,5/24/22 8:56,2.5,13.41,,,,
4,5/24/22 9:01,2.5,13.26,,,,
5,5/24/22 9:06,2.5,13.16,,,,
6,5/24/22 9:11,2.5,13.11,,,,
7,5/24/22 9:16,2.5,13.07,,,,
8,5/24/22 9:21,6.3,12.76,,,,
9,5/24/22 9:26,2.5,12.58,,,,
10,5/24/22 9:31,2.5,12.66,,,,
11,5/24/22 9:36,2.5,12.79,,,,
12,5/24/22 9:41,2.5,12.94,,,,
13,5/24/22 9:46,2.5,12.91,,,,
14,5/24/22 9:51,2.5,12.87,,,,
15,5/24/22 9:56,2.5,12.84,,,,
16,5/24/22 10:01,6.3,12.82,,,,
17,5/24/22 10:06,2.5,12.76,,,,
18,5/24/22 10:11,2.5,12.71,,,,
19,5/24/22 10:16,6.3,12.67,,,,
20,5/24/22 10:21,6.3,12.61,,,,
21,5/24/22 10:26,2.5,12.57,,,,
22,5/24/22 10:31,2.5,12.54,,,,
23,5/24/22 10:36,2.5,12.53,,,,
24,5/24/22 10:41,2.5,12.5,,,,
25,5/24/22 10:46,6.3,12.48,,,,
26,5/24/22 10:51,2.5,12.42,,,,
27,5/24/22 10:56,2.5,12.38,,,,
28,5/24/22 11:01,2.5,12.34,,,,
29,5/24/22 11:06,2.5,12.28,,,,
30,5/24/22 11:11,2.5,12.21,,,,
31,5/24/22 11:16,2.5,12.15,,,,
32,5/24/22 11:21,2.5,12.1,,,,
33,5/24/22 11:26,2.5,12.03,,,,
34,5/24/22 11:31,2.5,11.98,,,,
35,5/24/22 11:36,2.5,11.96,,,,
36,5/24/22 11:41,8.9,11.95,,,,
37,5/24/22 11:46,2.5,11.98,,,,
38,5/24/22 11:51,8.9,12.06,,,,
39,5/24/22 11:56,2.5,12.15,,,,
40,5/24/22 12:01,2.5,12.55,,,,
41,5/24/22 12:06,2.5,13.01,,,,
42,5/24/22 12:11,2.5,15.33,,,,
43,5/24/22 12:16,2.5,16.6,,,,
44,5/24/22 12:21,2.5,16.78,,,,
45,5/24/22 12:26,2.5,17.05,,,,
46,5/24/22 12:31,2.5,16.68,,,,
47,5/24/22 12:36,6.3,16.51,,,,
48,5/24/22 12:41,2.5,15.84,,,,
49,5/24/22 12:46,2.5,15.82,,,,
50,5/24/22 12:51,2.5,16.55,,,,
51,5/24/22 12:56,6.3,16.86,,,,
52,5/24/22 13:01,2.5,16.86,,,,
53,5/24/22 13:06,2.5,17.05,,,,
54,5/24/22 13:11,2.5,17.12,,,,
55,5/24/22 13:16,2.5,16.63,,,,
56,5/24/22 13:21,6.3,16.99,,,,
57,5/24/22 13:26,6.2,17.73,,,,
58,5/24/22 13:31,2.5,17.91,,,,
59,5/24/22 13:36,4,16.18,,,,
60,5/24/22 13:41,2.5,15.26,,,,
61,5/24/22 13:46,2.5,14.06,,,,
62,5/24/22 13:51,8.9,13,,,,
63,5/24/22 13:56,6.3,11.96,,,,
64,5/24/22 14:01,2.5,11.12,,,,
65,5/24/22 14:06,2.5,10.52,,,,
66,5/24/22 14:11,6.3,10.23,,,,
67,5/24/22 14:16,9,10.05,,,,
68,5/24/22 14:21,2.5,9.85,,,,
69,5/24/22 14:26,2.5,9.9,,,,
70,5/24/22 14:31,6.3,9.94,,,,
71,5/24/22 14:36,2.5,9.02,,,,
72,5/24/22 14:41,30.5,3.25,,,,
73,5/24/22 14:46,36.6,2.89,,,,
74,5/24/22 14:51,32,2.52,,,,
75,5/24/22 14:56,31.3,2.27,,,,
76,5/24/22 15:01,31.3,2.12,,,,
77,5/24/22 15:06,30.1,2.01,,,,
78,5/24/22 15:11,30.1,1.93,,,,
79,5/24/22 15:16,29.4,1.89,,,,
80,5/24/22 15:21,29.4,1.84,,,,
81,5/24/22 15:26,29,1.8,,,,
82,5/24/22 15:31,29,1.78,,,,
83,5/24/22 15:36,29,1.76,,,,
84,5/24/22 15:41,29,1.74,,,,
85,5/24/22 15:46,28.2,1.74,,,,
86,5/24/22 15:51,28.2,1.72,,,,
87,5/24/22 15:56,27.8,1.72,,,,
88,5/24/22 16:01,27.8,1.71,,,,
89,5/24/22 16:06,27.8,1.71,,,,
90,5/24/22 16:11,27.8,1.71,,,,
91,5/24/22 16:16,27.5,1.7,,,,
92,5/24/22 16:21,27.5,1.68,,,,
93,5/24/22 16:26,27.1,1.68,,,,
94,5/24/22 16:31,27.5,1.7,,,,
95,5/24/22 16:36,26.7,1.68,,,,
96,5/24/22 16:41,26.7,1.68,,,,
97,5/24/22 16:46,26.7,1.68,,,,
98,5/24/22 16:51,26.3,1.67,,,,
99,5/24/22 16:56,26.3,1.67,,,,
100,5/24/22 17:01,26.3,1.67,,,,
101,5/24/22 17:06,26.3,1.67,,,,
102,5/24/22 17:11,26.3,1.68,,,,
103,5/24/22 17:16,26.3,1.67,,,,
104,5/24/22 17:21,26.3,1.67,,,,
105,5/24/22 17:26,25.9,1.67,,,,
106,5/24/22 17:31,25.5,1.68,,,,
107,5/24/22 17:36,25.5,1.67,,,,
108,5/24/22 17:41,25.5,1.67,,,,
109,5/24/22 17:46,25.5,1.67,,,,
110,5/24/22 17:51,25.5,1.67,,,,
111,5/24/22 17:56,25.2,1.67,,,,
112,5/24/22 18:01,25.2,1.66,,,,
113,5/24/22 18:06,25.2,1.66,,,,
114,5/24/22 18:11,25.2,1.67,,,,
115,5/24/22 18:16,25.2,1.67,,,,
116,5/24/22 18:21,25.2,1.66,,,,
117,5/24/22 18:26,25.2,1.66,,,,
118,5/24/22 18:31,25.2,1.66,,,,
119,5/24/22 18:36,25.2,1.66,,,,
120,5/24/22 18:41,24.4,1.66,,,,
121,5/24/22 18:46,24.8,1.66,,,,
122,5/24/22 18:51,24.4,1.66,,,,
123,5/24/22 18:56,24.8,1.66,,,,
124,5/24/22 19:01,24.8,1.66,,,,
125,5/24/22 19:06,24.4,1.66,,,,
126,5/24/22 19:11,24.4,1.66,,,,
127,5/24/22 19:16,24,1.66,,,,
128,5/24/22 19:21,24.4,1.66,,,,
129,5/24/22 19:26,24,1.66,,,,
130,5/24/22 19:31,24,1.66,,,,
131,5/24/22 19:36,24,1.66,,,,
132,5/24/22 19:41,24,1.66,,,,
133,5/24/22 19:46,24,1.66,,,,
134,5/24/22 19:51,24,1.64,,,,
135,5/24/22 19:56,24,1.66,,,,
136,5/24/22 20:01,24,1.64,,,,
137,5/24/22 20:06,23.6,1.64,,,,
138,5/24/22 20:11,24,1.66,,,,
139,5/24/22 20:16,23.6,1.64,,,,
140,5/24/22 20:21,24,1.66,,,,
141,5/24/22 20:26,24,1.66,,,,
142,5/24/22 20:31,24,1.66,,,,
143,5/24/22 20:36,23.6,1.64,,,,
144,5/24/22 20:41,23.6,1.64,,,,
145,5/24/22 20:46,23.6,1.64,,,,
146,5/24/22 20:51,23.2,1.64,,,,
147,5/24/22 20:56,23.2,1.64,,,,
148,5/24/22 21:01,23.6,1.64,,,,
149,5/24/22 21:06,23.2,1.64,,,,
150,5/24/22 21:11,23.2,1.64,,,,
151,5/24/22 21:16,23.2,1.64,,,,
152,5/24/22 21:21,23.2,1.64,,,,
153,5/24/22 21:26,23.2,1.64,,,,
154,5/24/22 21:31,23.2,1.64,,,,
155,5/24/22 21:36,23.2,1.64,,,,
156,5/24/22 21:41,23.2,1.64,,,,
157,5/24/22 21:46,23.2,1.64,,,,
158,5/24/22 21:51,23.2,1.64,,,,
159,5/24/22 21:56,22.9,1.66,,,,
160,5/24/22 22:01,22.9,1.64,,,,
161,5/24/22 22:06,22.9,1.63,,,,
162,5/24/22 22:11,22.9,1.63,,,,
163,5/24/22 22:16,22.9,1.64,,,,
164,5/24/22 22:21,22.9,1.64,,,,
165,5/24/22 22:26,22.9,1.63,,,,
166,5/24/22 22:31,22.9,1.64,,,,
167,5/24/22 22:36,22.9,1.64,,,,
168,5/24/22 22:41,22.9,1.63,,,,
169,5/24/22 22:46,22.9,1.63,,,,
170,5/24/22 22:51,22.9,1.64,,,,
171,5/24/22 22:56,22.9,1.63,,,,
172,5/24/22 23:01,22.9,1.64,,,,
173,5/24/22 23:06,22.9,1.64,,,,
174,5/24/22 23:11,22.9,1.63,,,,
175,5/24/22 23:16,22.9,1.64,,,,
176,5/24/22 23:21,22.9,1.63,,,,
177,5/24/22 23:26,22.5,1.64,,,,
178,5/24/22 23:31,22.5,1.64,,,,
179,5/24/22 23:36,22.5,1.63,,,,
180,5/24/22 23:41,22.5,1.63,,,,
181,5/24/22 23:46,22.9,1.63,,,,
182,5/24/22 23:51,22.5,1.63,,,,
183,5/24/22 23:56,22.1,1.63,,,,
184,5/25/22 0:01,22.9,1.63,,,,
185,5/25/22 0:06,22.9,1.64,,,,
186,5/25/22 0:11,22.5,1.63,,,,
187,5/25/22 0:16,22.5,1.63,,,,
188,5/25/22 0:21,22.9,1.63,,,,
189,5/25/22 0:26,22.1,1.63,,,,
190,5/25/22 0:31,22.5,1.63,,,,
191,5/25/22 0:36,22.5,1.63,,,,
192,5/25/22 0:41,22.5,1.63,,,,
193,5/25/22 0:46,22.1,1.63,,,,
194,5/25/22 0:51,22.1,1.62,,,,
195,5/25/22 0:56,22.5,1.63,,,,
196,5/25/22 1:01,22.5,1.63,,,,
197,5/25/22 1:06,22.1,1.63,,,,
198,5/25/22 1:11,22.1,1.63,,,,
199,5/25/22 1:16,22.1,1.63,,,,
200,5/25/22 1:21,22.1,1.63,,,,
201,5/25/22 1:26,22.1,1.62,,,,
202,5/25/22 1:31,22.1,1.63,,,,
203,5/25/22 1:36,22.1,1.63,,,,
204,5/25/22 1:41,22.1,1.64,,,,
205,5/25/22 1:46,22.5,1.63,,,,
206,5/25/22 1:51,22.1,1.63,,,,
207,5/25/22 1:56,22.1,1.63,,,,
208,5/25/22 2:01,22.1,1.63,,,,
209,5/25/22 2:06,22.1,1.63,,,,
210,5/25/22 2:11,21.7,1.63,,,,
211,5/25/22 2:16,22.1,1.63,,,,
212,5/25/22 2:21,22.1,1.63,,,,
213,5/25/22 2:26,22.1,1.63,,,,
214,5/25/22 2:31,22.1,1.63,,,,
215,5/25/22 2:36,22.1,1.63,,,,
216,5/25/22 2:41,22.1,1.63,,,,
217,5/25/22 2:46,22.1,1.62,,,,
218,5/25/22 2:51,21.7,1.63,,,,
219,5/25/22 2:56,22.1,1.63,,,,
220,5/25/22 3:01,21.7,1.63,,,,
221,5/25/22 3:06,21.7,1.63,,,,
222,5/25/22 3:11,21.7,1.62,,,,
223,5/25/22 3:16,21.7,1.63,,,,
224,5/25/22 3:21,21.7,1.62,,,,
225,5/25/22 3:26,21.7,1.63,,,,
226,5/25/22 3:31,21.7,1.63,,,,
227,5/25/22 3:36,21.7,1.63,,,,
228,5/25/22 3:41,21.7,1.63,,,,
229,5/25/22 3:46,21.7,1.62,,,,
230,5/25/22 3:51,21.7,1.63,,,,
231,5/25/22 3:56,21.7,1.63,,,,
232,5/25/22 4:01,21.7,1.63,,,,
233,5/25/22 4:06,21.7,1.63,,,,
234,5/25/22 4:11,21.7,1.62,,,,
235,5/25/22 4:16,21.7,1.62,,,,
236,5/25/22 4:21,21.7,1.62,,,,
237,5/25/22 4:26,21.7,1.63,,,,
238,5/25/22 4:31,21.7,1.63,,,,
239,5/25/22 4:36,21.7,1.62,,,,
240,5/25/22 4:41,21.7,1.63,,,,
241,5/25/22 4:46,21.7,1.63,,,,
242,5/25/22 4:51,21.7,1.62,,,,
243,5/25/22 4:56,21.7,1.63,,,,
244,5/25/22 5:01,21.7,1.63,,,,
245,5/25/22 5:06,21.7,1.62,,,,
246,5/25/22 5:11,21.7,1.63,,,,
247,5/25/22 5:16,21.7,1.6,,,,
248,5/25/22 5:21,21.7,1.62,,,,
249,5/25/22 5:26,21.7,1.62,,,,
250,5/25/22 5:31,21.7,1.6,,,,
251,5/25/22 5:36,21.7,1.62,,,,
252,5/25/22 5:41,21.7,1.62,,,,
253,5/25/22 5:46,21.7,1.62,,,,
254,5/25/22 5:51,21.7,1.62,,,,
255,5/25/22 5:56,21.7,1.62,,,,
256,5/25/22 6:01,21.7,1.6,,,,
257,5/25/22 6:06,21.7,1.62,,,,
258,5/25/22 6:11,21.7,1.62,,,,
259,5/25/22 6:16,21.3,1.62,,,,
260,5/25/22 6:21,21.7,1.62,,,,
261,5/25/22 6:26,21.7,1.62,,,,
262,5/25/22 6:31,21.7,1.63,,,,
263,5/25/22 6:36,21.7,1.6,,,,
264,5/25/22 6:41,21.7,1.6,,,,
265,5/25/22 6:46,21.7,1.62,,,,
266,5/25/22 6:51,21.7,1.62,,,,
267,5/25/22 6:56,21.7,1.63,,,,
268,5/25/22 7:01,21.7,1.62,,,,
269,5/25/22 7:06,21.7,1.62,,,,
270,5/25/22 7:11,21.7,1.62,,,,
271,5/25/22 7:16,21.7,1.62,,,,
272,5/25/22 7:21,21.7,1.62,,,,
273,5/25/22 7:26,21.7,1.62,,,,
274,5/25/22 7:31,21.7,1.62,,,,
275,5/25/22 7:36,21.7,1.6,,,,
276,5/25/22 7:41,21.7,1.62,,,,
277,5/25/22 7:46,21.7,1.6,,,,
278,5/25/22 7:51,21.7,1.62,,,,
279,5/25/22 7:56,21.7,1.6,,,,
280,5/25/22 8:01,21.7,1.6,,,,
281,5/25/22 8:06,21.7,1.62,,,,
282,5/25/22 8:11,21.7,1.62,,,,
283,5/25/22 8:16,21.7,1.62,,,,
284,5/25/22 8:21,21.7,1.62,,,,
285,5/25/22 8:26,21.7,1.62,,,,
286,5/25/22 8:31,21.7,1.6,,,,
287,5/25/22 8:36,21.7,1.62,,,,
288,5/25/22 8:41,21.7,1.6,,,,
289,5/25/22 8:46,21.7,1.6,,,,
290,5/25/22 8:51,21.7,1.6,,,,
291,5/25/22 8:56,21.7,1.62,,,,
292,5/25/22 9:01,21.7,1.6,,,,
293,5/25/22 9:06,21.7,1.6,,,,
294,5/25/22 9:11,21.3,1.62,,,,
295,5/25/22 9:16,21.7,1.6,,,,
296,5/25/22 9:21,21.3,1.62,,,,
297,5/25/22 9:26,21.7,1.6,,,,
298,5/25/22 9:31,21.7,1.6,,,,
299,5/25/22 9:36,21.3,1.62,,,,
300,5/25/22 9:41,21.7,1.6,,,,
301,5/25/22 9:46,21.7,1.62,,,,
302,5/25/22 9:51,21.7,1.6,,,,
303,5/25/22 9:56,21.3,1.6,,,,
304,5/25/22 10:01,21.7,1.6,,,,
305,5/25/22 10:06,21.7,1.6,,,,
306,5/25/22 10:11,21.7,1.62,,,,
307,5/25/22 10:16,21.7,1.62,,,,
308,5/25/22 10:21,21.7,1.6,,,,
309,5/25/22 10:26,21.7,1.59,,,,
310,5/25/22 10:31,21.3,1.6,,,,
311,5/25/22 10:36,20.9,1.6,,,,
312,5/25/22 10:41,20.9,1.62,,,,
313,5/25/22 10:46,21.3,1.59,,,,
314,5/25/22 10:51,20.9,1.59,,,,
315,5/25/22 10:56,21.3,1.59,,,,
316,5/25/22 11:01,21.3,1.59,,,,
317,5/25/22 11:06,21.3,1.6,,,,
318,5/25/22 11:11,21.3,1.6,,,,
319,5/25/22 11:16,21.3,1.6,,,,
320,5/25/22 11:21,21.3,1.6,,,,
321,5/25/22 11:26,21.3,1.59,,,,
322,5/25/22 11:31,21.7,1.6,,,,
323,5/25/22 11:36,21.3,1.59,,,,
324,5/25/22 11:41,20.9,1.6,,,,
325,5/25/22 11:46,20.9,1.6,,,,
326,5/25/22 11:51,21.3,1.59,,,,
327,5/25/22 11:56,21.3,1.59,,,,
328,5/25/22 12:01,21.7,1.6,,,,
329,5/25/22 12:06,21.3,1.6,,,,
330,5/25/22 12:11,21.3,1.59,,,,
331,5/25/22 12:16,20.9,1.6,,,,
332,5/25/22 12:21,21.3,1.6,,,,
333,5/25/22 12:26,21.3,1.6,,,,
334,5/25/22 12:31,21.3,1.6,,,,
335,5/25/22 12:36,21.3,1.59,,,,
336,5/25/22 12:41,20.9,1.59,,,,
337,5/25/22 12:46,21.3,1.59,,,,
338,5/25/22 12:51,21.3,1.6,,,,
339,5/25/22 12:56,20.9,1.6,,,,
340,5/25/22 13:01,21.3,1.6,,,,
341,5/25/22 13:06,20.9,1.59,,,,
342,5/25/22 13:11,20.9,1.59,,,,
343,5/25/22 13:16,20.9,1.6,,,,
344,5/25/22 13:21,20.9,1.6,,,,
345,5/25/22 13:26,20.9,1.59,,,,
346,5/25/22 13:31,20.9,1.59,,,,
347,5/25/22 13:36,20.9,1.59,,,,
348,5/25/22 13:41,20.9,1.59,,,,
349,5/25/22 13:46,20.9,1.59,,,,
350,5/25/22 13:51,20.6,1.6,,,,
351,5/25/22 13:56,20.6,1.59,,,,
352,5/25/22 14:01,20.6,1.6,,,,
353,5/25/22 14:06,20.9,1.59,,,,
354,5/25/22 14:11,20.6,1.6,,,,
355,5/25/22 14:16,20.6,1.59,,,,
356,5/25/22 14:21,20.6,1.58,,,,
357,5/25/22 14:26,20.6,1.59,,,,
358,5/25/22 14:31,20.6,1.59,,,,
359,5/25/22 14:36,20.6,1.59,,,,
360,5/25/22 14:41,20.6,1.59,,,,
361,5/25/22 14:46,20.6,1.58,,,,
362,5/25/22 14:51,20.6,1.59,,,,
363,5/25/22 14:56,20.6,1.59,,,,
364,5/25/22 15:01,20.6,1.59,,,,
365,5/25/22 15:06,20.6,1.59,,,,
366,5/25/22 15:11,20.6,1.58,,,,
367,5/25/22 15:16,20.6,1.59,,,,
368,5/25/22 15:21,20.6,1.59,,,,
369,5/25/22 15:26,20.6,1.59,,,,
370,5/25/22 15:31,20.2,1.59,,,,
371,5/25/22 15:36,20.2,1.59,,,,
372,5/25/22 15:41,20.6,1.59,,,,
373,5/25/22 15:46,20.2,1.58,,,,
374,5/25/22 15:51,20.2,1.59,,,,
375,5/25/22 15:56,20.2,1.59,,,,
376,5/25/22 16:01,20.6,1.58,,,,
377,5/25/22 16:06,20.2,1.59,,,,
378,5/25/22 16:11,20.2,1.57,,,,
379,5/25/22 16:16,20.2,1.59,,,,
380,5/25/22 16:21,20.6,1.59,,,,
381,5/25/22 16:26,20.2,1.58,,,,
382,5/25/22 16:31,20.6,1.58,,,,
383,5/25/22 16:36,20.2,1.59,,,,
384,5/25/22 16:41,20.2,1.58,,,,
385,5/25/22 16:46,20.2,1.58,,,,
386,5/25/22 16:51,20.6,1.58,,,,
387,5/25/22 16:56,20.2,1.57,,,,
388,5/25/22 17:01,20.2,1.58,,,,
389,5/25/22 17:06,20.6,1.59,,,,
390,5/25/22 17:11,20.2,1.58,,,,
391,5/25/22 17:16,20.2,1.58,,,,
392,5/25/22 17:21,20.2,1.58,,,,
393,5/25/22 17:26,20.2,1.58,,,,
394,5/25/22 17:31,20.2,1.58,,,,
395,5/25/22 17:36,20.2,1.58,,,,
396,5/25/22 17:41,20.2,1.57,,,,
397,5/25/22 17:46,20.2,1.58,,,,
398,5/25/22 17:51,20.2,1.58,,,,
399,5/25/22 17:56,20.2,1.58,,,,
400,5/25/22 18:01,20.6,1.58,,,,
401,5/25/22 18:06,20.2,1.58,,,,
402,5/25/22 18:11,19.8,1.58,,,,
403,5/25/22 18:16,20.6,1.58,,,,
404,5/25/22 18:21,19.8,1.58,,,,
405,5/25/22 18:26,20.2,1.58,,,,
406,5/25/22 18:31,20.2,1.57,,,,
407,5/25/22 18:36,19.8,1.58,,,,
408,5/25/22 18:41,20.2,1.59,,,,
409,5/25/22 18:46,20.2,1.58,,,,
410,5/25/22 18:51,20.2,1.57,,,,
411,5/25/22 18:56,20.2,1.58,,,,
412,5/25/22 19:01,20.2,1.57,,,,
413,5/25/22 19:06,20.6,1.57,,,,
414,5/25/22 19:11,20.2,1.58,,,,
415,5/25/22 19:16,20.2,1.57,,,,
416,5/25/22 19:21,20.2,1.57,,,,
417,5/25/22 19:26,20.2,1.57,,,,
418,5/25/22 19:31,20.2,1.58,,,,
419,5/25/22 19:36,20.2,1.58,,,,
420,5/25/22 19:41,20.2,1.57,,,,
421,5/25/22 19:46,20.2,1.57,,,,
422,5/25/22 19:51,20.2,1.57,,,,
423,5/25/22 19:56,19.8,1.57,,,,
424,5/25/22 20:01,19.8,1.57,,,,
425,5/25/22 20:06,20.2,1.57,,,,
426,5/25/22 20:11,19.8,1.57,,,,
427,5/25/22 20:16,19.8,1.58,,,,
428,5/25/22 20:21,20.2,1.57,,,,
429,5/25/22 20:26,20.2,1.58,,,,
430,5/25/22 20:31,19.8,1.57,,,,
431,5/25/22 20:36,19.8,1.58,,,,
432,5/25/22 20:41,20.2,1.57,,,,
433,5/25/22 20:46,19.8,1.57,,,,
434,5/25/22 20:51,19.8,1.57,,,,
435,5/25/22 20:56,19.8,1.57,,,,
436,5/25/22 21:01,19.8,1.57,,,,
437,5/25/22 21:06,19.8,1.58,,,,
438,5/25/22 21:11,20.2,1.58,,,,
439,5/25/22 21:16,19.8,1.57,,,,
440,5/25/22 21:21,19.8,1.57,,,,
441,5/25/22 21:26,19.8,1.57,,,,
442,5/25/22 21:31,19.8,1.57,,,,
443,5/25/22 21:36,19.8,1.57,,,,
444,5/25/22 21:41,19.8,1.57,,,,
445,5/25/22 21:46,19.8,1.57,,,,
446,5/25/22 21:51,19.8,1.57,,,,
447,5/25/22 21:56,19.8,1.55,,,,
448,5/25/22 22:01,19.8,1.57,,,,
449,5/25/22 22:06,20.2,1.57,,,,
450,5/25/22 22:11,20.2,1.57,,,,
451,5/25/22 22:16,19.8,1.57,,,,
452,5/25/22 22:21,19.8,1.57,,,,
453,5/25/22 22:26,19.8,1.57,,,,
454,5/25/22 22:31,19.8,1.55,,,,
455,5/25/22 22:36,19.8,1.55,,,,
456,5/25/22 22:41,20.2,1.57,,,,
457,5/25/22 22:46,19.8,1.55,,,,
458,5/25/22 22:51,19.8,1.57,,,,
459,5/25/22 22:56,19.8,1.57,,,,
460,5/25/22 23:01,20.2,1.57,,,,
461,5/25/22 23:06,19.8,1.55,,,,
462,5/25/22 23:11,19.8,1.57,,,,
463,5/25/22 23:16,19.8,1.55,,,,
464,5/25/22 23:21,19.8,1.55,,,,
465,5/25/22 23:26,19.8,1.57,,,,
466,5/25/22 23:31,19.8,1.57,,,,
467,5/25/22 23:36,19.8,1.57,,,,
468,5/25/22 23:41,19.8,1.57,,,,
469,5/25/22 23:46,19.8,1.55,,,,
470,5/25/22 23:51,19.8,1.55,,,,
471,5/25/22 23:56,19.8,1.55,,,,
472,5/26/22 0:01,19.8,1.55,,,,
473,5/26/22 0:06,19.8,1.55,,,,
474,5/26/22 0:11,19.8,1.55,,,,
475,5/26/22 0:16,19.8,1.57,,,,
476,5/26/22 0:21,19.8,1.57,,,,
477,5/26/22 0:26,20.2,1.57,,,,
478,5/26/22 0:31,19.8,1.55,,,,
479,5/26/22 0:36,19.8,1.55,,,,
480,5/26/22 0:41,19.8,1.55,,,,
481,5/26/22 0:46,19.8,1.55,,,,
482,5/26/22 0:51,19.8,1.55,,,,
483,5/26/22 0:56,19.8,1.55,,,,
484,5/26/22 1:01,19.8,1.57,,,,
485,5/26/22 1:06,19.8,1.55,,,,
486,5/26/22 1:11,19.8,1.55,,,,
487,5/26/22 1:16,19.8,1.55,,,,
488,5/26/22 1:21,19.8,1.55,,,,
489,5/26/22 1:26,19.8,1.55,,,,
490,5/26/22 1:31,19.8,1.55,,,,
491,5/26/22 1:36,19.8,1.55,,,,
492,5/26/22 1:41,19.8,1.55,,,,
493,5/26/22 1:46,20.2,1.57,,,,
494,5/26/22 1:51,19.8,1.55,,,,
495,5/26/22 1:56,19.8,1.55,,,,
496,5/26/22 2:01,19.8,1.55,,,,
497,5/26/22 2:06,19.8,1.55,,,,
498,5/26/22 2:11,19.8,1.57,,,,
499,5/26/22 2:16,19.8,1.55,,,,
500,5/26/22 2:21,19.8,1.55,,,,
501,5/26/22 2:26,19.8,1.55,,,,
502,5/26/22 2:31,19.8,1.55,,,,
503,5/26/22 2:36,19.8,1.55,,,,
504,5/26/22 2:41,19.8,1.55,,,,
505,5/26/22 2:46,19.8,1.55,,,,
506,5/26/22 2:51,19.8,1.55,,,,
507,5/26/22 2:56,19.8,1.55,,,,
508,5/26/22 3:01,19.8,1.55,,,,
509,5/26/22 3:06,19.8,1.55,,,,
510,5/26/22 3:11,19.8,1.55,,,,
511,5/26/22 3:16,19.8,1.55,,,,
512,5/26/22 3:21,19.8,1.55,,,,
513,5/26/22 3:26,19.8,1.55,,,,
514,5/26/22 3:31,19.8,1.55,,,,
515,5/26/22 3:36,19.8,1.55,,,,
516,5/26/22 3:41,19.8,1.57,,,,
517,5/26/22 3:46,19.8,1.55,,,,
518,5/26/22 3:51,19.8,1.55,,,,
519,5/26/22 3:56,19.8,1.55,,,,
520,5/26/22 4:01,19.8,1.55,,,,
521,5/26/22 4:06,19.8,1.55,,,,
522,5/26/22 4:11,19.8,1.55,,,,
523,5/26/22 4:16,19.8,1.55,,,,
524,5/26/22 4:21,19.8,1.57,,,,
525,5/26/22 4:26,19.8,1.55,,,,
526,5/26/22 4:31,19.8,1.55,,,,
527,5/26/22 4:36,19.8,1.55,,,,
528,5/26/22 4:41,19.8,1.55,,,,
529,5/26/22 4:46,19.8,1.54,,,,
530,5/26/22 4:51,19.8,1.55,,,,
531,5/26/22 4:56,19.8,1.57,,,,
532,5/26/22 5:01,19.8,1.57,,,,
533,5/26/22 5:06,19.8,1.55,,,,
534,5/26/22 5:11,19.8,1.57,,,,
535,5/26/22 5:16,19.8,1.57,,,,
536,5/26/22 5:21,19.8,1.55,,,,
537,5/26/22 5:26,19.8,1.55,,,,
538,5/26/22 5:31,19.8,1.55,,,,
539,5/26/22 5:36,19.8,1.55,,,,
540,5/26/22 5:41,19.8,1.54,,,,
541,5/26/22 5:46,19.8,1.57,,,,
542,5/26/22 5:51,19.8,1.55,,,,
543,5/26/22 5:56,19.8,1.55,,,,
544,5/26/22 6:01,19.8,1.55,,,,
545,5/26/22 6:06,19.8,1.57,,,,
546,5/26/22 6:11,19.4,1.55,,,,
547,5/26/22 6:16,19.8,1.57,,,,
548,5/26/22 6:21,19.8,1.55,,,,
549,5/26/22 6:26,19.8,1.57,,,,
550,5/26/22 6:31,19.8,1.55,,,,
551,5/26/22 6:36,19.8,1.55,,,,
552,5/26/22 6:41,19.8,1.55,,,,
553,5/26/22 6:46,19.8,1.57,,,,
554,5/26/22 6:51,19.8,1.57,,,,
555,5/26/22 6:56,19.8,1.55,,,,
556,5/26/22 7:01,19.8,1.57,,,,
557,5/26/22 7:06,19.8,1.57,,,,
558,5/26/22 7:11,19.8,1.55,,,,
559,5/26/22 7:16,19.8,1.57,,,,
560,5/26/22 7:21,19.8,1.55,,,,
561,5/26/22 7:26,19.8,1.55,,,,
562,5/26/22 7:31,19.8,1.55,,,,
563,5/26/22 7:36,19.8,1.57,,,,
564,5/26/22 7:41,19.8,1.55,,,,
565,5/26/22 7:46,19.8,1.55,,,,
566,5/26/22 7:51,19.8,1.55,,,,
567,5/26/22 7:56,19.8,1.55,,,,
568,5/26/22 8:01,19.8,1.55,,,,
569,5/26/22 8:06,19.8,1.55,,,,
570,5/26/22 8:11,19.8,1.57,,,,
571,5/26/22 8:16,19.8,1.57,,,,
572,5/26/22 8:21,19.8,1.57,,,,
573,5/26/22 8:26,19.8,1.57,,,,
574,5/26/22 8:31,19.8,1.57,,,,
575,5/26/22 8:36,19.8,1.57,,,,
576,5/26/22 8:41,19.8,1.57,,,,
577,5/26/22 8:46,19.8,1.57,,,,
578,5/26/22 8:51,19.8,1.57,,,,
579,5/26/22 8:56,19.8,1.58,,,,
580,5/26/22 9:01,19.8,1.57,,,,
581,5/26/22 9:06,19.8,1.55,,,,
582,5/26/22 9:11,19.4,1.55,,,,
583,5/26/22 9:16,19.8,1.55,,,,
584,5/26/22 9:21,19.8,1.55,,,,
585,5/26/22 9:26,19.8,1.57,,,,
586,5/26/22 9:31,19.8,1.55,,,,
587,5/26/22 9:36,19.8,1.55,,,,
588,5/26/22 9:41,19.8,1.57,,,,
589,5/26/22 9:46,19.8,1.55,,,,
590,5/26/22 9:51,19.8,1.57,,,,
591,5/26/22 9:56,19.8,1.55,,,,
592,5/26/22 10:01,19.8,1.55,,,,
593,5/26/22 10:06,19.8,1.55,,,,
594,5/26/22 10:11,19.8,1.57,,,,
595,5/26/22 10:16,19.8,1.55,,,,
596,5/26/22 10:21,19.8,1.57,,,,
597,5/26/22 10:26,19.8,1.55,,,,
598,5/26/22 10:31,19.8,1.57,,,,
599,5/26/22 10:36,19.8,1.55,,,,
600,5/26/22 10:41,19.8,1.57,,,,
601,5/26/22 10:46,19.8,1.55,,,,
602,5/26/22 10:51,19.8,1.55,,,,
603,5/26/22 10:56,19.8,1.55,,,,
604,5/26/22 11:01,19.8,1.55,,,,
605,5/26/22 11:06,19.8,1.57,,,,
606,5/26/22 11:11,19.4,1.57,,,,
607,5/26/22 11:16,19.8,1.57,,,,
608,5/26/22 11:21,19.8,1.57,,,,
609,5/26/22 11:26,19.8,1.55,,,,
610,5/26/22 11:31,19.8,1.55,,,,
611,5/26/22 11:36,19.8,1.57,,,,
612,5/26/22 11:41,19.8,1.57,,,,
613,5/26/22 11:46,19.8,1.57,,,,
614,5/26/22 11:51,19.8,1.57,,,,
615,5/26/22 11:56,19.8,1.55,,,,
616,5/26/22 12:01,19.8,1.55,,,,
617,5/26/22 12:06,19.8,1.55,,,,
618,5/26/22 12:11,19.8,1.55,,,,
619,5/26/22 12:16,19.8,1.55,,,,
620,5/26/22 12:21,19.8,1.57,,,,
621,5/26/22 12:26,19.8,1.57,,,,
622,5/26/22 12:31,19.8,1.57,,,,
623,5/26/22 12:36,19.8,1.57,,,,
624,5/26/22 12:41,19.8,1.57,,,,
625,5/26/22 12:46,19.8,1.55,,,,
626,5/26/22 12:51,19.8,1.58,,,,
627,5/26/22 12:56,19.8,1.57,,,,
628,5/26/22 13:01,19.8,1.57,,,,
629,5/26/22 13:06,19.8,1.57,,,,
630,5/26/22 13:11,19.8,1.57,,,,
631,5/26/22 13:16,19.8,1.57,,,,
632,5/26/22 13:21,19.8,1.55,,,,
633,5/26/22 13:26,19.8,1.57,,,,
634,5/26/22 13:31,19.8,1.55,,,,
635,5/26/22 13:36,19.8,1.57,,,,
636,5/26/22 13:41,19.8,1.55,,,,
637,5/26/22 13:46,19.8,1.57,,,,
638,5/26/22 13:51,19.8,1.57,,,,
639,5/26/22 13:56,19.8,1.55,,,,
640,5/26/22 14:01,19.8,1.55,,,,
641,5/26/22 14:06,19.8,1.57,,,,
642,5/26/22 14:11,19.8,1.57,,,,
643,5/26/22 14:16,19.4,1.55,,,,
644,5/26/22 14:21,19.4,1.55,,,,
645,5/26/22 14:26,19.8,1.55,,,,
646,5/26/22 14:31,19.8,1.57,,,,
647,5/26/22 14:36,19.8,1.57,,,,
648,5/26/22 14:41,19.8,1.57,,,,
649,5/26/22 14:46,19.8,1.57,,,,
650,5/26/22 14:51,19.8,1.55,,,,
651,5/26/22 14:56,19.8,1.55,,,,
652,5/26/22 15:01,19.8,1.57,,,,
653,5/26/22 15:06,19.8,1.55,,,,
654,5/26/22 15:11,19.8,1.55,,,,
655,5/26/22 15:16,19.8,1.57,,,,
656,5/26/22 15:21,19.8,1.55,,,,
657,5/26/22 15:26,19.4,1.55,,,,
658,5/26/22 15:31,19.8,1.57,,,,
659,5/26/22 15:36,19.4,1.55,,,,
660,5/26/22 15:41,19.8,1.57,,,,
661,5/26/22 15:46,19.8,1.55,,,,
662,5/26/22 15:51,19.8,1.57,,,,
663,5/26/22 15:56,19.8,1.57,,,,
664,5/26/22 16:01,19.8,1.57,,,,
665,5/26/22 16:06,19.8,1.55,,,,
666,5/26/22 16:11,19.8,1.57,,,,
667,5/26/22 16:16,19.8,1.57,,,,
668,5/26/22 16:21,19.8,1.55,,,,
669,5/26/22 16:26,19.8,1.58,,,,
670,5/26/22 16:31,19.4,1.55,,,,
671,5/26/22 16:36,19.8,1.57,,,,
672,5/26/22 16:41,19.8,1.57,,,,
673,5/26/22 16:46,19.8,1.55,,,,
674,5/26/22 16:51,19.8,1.57,,,,
675,5/26/22 16:56,19.4,1.57,,,,
676,5/26/22 17:01,19.8,1.55,,,,
677,5/26/22 17:06,19.8,1.57,,,,
678,5/26/22 17:11,19.8,1.57,,,,
679,5/26/22 17:16,19.8,1.57,,,,
680,5/26/22 17:21,19.8,1.57,,,,
681,5/26/22 17:26,19.8,1.57,,,,
682,5/26/22 17:31,19.8,1.55,,,,
683,5/26/22 17:36,19.4,1.57,,,,
684,5/26/22 17:41,19.8,1.57,,,,
685,5/26/22 17:46,19.8,1.57,,,,
686,5/26/22 17:51,19.8,1.57,,,,
687,5/26/22 17:56,19.8,1.57,,,,
688,5/26/22 18:01,19.8,1.55,,,,
689,5/26/22 18:06,19.8,1.57,,,,
690,5/26/22 18:11,19.8,1.57,,,,
691,5/26/22 18:16,19.8,1.55,,,,
692,5/26/22 18:21,19.8,1.58,,,,
693,5/26/22 18:26,19.4,1.57,,,,
694,5/26/22 18:31,19.8,1.57,,,,
695,5/26/22 18:36,19.8,1.57,,,,
696,5/26/22 18:41,19.8,1.55,,,,
697,5/26/22 18:46,19.8,1.57,,,,
698,5/26/22 18:51,19.8,1.55,,,,
699,5/26/22 18:56,19.8,1.55,,,,
700,5/26/22 19:01,19.4,1.55,,,,
701,5/26/22 19:06,19.8,1.55,,,,
702,5/26/22 19:11,19.8,1.55,,,,
703,5/26/22 19:16,19.8,1.57,,,,
704,5/26/22 19:21,19.8,1.55,,,,
705,5/26/22 19:26,19.4,1.55,,,,
706,5/26/22 19:31,19.8,1.55,,,,
707,5/26/22 19:36,19.8,1.57,,,,
708,5/26/22 19:41,19.4,1.55,,,,
709,5/26/22 19:46,19.8,1.58,,,,
710,5/26/22 19:51,19.8,1.57,,,,
711,5/26/22 19:56,19.8,1.57,,,,
712,5/26/22 20:01,19.4,1.55,,,,
713,5/26/22 20:06,19.8,1.55,,,,
714,5/26/22 20:11,19.8,1.57,,,,
715,5/26/22 20:16,19.8,1.55,,,,
716,5/26/22 20:21,19.8,1.57,,,,
717,5/26/22 20:26,19.8,1.55,,,,
718,5/26/22 20:31,19.8,1.57,,,,
719,5/26/22 20:36,19.8,1.55,,,,
720,5/26/22 20:41,19.8,1.55,,,,
721,5/26/22 20:46,19.4,1.57,,,,
722,5/26/22 20:51,19.4,1.57,,,,
723,5/26/22 20:56,19.4,1.55,,,,
724,5/26/22 21:01,19.4,1.57,,,,
725,5/26/22 21:06,19.8,1.55,,,,
726,5/26/22 21:11,19.8,1.57,,,,
727,5/26/22 21:16,19.8,1.55,,,,
728,5/26/22 21:21,19.4,1.57,,,,
729,5/26/22 21:26,19.8,1.57,,,,
730,5/26/22 21:31,19.8,1.55,,,,
731,5/26/22 21:36,19.8,1.57,,,,
732,5/26/22 21:41,19.8,1.57,,,,
733,5/26/22 21:46,19.8,1.57,,,,
734,5/26/22 21:51,19.8,1.57,,,,
735,5/26/22 21:56,19.8,1.57,,,,
736,5/26/22 22:01,19.8,1.55,,,,
737,5/26/22 22:06,19.8,1.55,,,,
738,5/26/22 22:11,19.8,1.57,,,,
739,5/26/22 22:16,19.8,1.57,,,,
740,5/26/22 22:21,19.8,1.57,,,,
741,5/26/22 22:26,19.4,1.55,,,,
742,5/26/22 22:31,19.8,1.57,,,,
743,5/26/22 22:36,19.8,1.57,,,,
744,5/26/22 22:41,19.8,1.57,,,,
745,5/26/22 22:46,19.8,1.57,,,,
746,5/26/22 22:51,19.8,1.57,,,,
747,5/26/22 22:56,19.8,1.57,,,,
748,5/26/22 23:01,19.8,1.55,,,,
749,5/26/22 23:06,19.8,1.57,,,,
750,5/26/22 23:11,19.8,1.55,,,,
751,5/26/22 23:16,19.8,1.57,,,,
752,5/26/22 23:21,19.8,1.57,,,,
753,5/26/22 23:26,19.8,1.57,,,,
754,5/26/22 23:31,19.4,1.57,,,,
755,5/26/22 23:36,19.8,1.57,,,,
756,5/26/22 23:41,19.8,1.57,,,,
757,5/26/22 23:46,19.8,1.57,,,,
758,5/26/22 23:51,19.8,1.57,,,,
759,5/26/22 23:56,19.4,1.58,,,,
760,5/27/22 0:01,19.4,1.57,,,,
761,5/27/22 0:06,19.4,1.57,,,,
762,5/27/22 0:11,19.8,1.58,,,,
763,5/27/22 0:16,19.8,1.57,,,,
764,5/27/22 0:21,19.8,1.58,,,,
765,5/27/22 0:26,19.8,1.58,,,,
766,5/27/22 0:31,19.8,1.57,,,,
767,5/27/22 0:36,19.8,1.57,,,,
768,5/27/22 0:41,19.4,1.58,,,,
769,5/27/22 0:46,19.8,1.57,,,,
770,5/27/22 0:51,19.8,1.57,,,,
771,5/27/22 0:56,19.8,1.58,,,,
772,5/27/22 1:01,19.8,1.57,,,,
773,5/27/22 1:06,19.4,1.58,,,,
774,5/27/22 1:11,19.4,1.58,,,,
775,5/27/22 1:16,19.4,1.58,,,,
776,5/27/22 1:21,19.8,1.57,,,,
777,5/27/22 1:26,19.8,1.57,,,,
778,5/27/22 1:31,19.8,1.57,,,,
779,5/27/22 1:36,19.8,1.57,,,,
780,5/27/22 1:41,19.4,1.57,,,,
781,5/27/22 1:46,19.8,1.58,,,,
782,5/27/22 1:51,19.8,1.58,,,,
783,5/27/22 1:56,19.4,1.58,,,,
784,5/27/22 2:01,19.8,1.58,,,,
785,5/27/22 2:06,19.8,1.58,,,,
786,5/27/22 2:11,19.4,1.58,,,,
787,5/27/22 2:16,19.8,1.58,,,,
788,5/27/22 2:21,19.8,1.57,,,,
789,5/27/22 2:26,19.8,1.58,,,,
790,5/27/22 2:31,19.4,1.57,,,,
791,5/27/22 2:36,19.4,1.58,,,,
792,5/27/22 2:41,19.8,1.58,,,,
793,5/27/22 2:46,19.8,1.58,,,,
794,5/27/22 2:51,19.8,1.58,,,,
795,5/27/22 2:56,19.8,1.58,,,,
796,5/27/22 3:01,19.4,1.58,,,,
797,5/27/22 3:06,19.4,1.58,,,,
798,5/27/22 3:11,19.4,1.59,,,,
799,5/27/22 3:16,19.8,1.59,,,,
800,5/27/22 3:21,19.8,1.58,,,,
801,5/27/22 3:26,19.8,1.59,,,,
802,5/27/22 3:31,19.8,1.58,,,,
803,5/27/22 3:36,19.8,1.59,,,,
804,5/27/22 3:41,19.8,1.59,,,,
805,5/27/22 3:46,19.8,1.59,,,,
806,5/27/22 3:51,19.8,1.58,,,,
807,5/27/22 3:56,19.4,1.59,,,,
808,5/27/22 4:01,19.8,1.58,,,,
809,5/27/22 4:06,19.8,1.59,,,,
810,5/27/22 4:11,19.4,1.6,,,,
811,5/27/22 4:16,19.8,1.58,,,,
812,5/27/22 4:21,19.4,1.6,,,,
813,5/27/22 4:26,19.8,1.59,,,,
814,5/27/22 4:31,19.8,1.59,,,,
815,5/27/22 4:36,19.4,1.59,,,,
816,5/27/22 4:41,19.8,1.59,,,,
817,5/27/22 4:46,19.4,1.59,,,,
818,5/27/22 4:51,19.8,1.6,,,,
819,5/27/22 4:56,19.8,1.6,,,,
820,5/27/22 5:01,19.4,1.6,,,,
821,5/27/22 5:06,19.8,1.6,,,,
822,5/27/22 5:11,19.8,1.59,,,,
823,5/27/22 5:16,19.4,1.59,,,,
824,5/27/22 5:21,19.4,1.6,,,,
825,5/27/22 5:26,19.4,1.6,,,,
826,5/27/22 5:31,19.8,1.6,,,,
827,5/27/22 5:36,19.8,1.6,,,,
828,5/27/22 5:41,19.4,1.6,,,,
829,5/27/22 5:46,19.8,1.62,,,,
830,5/27/22 5:51,19.8,1.6,,,,
831,5/27/22 5:56,19.8,1.6,,,,
832,5/27/22 6:01,19.8,1.6,,,,
833,5/27/22 6:06,19.8,1.6,,,,
834,5/27/22 6:11,19.4,1.62,,,,
835,5/27/22 6:16,19.4,1.62,,,,
836,5/27/22 6:21,19.8,1.62,,,,
837,5/27/22 6:26,19.8,1.6,,,,
838,5/27/22 6:31,19.4,1.6,,,,
839,5/27/22 6:36,19.8,1.62,,,,
840,5/27/22 6:41,19.8,1.6,,,,
841,5/27/22 6:46,19.8,1.6,,,,
842,5/27/22 6:51,19.4,1.62,,,,
843,5/27/22 6:56,19.8,1.63,,,,
844,5/27/22 7:01,19.8,1.62,,,,
845,5/27/22 7:06,19.8,1.6,,,,
846,5/27/22 7:11,19.4,1.62,,,,
847,5/27/22 7:16,19.4,1.62,,,,
848,5/27/22 7:21,19.4,1.63,,,,
849,5/27/22 7:26,19.8,1.62,,,,
850,5/27/22 7:31,19.8,1.62,,,,
851,5/27/22 7:36,19.8,1.62,,,,
852,5/27/22 7:41,19.4,1.62,,,,
853,5/27/22 7:46,19.4,1.62,,,,
854,5/27/22 7:51,19.8,1.63,,,,
855,5/27/22 7:56,19.4,1.63,,,,
856,5/27/22 8:01,19.8,1.63,,,,
857,5/27/22 8:06,19.8,1.63,,,,
858,5/27/22 8:11,19.8,1.63,,,,
859,5/27/22 8:16,19.8,1.63,,,,
860,5/27/22 8:21,19.4,1.63,,,,
861,5/27/22 8:26,19.8,1.63,,,,
862,5/27/22 8:31,19.4,1.63,,,,
863,5/27/22 8:36,19.4,1.63,,,,
864,5/27/22 8:41,19.4,1.63,,,,
865,5/27/22 8:46,19.8,1.64,,,,
866,5/27/22 8:51,19.4,1.63,,,,
867,5/27/22 8:56,19.8,1.64,,,,
868,5/27/22 9:01,19.8,1.63,,,,
869,5/27/22 9:06,19.8,1.63,,,,
870,5/27/22 9:11,19.8,1.64,,,,
871,5/27/22 9:16,19.8,1.64,,,,
872,5/27/22 9:21,19.8,1.64,,,,
873,5/27/22 9:26,19.8,1.64,,,,
874,5/27/22 9:31,19.4,1.64,,,,
875,5/27/22 9:36,19.4,1.63,,,,
876,5/27/22 9:41,19.4,1.63,,,,
877,5/27/22 9:46,19.4,1.64,,,,
878,5/27/22 9:51,19.4,1.64,,,,
879,5/27/22 9:56,19.8,1.66,,,,
880,5/27/22 10:01,19.4,1.64,,,,
881,5/27/22 10:06,19.4,1.64,,,,
882,5/27/22 10:11,19.8,1.64,,,,
883,5/27/22 10:16,19.4,1.64,,,,
884,5/27/22 10:21,19.8,1.64,,,,
885,5/27/22 10:26,19.8,1.66,,,,
886,5/27/22 10:31,19.4,1.66,,,,
887,5/27/22 10:36,19.8,1.64,,,,
888,5/27/22 10:41,19.8,1.64,,,,
889,5/27/22 10:46,19.4,1.66,,,,
890,5/27/22 10:51,19.8,1.66,,,,
891,5/27/22 10:56,19.4,1.66,,,,
892,5/27/22 11:01,19.4,1.66,,,,
893,5/27/22 11:06,19.8,1.66,,,,
894,5/27/22 11:11,19.8,1.66,,,,
895,5/27/22 11:16,19.4,1.66,,,,
896,5/27/22 11:21,19.4,1.66,,,,
897,5/27/22 11:26,19.8,1.66,,,,
898,5/27/22 11:31,19.8,1.67,,,,
899,5/27/22 11:36,19.4,1.66,,,,
900,5/27/22 11:41,19.4,1.66,,,,
901,5/27/22 11:46,19.8,1.66,,,,
902,5/27/22 11:51,19.8,1.67,,,,
903,5/27/22 11:56,19.8,1.67,,,,
904,5/27/22 12:01,19.4,1.67,,,,
905,5/27/22 12:06,19.8,1.67,,,,
906,5/27/22 12:11,19.4,1.67,,,,
907,5/27/22 12:16,19.4,1.67,,,,
908,5/27/22 12:21,19.8,1.67,,,,
909,5/27/22 12:26,19.4,1.67,,,,
910,5/27/22 12:31,19.4,1.67,,,,
911,5/27/22 12:36,19.4,1.68,,,,
912,5/27/22 12:41,19.8,1.68,,,,
913,5/27/22 12:46,19.8,1.68,,,,
914,5/27/22 12:51,19.8,1.67,,,,
915,5/27/22 12:56,19.4,1.67,,,,
916,5/27/22 13:01,19.4,1.68,,,,
917,5/27/22 13:06,19.8,1.67,,,,
918,5/27/22 13:11,19.8,1.68,,,,
919,5/27/22 13:16,19.8,1.67,,,,
920,5/27/22 13:21,19.4,1.68,,,,
921,5/27/22 13:26,19.4,1.68,,,,
922,5/27/22 13:31,19.4,1.67,,,,
923,5/27/22 13:36,19.8,1.68,,,,
924,5/27/22 13:41,19.8,1.68,,,,
925,5/27/22 13:46,19.8,1.68,,,,
926,5/27/22 13:51,19.8,1.68,,,,
927,5/27/22 13:56,19.8,1.7,,,,
928,5/27/22 14:01,19.8,1.7,,,,
929,5/27/22 14:06,19.4,1.68,,,,
930,5/27/22 14:11,19.8,1.68,,,,
931,5/27/22 14:16,19.4,1.68,,,,
932,5/27/22 14:21,19.4,1.68,,,,
933,5/27/22 14:26,19.8,1.68,,,,
934,5/27/22 14:31,19.8,1.68,,,,
935,5/27/22 14:36,19.8,1.7,,,,
936,5/27/22 14:41,19.4,1.7,,,,
937,5/27/22 14:46,19.8,1.68,,,,
938,5/27/22 14:51,19.8,1.68,,,,
939,5/27/22 14:56,19.4,1.7,,,,
940,5/27/22 15:01,19.8,1.68,,,,
941,5/27/22 15:06,19.8,1.7,,,,
942,5/27/22 15:11,19.8,1.7,,,,
943,5/27/22 15:16,19.8,1.7,,,,
944,5/27/22 15:21,19.8,1.7,,,,
945,5/27/22 15:26,19.8,1.7,,,,
946,5/27/22 15:31,19.8,1.7,,,,
947,5/27/22 15:36,19.4,1.7,,,,
948,5/27/22 15:41,19.8,1.7,,,,
949,5/27/22 15:46,19.4,1.7,,,,
950,5/27/22 15:51,19.4,1.68,,,,
951,5/27/22 15:56,19.8,1.7,,,,
952,5/27/22 16:01,19.4,1.7,,,,
953,5/27/22 16:06,19.8,1.7,,,,
954,5/27/22 16:11,19.8,1.7,,,,
955,5/27/22 16:16,19.4,1.71,,,,
956,5/27/22 16:21,19.8,1.71,,,,
957,5/27/22 16:26,19.4,1.71,,,,
958,5/27/22 16:31,19.8,1.7,,,,
959,5/27/22 16:36,19.4,1.71,,,,
960,5/27/22 16:41,19.8,1.71,,,,
961,5/27/22 16:46,19.8,1.71,,,,
962,5/27/22 16:51,19.8,1.71,,,,
963,5/27/22 16:56,19.8,1.71,,,,
964,5/27/22 17:01,19.8,1.71,,,,
965,5/27/22 17:06,19.4,1.71,,,,
966,5/27/22 17:11,19.4,1.71,,,,
967,5/27/22 17:16,19.4,1.71,,,,
968,5/27/22 17:21,19.8,1.71,,,,
969,5/27/22 17:26,19.4,1.71,,,,
970,5/27/22 17:31,19.4,1.71,,,,
971,5/27/22 17:36,19.8,1.71,,,,
972,5/27/22 17:41,19.8,1.71,,,,
973,5/27/22 17:46,19.8,1.72,,,,
974,5/27/22 17:51,19.4,1.72,,,,
975,5/27/22 17:56,19.4,1.71,,,,
976,5/27/22 18:01,19.4,1.72,,,,
977,5/27/22 18:06,19.8,1.71,,,,
978,5/27/22 18:11,19.8,1.72,,,,
979,5/27/22 18:16,19.8,1.72,,,,
980,5/27/22 18:21,19.4,1.72,,,,
981,5/27/22 18:26,19.4,1.72,,,,
982,5/27/22 18:31,19.4,1.72,,,,
983,5/27/22 18:36,19.8,1.72,,,,
984,5/27/22 18:41,19.8,1.72,,,,
985,5/27/22 18:46,19.4,1.72,,,,
986,5/27/22 18:51,19.8,1.72,,,,
987,5/27/22 18:56,19.8,1.72,,,,
988,5/27/22 19:01,19.8,1.72,,,,
989,5/27/22 19:06,19.4,1.74,,,,
990,5/27/22 19:11,19.4,1.72,,,,
991,5/27/22 19:16,19.8,1.72,,,,
992,5/27/22 19:21,19.8,1.74,,,,
993,5/27/22 19:26,19.4,1.72,,,,
994,5/27/22 19:31,19.8,1.72,,,,
995,5/27/22 19:36,19.4,1.74,,,,
996,5/27/22 19:41,19.8,1.74,,,,
997,5/27/22 19:46,19.4,1.74,,,,
998,5/27/22 19:51,19.4,1.74,,,,
999,5/27/22 19:56,19.4,1.74,,,,
1000,5/27/22 20:01,19.4,1.74,,,,
1001,5/27/22 20:06,19.8,1.74,,,,
1002,5/27/22 20:11,19.4,1.72,,,,
1003,5/27/22 20:16,19.8,1.75,,,,
1004,5/27/22 20:21,19.8,1.74,,,,
1005,5/27/22 20:26,19.4,1.74,,,,
1006,5/27/22 20:31,19.8,1.74,,,,
1007,5/27/22 20:36,19.4,1.74,,,,
1008,5/27/22 20:41,19.4,1.74,,,,
1009,5/27/22 20:46,19.4,1.74,,,,
1010,5/27/22 20:51,19.4,1.75,,,,
1011,5/27/22 20:56,19.8,1.74,,,,
1012,5/27/22 21:01,19.8,1.72,,,,
1013,5/27/22 21:06,19.8,1.74,,,,
1014,5/27/22 21:11,19.8,1.75,,,,
1015,5/27/22 21:16,19.8,1.75,,,,
1016,5/27/22 21:21,19.8,1.74,,,,
1017,5/27/22 21:26,19.8,1.74,,,,
1018,5/27/22 21:31,19.4,1.74,,,,
1019,5/27/22 21:36,19.4,1.75,,,,
1020,5/27/22 21:41,19.4,1.75,,,,
1021,5/27/22 21:46,19.8,1.75,,,,
1022,5/27/22 21:51,19.4,1.74,,,,
1023,5/27/22 21:56,19.4,1.75,,,,
1024,5/27/22 22:01,19.8,1.75,,,,
1025,5/27/22 22:06,19.8,1.74,,,,
1026,5/27/22 22:11,19.4,1.75,,,,
1027,5/27/22 22:16,19.8,1.75,,,,
1028,5/27/22 22:21,19.4,1.76,,,,
1029,5/27/22 22:26,19.8,1.75,,,,
1030,5/27/22 22:31,19.8,1.74,,,,
1031,5/27/22 22:36,19.8,1.75,,,,
1032,5/27/22 22:41,19.8,1.75,,,,
1033,5/27/22 22:46,19.8,1.75,,,,
1034,5/27/22 22:51,19.4,1.75,,,,
1035,5/27/22 22:56,19.4,1.76,,,,
1036,5/27/22 23:01,19.4,1.76,,,,
1037,5/27/22 23:06,19.4,1.75,,,,
1038,5/27/22 23:11,19.4,1.76,,,,
1039,5/27/22 23:16,19.8,1.76,,,,
1040,5/27/22 23:21,19.8,1.76,,,,
1041,5/27/22 23:26,19.8,1.76,,,,
1042,5/27/22 23:31,19.8,1.76,,,,
1043,5/27/22 23:36,19.8,1.76,,,,
1044,5/27/22 23:41,19.4,1.76,,,,
1045,5/27/22 23:46,19.4,1.76,,,,
1046,5/27/22 23:51,19.8,1.76,,,,
1047,5/27/22 23:56,19.4,1.76,,,,
1048,5/28/22 0:01,19.8,1.76,,,,
1049,5/28/22 0:06,19.4,1.75,,,,
1050,5/28/22 0:11,19.4,1.76,,,,
1051,5/28/22 0:16,19.4,1.76,,,,
1052,5/28/22 0:21,19.4,1.75,,,,
1053,5/28/22 0:26,19.4,1.76,,,,
1054,5/28/22 0:31,19.8,1.76,,,,
1055,5/28/22 0:36,19.8,1.76,,,,
1056,5/28/22 0:41,19.4,1.76,,,,
1057,5/28/22 0:46,19.8,1.76,,,,
1058,5/28/22 0:51,19.8,1.78,,,,
1059,5/28/22 0:56,19.4,1.76,,,,
1060,5/28/22 1:01,19.8,1.78,,,,
1061,5/28/22 1:06,19.4,1.76,,,,
1062,5/28/22 1:11,19.4,1.78,,,,
1063,5/28/22 1:16,19.8,1.76,,,,
1064,5/28/22 1:21,19.4,1.76,,,,
1065,5/28/22 1:26,19.8,1.78,,,,
1066,5/28/22 1:31,19.8,1.76,,,,
1067,5/28/22 1:36,19.4,1.78,,,,
1068,5/28/22 1:41,19.4,1.78,,,,
1069,5/28/22 1:46,19.8,1.79,,,,
1070,5/28/22 1:51,19.4,1.79,,,,
1071,5/28/22 1:56,19.4,1.78,,,,
1072,5/28/22 2:01,19.4,1.79,,,,
1073,5/28/22 2:06,19.4,1.78,,,,
1074,5/28/22 2:11,19.8,1.78,,,,
1075,5/28/22 2:16,19.4,1.79,,,,
1076,5/28/22 2:21,19.4,1.78,,,,
1077,5/28/22 2:26,19.8,1.78,,,,
1078,5/28/22 2:31,19.4,1.78,,,,
1079,5/28/22 2:36,19.8,1.79,,,,
1080,5/28/22 2:41,19.8,1.78,,,,
1081,5/28/22 2:46,19.4,1.79,,,,
1082,5/28/22 2:51,19.4,1.79,,,,
1083,5/28/22 2:56,19.8,1.79,,,,
1084,5/28/22 3:01,19.8,1.79,,,,
1085,5/28/22 3:06,19.8,1.8,,,,
1086,5/28/22 3:11,19.4,1.79,,,,
1087,5/28/22 3:16,19.8,1.79,,,,
1088,5/28/22 3:21,19.8,1.79,,,,
1089,5/28/22 3:26,19.4,1.79,,,,
1090,5/28/22 3:31,19.8,1.79,,,,
1091,5/28/22 3:36,19.4,1.79,,,,
1092,5/28/22 3:41,19.8,1.8,,,,
1093,5/28/22 3:46,19.4,1.8,,,,
1094,5/28/22 3:51,19.4,1.8,,,,
1095,5/28/22 3:56,19.4,1.81,,,,
1096,5/28/22 4:01,19.4,1.8,,,,
1097,5/28/22 4:06,19.8,1.8,,,,
1098,5/28/22 4:11,19.4,1.81,,,,
1099,5/28/22 4:16,19.8,1.8,,,,
1100,5/28/22 4:21,19.8,1.8,,,,
1101,5/28/22 4:26,19.8,1.8,,,,
1102,5/28/22 4:31,19.8,1.8,,,,
1103,5/28/22 4:36,19.4,1.8,,,,
1104,5/28/22 4:41,19.8,1.8,,,,
1105,5/28/22 4:46,19.8,1.8,,,,
1106,5/28/22 4:51,19.4,1.8,,,,
1107,5/28/22 4:56,19.8,1.81,,,,
1108,5/28/22 5:01,19.8,1.81,,,,
1109,5/28/22 5:06,19.8,1.81,,,,
1110,5/28/22 5:11,19.8,1.81,,,,
1111,5/28/22 5:16,19.8,1.81,,,,
1112,5/28/22 5:21,19.4,1.81,,,,
1113,5/28/22 5:26,19.8,1.81,,,,
1114,5/28/22 5:31,19.8,1.81,,,,
1115,5/28/22 5:36,19.4,1.81,,,,
1116,5/28/22 5:41,19.8,1.81,,,,
1117,5/28/22 5:46,19.4,1.81,,,,
1118,5/28/22 5:51,19.4,1.81,,,,
1119,5/28/22 5:56,19.4,1.81,,,,
1120,5/28/22 6:01,19.8,1.81,,,,
1121,5/28/22 6:06,19.8,1.81,,,,
1122,5/28/22 6:11,19.8,1.83,,,,
1123,5/28/22 6:16,19.4,1.81,,,,
1124,5/28/22 6:21,19.4,1.83,,,,
1125,5/28/22 6:26,19.4,1.84,,,,
1126,5/28/22 6:31,19.8,1.83,,,,
1127,5/28/22 6:36,19.4,1.81,,,,
1128,5/28/22 6:41,19.4,1.83,,,,
1129,5/28/22 6:46,19.8,1.84,,,,
1130,5/28/22 6:51,19.8,1.83,,,,
1131,5/28/22 6:56,19.4,1.84,,,,
1132,5/28/22 7:01,19.8,1.83,,,,
1133,5/28/22 7:06,19.8,1.84,,,,
1134,5/28/22 7:11,19.8,1.83,,,,
1135,5/28/22 7:16,19.8,1.83,,,,
1136,5/28/22 7:21,19.4,1.83,,,,
1137,5/28/22 7:26,19.8,1.84,,,,
1138,5/28/22 7:31,19.4,1.84,,,,
1139,5/28/22 7:36,19.8,1.85,,,,
1140,5/28/22 7:41,19.8,1.84,,,,
1141,5/28/22 7:46,19.8,1.84,,,,
1142,5/28/22 7:51,19.4,1.84,,,,
1143,5/28/22 7:56,19.4,1.84,,,,
1144,5/28/22 8:01,19.4,1.84,,,,
1145,5/28/22 8:06,19.4,1.84,,,,
1146,5/28/22 8:11,19.4,1.85,,,,
1147,5/28/22 8:16,19.4,1.85,,,,
1148,5/28/22 8:21,19.4,1.85,,,,
1149,5/28/22 8:26,19.4,1.87,,,,
1150,5/28/22 8:31,19.4,1.85,,,,
1151,5/28/22 8:36,19.4,1.85,,,,
1152,5/28/22 8:41,19.4,1.85,,,,
1153,5/28/22 8:46,19.8,1.85,,,,
1154,5/28/22 8:51,19.8,1.85,,,,
1155,5/28/22 8:56,19.8,1.85,,,,
1156,5/28/22 9:01,19.8,1.87,,,,
1157,5/28/22 9:06,19.4,1.85,,,,
1158,5/28/22 9:11,19.8,1.85,,,,
1159,5/28/22 9:16,19.4,1.87,,,,
1160,5/28/22 9:21,19.8,1.85,,,,
1161,5/28/22 9:26,19.8,1.85,,,,
1162,5/28/22 9:31,19.4,1.85,,,,
1163,5/28/22 9:36,19.4,1.85,,,,
1164,5/28/22 9:41,19.4,1.87,,,,
1165,5/28/22 9:46,19.4,1.85,,,,
1166,5/28/22 9:51,19.4,1.87,,,,
1167,5/28/22 9:56,19.4,1.87,,,,
1168,5/28/22 10:01,19.8,1.88,,,,
1169,5/28/22 10:06,19.8,1.85,,,,
1170,5/28/22 10:11,19.8,1.88,,,,
1171,5/28/22 10:16,19.8,1.87,,,,
1172,5/28/22 10:21,19.8,1.87,,,,
1173,5/28/22 10:26,19.8,1.87,,,,
1174,5/28/22 10:31,19.4,1.87,,,,
1175,5/28/22 10:36,19.4,1.87,,,,
1176,5/28/22 10:41,19.8,1.88,,,,
1177,5/28/22 10:46,19.8,1.88,,,,
1178,5/28/22 10:51,19.8,1.88,,,,
1179,5/28/22 10:56,19.8,1.88,,,,
1180,5/28/22 11:01,19.4,1.87,,,,
1181,5/28/22 11:06,19.4,1.88,,,,
1182,5/28/22 11:11,19.4,1.87,,,,
1183,5/28/22 11:16,19.8,1.88,,,,
1184,5/28/22 11:21,19.8,1.89,,,,
1185,5/28/22 11:26,19.4,1.89,,,,
1186,5/28/22 11:31,19.4,1.88,,,,
1187,5/28/22 11:36,19.4,1.88,,,,
1188,5/28/22 11:41,19.4,1.89,,,,
1189,5/28/22 11:46,19.8,1.89,,,,
1190,5/28/22 11:51,19.8,1.88,,,,
1191,5/28/22 11:56,19.4,1.89,,,,
1192,5/28/22 12:01,19.4,1.89,,,,
1193,5/28/22 12:06,19.4,1.89,,,,
1194,5/28/22 12:11,19.4,1.88,,,,
1195,5/28/22 12:16,19.8,1.89,,,,
1196,5/28/22 12:21,19.8,1.88,,,,
1197,5/28/22 12:26,19.4,1.88,,,,
1198,5/28/22 12:31,19.4,1.88,,,,
1199,5/28/22 12:36,19.8,1.89,,,,
1200,5/28/22 12:41,19.8,1.88,,,,
1201,5/28/22 12:46,19.8,1.89,,,,
1202,5/28/22 12:51,19.4,1.89,,,,
1203,5/28/22 12:56,19.4,1.89,,,,
1204,5/28/22 13:01,19.4,1.89,,,,
1205,5/28/22 13:06,19.8,1.89,,,,
1206,5/28/22 13:11,19.8,1.89,,,,
1207,5/28/22 13:16,19.8,1.91,,,,
1208,5/28/22 13:21,19.8,1.91,,,,
1209,5/28/22 13:26,19.8,1.89,,,,
1210,5/28/22 13:31,19.8,1.92,,,,
1211,5/28/22 13:36,19.8,1.89,,,,
1212,5/28/22 13:41,19.8,1.89,,,,
1213,5/28/22 13:46,19.4,1.91,,,,
1214,5/28/22 13:51,19.4,1.89,,,,
1215,5/28/22 13:56,19.4,1.89,,,,
1216,5/28/22 14:01,19.4,1.91,,,,
1217,5/28/22 14:06,19.8,1.92,,,,
1218,5/28/22 14:11,19.8,1.91,,,,
1219,5/28/22 14:16,19.4,1.91,,,,
1220,5/28/22 14:21,19.4,1.91,,,,
1221,5/28/22 14:26,19.8,1.91,,,,
1222,5/28/22 14:31,19.8,1.92,,,,
1223,5/28/22 14:36,19.8,1.91,,,,
1224,5/28/22 14:41,19.8,1.91,,,,
1225,5/28/22 14:46,19.8,1.92,,,,
1226,5/28/22 14:51,19.4,1.91,,,,
1227,5/28/22 14:56,19.8,1.91,,,,
1228,5/28/22 15:01,19.4,1.92,,,,
1229,5/28/22 15:06,19.4,1.91,,,,
1230,5/28/22 15:11,19.4,1.92,,,,
1231,5/28/22 15:16,19.4,1.92,,,,
1232,5/28/22 15:21,19.8,1.92,,,,
1233,5/28/22 15:26,19.8,1.91,,,,
1234,5/28/22 15:31,19.8,1.92,,,,
1235,5/28/22 15:36,19.4,1.92,,,,
1236,5/28/22 15:41,19.4,1.92,,,,
1237,5/28/22 15:46,19.4,1.92,,,,
1238,5/28/22 15:51,19.4,1.92,,,,
1239,5/28/22 15:56,19.8,1.92,,,,
1240,5/28/22 16:01,19.8,1.92,,,,
1241,5/28/22 16:06,19.8,1.92,,,,
1242,5/28/22 16:11,19.8,1.92,,,,
1243,5/28/22 16:16,19.8,1.92,,,,
1244,5/28/22 16:21,19.8,1.92,,,,
1245,5/28/22 16:26,19.4,1.93,,,,
1246,5/28/22 16:31,19.8,1.93,,,,
1247,5/28/22 16:36,19.8,1.92,,,,
1248,5/28/22 16:41,19.8,1.93,,,,
1249,5/28/22 16:46,19.8,1.93,,,,
1250,5/28/22 16:51,19.8,1.93,,,,
1251,5/28/22 16:56,19.8,1.92,,,,
1252,5/28/22 17:01,19.4,1.92,,,,
1253,5/28/22 17:06,19.8,1.93,,,,
1254,5/28/22 17:11,19.8,1.93,,,,
1255,5/28/22 17:16,19.8,1.92,,,,
1256,5/28/22 17:21,19.8,1.93,,,,
1257,5/28/22 17:26,19.8,1.93,,,,
1258,5/28/22 17:31,19.8,1.93,,,,
1259,5/28/22 17:36,19.8,1.93,,,,
1260,5/28/22 17:41,19.4,1.95,,,,
1261,5/28/22 17:46,19.8,1.93,,,,
1262,5/28/22 17:51,19.8,1.95,,,,
1263,5/28/22 17:56,19.8,1.95,,,,
1264,5/28/22 18:01,19.8,1.95,,,,
1265,5/28/22 18:06,19.8,1.93,,,,
1266,5/28/22 18:11,19.8,1.93,,,,
1267,5/28/22 18:16,19.4,1.93,,,,
1268,5/28/22 18:21,19.8,1.93,,,,
1269,5/28/22 18:26,19.8,1.95,,,,
1270,5/28/22 18:31,19.4,1.95,,,,
1271,5/28/22 18:36,19.4,1.95,,,,
1272,5/28/22 18:41,19.8,1.95,,,,
1273,5/28/22 18:46,19.8,1.93,,,,
1274,5/28/22 18:51,19.8,1.95,,,,
1275,5/28/22 18:56,19.4,1.95,,,,
1276,5/28/22 19:01,19.8,1.95,,,,
1277,5/28/22 19:06,19.8,1.95,,,,
1278,5/28/22 19:11,19.4,1.95,,,,
1279,5/28/22 19:16,19.4,1.95,,,,
1280,5/28/22 19:21,19.8,1.95,,,,
1281,5/28/22 19:26,19.8,1.95,,,,
1282,5/28/22 19:31,19.4,1.95,,,,
1283,5/28/22 19:36,19.8,1.96,,,,
1284,5/28/22 19:41,19.4,1.96,,,,
1285,5/28/22 19:46,19.4,1.95,,,,
1286,5/28/22 19:51,19.8,1.95,,,,
1287,5/28/22 19:56,19.8,1.96,,,,
1288,5/28/22 20:01,19.4,1.96,,,,
1289,5/28/22 20:06,19.8,1.96,,,,
1290,5/28/22 20:11,19.4,1.96,,,,
1291,5/28/22 20:16,19.4,1.96,,,,
1292,5/28/22 20:21,19.8,1.95,,,,
1293,5/28/22 20:26,19.8,1.95,,,,
1294,5/28/22 20:31,19.4,1.96,,,,
1295,5/28/22 20:36,19.4,1.95,,,,
1296,5/28/22 20:41,19.8,1.96,,,,
1297,5/28/22 20:46,19.8,1.96,,,,
1298,5/28/22 20:51,19.8,1.96,,,,
1299,5/28/22 20:56,19.8,1.95,,,,
1300,5/28/22 21:01,19.8,1.96,,,,
1301,5/28/22 21:06,19.8,1.96,,,,
1302,5/28/22 21:11,19.8,1.96,,,,
1303,5/28/22 21:16,19.8,1.97,,,,
1304,5/28/22 21:21,19.8,1.97,,,,
1305,5/28/22 21:26,19.8,1.96,,,,
1306,5/28/22 21:31,19.8,1.97,,,,
1307,5/28/22 21:36,19.8,1.97,,,,
1308,5/28/22 21:41,19.8,1.96,,,,
1309,5/28/22 21:46,19.8,1.97,,,,
1310,5/28/22 21:51,19.4,1.96,,,,
1311,5/28/22 21:56,19.8,1.95,,,,
1312,5/28/22 22:01,19.8,1.96,,,,
1313,5/28/22 22:06,19.8,1.97,,,,
1314,5/28/22 22:11,19.8,1.96,,,,
1315,5/28/22 22:16,19.8,1.97,,,,
1316,5/28/22 22:21,19.8,1.97,,,,
1317,5/28/22 22:26,19.8,1.97,,,,
1318,5/28/22 22:31,19.4,1.97,,,,
1319,5/28/22 22:36,19.8,1.97,,,,
1320,5/28/22 22:41,19.8,1.97,,,,
1321,5/28/22 22:46,19.8,1.97,,,,
1322,5/28/22 22:51,19.8,1.97,,,,
1323,5/28/22 22:56,19.4,1.97,,,,
1324,5/28/22 23:01,19.4,1.97,,,,
1325,5/28/22 23:06,19.8,1.97,,,,
1326,5/28/22 23:11,19.8,1.97,,,,
1327,5/28/22 23:16,19.4,1.97,,,,
1328,5/28/22 23:21,19.4,1.97,,,,
1329,5/28/22 23:26,19.4,1.97,,,,
1330,5/28/22 23:31,19.8,1.97,,,,
1331,5/28/22 23:36,19.8,1.97,,,,
1332,5/28/22 23:41,19.8,1.97,,,,
1333,5/28/22 23:46,19.8,1.97,,,,
1334,5/28/22 23:51,19.4,1.97,,,,
1335,5/28/22 23:56,19.8,1.99,,,,
1336,5/29/22 0:01,19.8,1.99,,,,
1337,5/29/22 0:06,19.4,1.99,,,,
1338,5/29/22 0:11,19.8,1.97,,,,
1339,5/29/22 0:16,19.4,1.99,,,,
1340,5/29/22 0:21,19.4,1.97,,,,
1341,5/29/22 0:26,19.8,1.99,,,,
1342,5/29/22 0:31,19.8,1.99,,,,
1343,5/29/22 0:36,19.8,1.97,,,,
1344,5/29/22 0:41,19.4,1.99,,,,
1345,5/29/22 0:46,19.4,1.99,,,,
1346,5/29/22 0:51,19.8,1.99,,,,
1347,5/29/22 0:56,19.4,1.99,,,,
1348,5/29/22 1:01,19.8,1.99,,,,
1349,5/29/22 1:06,19.4,1.97,,,,
1350,5/29/22 1:11,19.8,1.99,,,,
1351,5/29/22 1:16,19.4,1.99,,,,
1352,5/29/22 1:21,19.8,1.99,,,,
1353,5/29/22 1:26,19.4,1.99,,,,
1354,5/29/22 1:31,19.8,1.99,,,,
1355,5/29/22 1:36,19.8,1.99,,,,
1356,5/29/22 1:41,19.8,1.99,,,,
1357,5/29/22 1:46,19.8,1.99,,,,
1358,5/29/22 1:51,19.8,1.99,,,,
1359,5/29/22 1:56,19.8,2,,,,
1360,5/29/22 2:01,19.8,1.99,,,,
1361,5/29/22 2:06,19.8,2.01,,,,
1362,5/29/22 2:11,19.4,1.99,,,,
1363,5/29/22 2:16,19.4,2,,,,
1364,5/29/22 2:21,19.8,1.99,,,,
1365,5/29/22 2:26,19.4,2.01,,,,
1366,5/29/22 2:31,19.4,2,,,,
1367,5/29/22 2:36,19.4,1.99,,,,
1368,5/29/22 2:41,19.8,2,,,,
1369,5/29/22 2:46,19.8,2.01,,,,
1370,5/29/22 2:51,19.8,2,,,,
1371,5/29/22 2:56,19.8,2,,,,
1372,5/29/22 3:01,19.4,2,,,,
1373,5/29/22 3:06,19.8,2.01,,,,
1374,5/29/22 3:11,19.8,2,,,,
1375,5/29/22 3:16,19.8,2,,,,
1376,5/29/22 3:21,19.8,2,,,,
1377,5/29/22 3:26,19.8,2,,,,
1378,5/29/22 3:31,19.8,2.01,,,,
1379,5/29/22 3:36,19.4,2.01,,,,
1380,5/29/22 3:41,19.8,2,,,,
1381,5/29/22 3:46,19.4,2,,,,
1382,5/29/22 3:51,19.8,2.01,,,,
1383,5/29/22 3:56,19.8,2,,,,
1384,5/29/22 4:01,19.8,2,,,,
1385,5/29/22 4:06,19.8,2.01,,,,
1386,5/29/22 4:11,19.8,2.01,,,,
1387,5/29/22 4:16,19.8,2,,,,
1388,5/29/22 4:21,19.8,2.01,,,,
1389,5/29/22 4:26,19.4,2.01,,,,
1390,5/29/22 4:31,19.8,2.01,,,,
1391,5/29/22 4:36,19.8,2.01,,,,
1392,5/29/22 4:41,19.4,2.01,,,,
1393,5/29/22 4:46,19.4,2.01,,,,
1394,5/29/22 4:51,19.8,2.01,,,,
1395,5/29/22 4:56,19.8,2.01,,,,
1396,5/29/22 5:01,19.8,2.01,,,,
1397,5/29/22 5:06,19.4,2.01,,,,
1398,5/29/22 5:11,19.8,2.01,,,,
1399,5/29/22 5:16,19.8,2.01,,,,
1400,5/29/22 5:21,19.8,2,,,,
1401,5/29/22 5:26,19.4,2.02,,,,
1402,5/29/22 5:31,19.8,2.01,,,,
1403,5/29/22 5:36,19.8,2.02,,,,
1404,5/29/22 5:41,19.4,2.01,,,,
1405,5/29/22 5:46,19.8,2.02,,,,
1406,5/29/22 5:51,19.4,2.02,,,,
1407,5/29/22 5:56,19.8,2.02,,,,
1408,5/29/22 6:01,19.8,2.02,,,,
1409,5/29/22 6:06,19.8,2.02,,,,
1410,5/29/22 6:11,19.8,2.02,,,,
1411,5/29/22 6:16,19.8,2.02,,,,
1412,5/29/22 6:21,19.8,2.02,,,,
1413,5/29/22 6:26,19.8,2.02,,,,
1414,5/29/22 6:31,19.8,2.02,,,,
1415,5/29/22 6:36,19.8,2.02,,,,
1416,5/29/22 6:41,19.8,2.02,,,,
1417,5/29/22 6:46,19.8,2.02,,,,
1418,5/29/22 6:51,19.8,2.02,,,,
1419,5/29/22 6:56,19.4,2.02,,,,
1420,5/29/22 7:01,19.8,2.02,,,,
1421,5/29/22 7:06,19.8,2.02,,,,
1422,5/29/22 7:11,19.8,2.04,,,,
1423,5/29/22 7:16,19.8,2.02,,,,
1424,5/29/22 7:21,19.8,2.02,,,,
1425,5/29/22 7:26,19.8,2.02,,,,
1426,5/29/22 7:31,19.4,2.04,,,,
1427,5/29/22 7:36,19.8,2.04,,,,
1428,5/29/22 7:41,19.8,2.04,,,,
1429,5/29/22 7:46,19.8,2.02,,,,
1430,5/29/22 7:51,19.8,2.02,,,,
1431,5/29/22 7:56,19.8,2.04,,,,
1432,5/29/22 8:01,19.8,2.04,,,,
1433,5/29/22 8:06,19.4,2.04,,,,
1434,5/29/22 8:11,19.4,2.04,,,,
1435,5/29/22 8:16,19.4,2.04,,,,
1436,5/29/22 8:21,19.4,2.04,,,,
1437,5/29/22 8:26,19.4,2.04,,,,
1438,5/29/22 8:31,19.4,2.04,,,,
1439,5/29/22 8:36,19.8,2.04,,,,
1440,5/29/22 8:41,19.4,2.05,,,,
1441,5/29/22 8:46,19.8,2.04,,,,
1442,5/29/22 8:51,19.8,2.04,,,,
1443,5/29/22 8:56,19.8,2.04,,,,
1444,5/29/22 9:01,19.8,2.04,,,,
1445,5/29/22 9:06,19.8,2.05,,,,
1446,5/29/22 9:11,19.8,2.05,,,,
1447,5/29/22 9:16,19.8,2.04,,,,
1448,5/29/22 9:21,19.8,2.04,,,,
1449,5/29/22 9:26,19.8,2.05,,,,
1450,5/29/22 9:31,19.8,2.05,,,,
1451,5/29/22 9:36,19.8,2.05,,,,
1452,5/29/22 9:41,19.4,2.05,,,,
1453,5/29/22 9:46,19.8,2.05,,,,
1454,5/29/22 9:51,19.8,2.05,,,,
1455,5/29/22 9:56,19.8,2.05,,,,
1456,5/29/22 10:01,19.8,2.05,,,,
1457,5/29/22 10:06,19.4,2.05,,,,
1458,5/29/22 10:11,19.4,2.05,,,,
1459,5/29/22 10:16,19.8,2.05,,,,
1460,5/29/22 10:21,19.8,2.05,,,,
1461,5/29/22 10:26,19.8,2.06,,,,
1462,5/29/22 10:31,19.8,2.05,,,,
1463,5/29/22 10:36,19.8,2.05,,,,
1464,5/29/22 10:41,19.8,2.05,,,,
1465,5/29/22 10:46,19.4,2.06,,,,
1466,5/29/22 10:51,19.4,2.06,,,,
1467,5/29/22 10:56,19.8,2.06,,,,
1468,5/29/22 11:01,19.8,2.06,,,,
1469,5/29/22 11:06,19.8,2.05,,,,
1470,5/29/22 11:11,19.4,2.06,,,,
1471,5/29/22 11:16,19.8,2.06,,,,
1472,5/29/22 11:21,19.8,2.06,,,,
1473,5/29/22 11:26,19.8,2.06,,,,
1474,5/29/22 11:31,19.8,2.06,,,,
1475,5/29/22 11:36,19.4,2.06,,,,
1476,5/29/22 11:41,19.8,2.06,,,,
1477,5/29/22 11:46,19.8,2.06,,,,
1478,5/29/22 11:51,19.8,2.06,,,,
1479,5/29/22 11:56,19.8,2.08,,,,
1480,5/29/22 12:01,19.8,2.06,,,,
1481,5/29/22 12:06,19.8,2.06,,,,
1482,5/29/22 12:11,19.8,2.06,,,,
1483,5/29/22 12:16,19.8,2.08,,,,
1484,5/29/22 12:21,19.8,2.06,,,,
1485,5/29/22 12:26,19.4,2.08,,,,
1486,5/29/22 12:31,19.8,2.06,,,,
1487,5/29/22 12:36,19.8,2.08,,,,
1488,5/29/22 12:41,19.4,2.06,,,,
1489,5/29/22 12:46,19.8,2.06,,,,
1490,5/29/22 12:51,19.8,2.06,,,,
1491,5/29/22 12:56,19.8,2.08,,,,
1492,5/29/22 13:01,19.8,2.06,,,,
1493,5/29/22 13:06,19.8,2.06,,,,
1494,5/29/22 13:11,19.4,2.08,,,,
1495,5/29/22 13:16,19.8,2.06,,,,
1496,5/29/22 13:21,19.4,2.08,,,,
1497,5/29/22 13:26,19.8,2.08,,,,
1498,5/29/22 13:31,19.4,2.09,,,,
1499,5/29/22 13:36,19.8,2.08,,,,
1500,5/29/22 13:41,19.8,2.08,,,,
1501,5/29/22 13:46,19.4,2.08,,,,
1502,5/29/22 13:51,19.8,2.08,,,,
1503,5/29/22 13:56,19.8,2.08,,,,
1504,5/29/22 14:01,19.4,2.08,,,,
1505,5/29/22 14:06,19.8,2.08,,,,
1506,5/29/22 14:11,19.8,2.08,,,,
1507,5/29/22 14:16,19.8,2.08,,,,
1508,5/29/22 14:21,19.8,2.08,,,,
1509,5/29/22 14:26,19.4,2.08,,,,
1510,5/29/22 14:31,19.8,2.08,,,,
1511,5/29/22 14:36,19.8,2.08,,,,
1512,5/29/22 14:41,19.4,2.08,,,,
1513,5/29/22 14:46,19.8,2.09,,,,
1514,5/29/22 14:51,19.8,2.09,,,,
1515,5/29/22 14:56,19.8,2.09,,,,
1516,5/29/22 15:01,19.8,2.09,,,,
1517,5/29/22 15:06,19.8,2.09,,,,
1518,5/29/22 15:11,19.8,2.09,,,,
1519,5/29/22 15:16,19.8,2.09,,,,
1520,5/29/22 15:21,19.4,2.09,,,,
1521,5/29/22 15:26,19.8,2.09,,,,
1522,5/29/22 15:31,19.8,2.09,,,,
1523,5/29/22 15:36,19.8,2.09,,,,
1524,5/29/22 15:41,19.8,2.09,,,,
1525,5/29/22 15:46,19.8,2.09,,,,
1526,5/29/22 15:51,19.8,2.09,,,,
1527,5/29/22 15:56,19.4,2.09,,,,
1528,5/29/22 16:01,19.4,2.09,,,,
1529,5/29/22 16:06,19.8,2.09,,,,
1530,5/29/22 16:11,19.8,2.09,,,,
1531,5/29/22 16:16,19.8,2.09,,,,
1532,5/29/22 16:21,19.4,2.09,,,,
1533,5/29/22 16:26,19.8,2.1,,,,
1534,5/29/22 16:31,19.8,2.09,,,,
1535,5/29/22 16:36,19.8,2.09,,,,
1536,5/29/22 16:41,19.8,2.09,,,,
1537,5/29/22 16:46,19.8,2.09,,,,
1538,5/29/22 16:51,19.4,2.09,,,,
1539,5/29/22 16:56,19.4,2.09,,,,
1540,5/29/22 17:01,19.8,2.09,,,,
1541,5/29/22 17:06,19.8,2.09,,,,
1542,5/29/22 17:11,19.4,2.09,,,,
1543,5/29/22 17:16,19.4,2.1,,,,
1544,5/29/22 17:21,19.8,2.09,,,,
1545,5/29/22 17:26,19.8,2.09,,,,
1546,5/29/22 17:31,19.4,2.1,,,,
1547,5/29/22 17:36,19.8,2.1,,,,
1548,5/29/22 17:41,19.8,2.1,,,,
1549,5/29/22 17:46,19.4,2.09,,,,
1550,5/29/22 17:51,19.8,2.09,,,,
1551,5/29/22 17:56,19.8,2.09,,,,
1552,5/29/22 18:01,19.4,2.09,,,,
1553,5/29/22 18:06,19.8,2.1,,,,
1554,5/29/22 18:11,19.8,2.09,,,,
1555,5/29/22 18:16,19.8,2.1,,,,
1556,5/29/22 18:21,19.4,2.09,,,,
1557,5/29/22 18:26,19.4,2.1,,,,
1558,5/29/22 18:31,19.8,2.1,,,,
1559,5/29/22 18:36,19.8,2.1,,,,
1560,5/29/22 18:41,19.8,2.1,,,,
1561,5/29/22 18:46,19.8,2.1,,,,
1562,5/29/22 18:51,19.4,2.1,,,,
1563,5/29/22 18:56,19.8,2.1,,,,
1564,5/29/22 19:01,19.8,2.1,,,,
1565,5/29/22 19:06,19.8,2.1,,,,
1566,5/29/22 19:11,19.4,2.1,,,,
1567,5/29/22 19:16,19.8,2.1,,,,
1568,5/29/22 19:21,19.8,2.1,,,,
1569,5/29/22 19:26,19.4,2.1,,,,
1570,5/29/22 19:31,19.8,2.1,,,,
1571,5/29/22 19:36,19.8,2.1,,,,
1572,5/29/22 19:41,19.8,2.09,,,,
1573,5/29/22 19:46,19.8,2.1,,,,
1574,5/29/22 19:51,19.8,2.1,,,,
1575,5/29/22 19:56,19.8,2.1,,,,
1576,5/29/22 20:01,19.8,2.12,,,,
1577,5/29/22 20:06,19.8,2.1,,,,
1578,5/29/22 20:11,19.4,2.1,,,,
1579,5/29/22 20:16,19.4,2.12,,,,
1580,5/29/22 20:21,19.8,2.1,,,,
1581,5/29/22 20:26,19.8,2.1,,,,
1582,5/29/22 20:31,19.8,2.1,,,,
1583,5/29/22 20:36,19.8,2.1,,,,
1584,5/29/22 20:41,19.4,2.12,,,,
1585,5/29/22 20:46,19.8,2.12,,,,
1586,5/29/22 20:51,19.4,2.1,,,,
1587,5/29/22 20:56,19.8,2.1,,,,
1588,5/29/22 21:01,19.8,2.12,,,,
1589,5/29/22 21:06,19.4,2.12,,,,
1590,5/29/22 21:11,19.8,2.1,,,,
1591,5/29/22 21:16,19.8,2.1,,,,
1592,5/29/22 21:21,19.8,2.1,,,,
1593,5/29/22 21:26,19.8,2.12,,,,
1594,5/29/22 21:31,19.8,2.1,,,,
1595,5/29/22 21:36,19.8,2.12,,,,
1596,5/29/22 21:41,19.4,2.1,,,,
1597,5/29/22 21:46,19.8,2.12,,,,
1598,5/29/22 21:51,19.8,2.12,,,,
1599,5/29/22 21:56,19.8,2.1,,,,
1600,5/29/22 22:01,19.8,2.12,,,,
1601,5/29/22 22:06,19.8,2.12,,,,
1602,5/29/22 22:11,19.8,2.12,,,,
1603,5/29/22 22:16,19.8,2.12,,,,
1604,5/29/22 22:21,19.4,2.12,,,,
1605,5/29/22 22:26,19.8,2.12,,,,
1606,5/29/22 22:31,19.8,2.1,,,,
1607,5/29/22 22:36,19.8,2.1,,,,
1608,5/29/22 22:41,19.8,2.1,,,,
1609,5/29/22 22:46,19.8,2.12,,,,
1610,5/29/22 22:51,19.4,2.12,,,,
1611,5/29/22 22:56,19.8,2.12,,,,
1612,5/29/22 23:01,19.8,2.1,,,,
1613,5/29/22 23:06,19.8,2.12,,,,
1614,5/29/22 23:11,19.8,2.12,,,,
1615,5/29/22 23:16,19.8,2.12,,,,
1616,5/29/22 23:21,19.4,2.12,,,,
1617,5/29/22 23:26,19.8,2.12,,,,
1618,5/29/22 23:31,19.8,2.12,,,,
1619,5/29/22 23:36,19.8,2.12,,,,
1620,5/29/22 23:41,19.8,2.12,,,,
1621,5/29/22 23:46,19.4,2.12,,,,
1622,5/29/22 23:51,19.4,2.12,,,,
1623,5/29/22 23:56,19.8,2.12,,,,
1624,5/30/22 0:01,19.8,2.13,,,,
1625,5/30/22 0:06,19.8,2.13,,,,
1626,5/30/22 0:11,19.8,2.12,,,,
1627,5/30/22 0:16,19.4,2.12,,,,
1628,5/30/22 0:21,19.8,2.13,,,,
1629,5/30/22 0:26,19.8,2.12,,,,
1630,5/30/22 0:31,19.8,2.12,,,,
1631,5/30/22 0:36,19.4,2.12,,,,
1632,5/30/22 0:41,19.8,2.13,,,,
1633,5/30/22 0:46,19.8,2.13,,,,
1634,5/30/22 0:51,19.4,2.13,,,,
1635,5/30/22 0:56,19.8,2.12,,,,
1636,5/30/22 1:01,19.8,2.13,,,,
1637,5/30/22 1:06,19.8,2.13,,,,
1638,5/30/22 1:11,19.8,2.13,,,,
1639,5/30/22 1:16,19.8,2.13,,,,
1640,5/30/22 1:21,19.8,2.12,,,,
1641,5/30/22 1:26,19.8,2.13,,,,
1642,5/30/22 1:31,19.8,2.13,,,,
1643,5/30/22 1:36,19.4,2.14,,,,
1644,5/30/22 1:41,19.8,2.13,,,,
1645,5/30/22 1:46,19.4,2.13,,,,
1646,5/30/22 1:51,19.8,2.13,,,,
1647,5/30/22 1:56,19.4,2.13,,,,
1648,5/30/22 2:01,19.8,2.13,,,,
1649,5/30/22 2:06,19.4,2.13,,,,
1650,5/30/22 2:11,19.8,2.13,,,,
1651,5/30/22 2:16,19.8,2.14,,,,
1652,5/30/22 2:21,19.8,2.13,,,,
1653,5/30/22 2:26,19.8,2.14,,,,
1654,5/30/22 2:31,19.8,2.14,,,,
1655,5/30/22 2:36,19.8,2.14,,,,
1656,5/30/22 2:41,19.8,2.13,,,,
1657,5/30/22 2:46,19.8,2.14,,,,
1658,5/30/22 2:51,19.4,2.13,,,,
1659,5/30/22 2:56,19.8,2.13,,,,
1660,5/30/22 3:01,19.4,2.13,,,,
1661,5/30/22 3:06,19.8,2.13,,,,
1662,5/30/22 3:11,19.4,2.14,,,,
1663,5/30/22 3:16,19.8,2.14,,,,
1664,5/30/22 3:21,19.4,2.13,,,,
1665,5/30/22 3:26,19.8,2.13,,,,
1666,5/30/22 3:31,19.4,2.14,,,,
1667,5/30/22 3:36,19.8,2.13,,,,
1668,5/30/22 3:41,19.8,2.14,,,,
1669,5/30/22 3:46,19.8,2.14,,,,
1670,5/30/22 3:51,19.8,2.14,,,,
1671,5/30/22 3:56,19.8,2.14,,,,
1672,5/30/22 4:01,19.8,2.14,,,,
1673,5/30/22 4:06,19.8,2.14,,,,
1674,5/30/22 4:11,19.8,2.14,,,,
1675,5/30/22 4:16,19.8,2.14,,,,
1676,5/30/22 4:21,19.4,2.14,,,,
1677,5/30/22 4:26,19.8,2.14,,,,
1678,5/30/22 4:31,19.8,2.14,,,,
1679,5/30/22 4:36,19.8,2.14,,,,
1680,5/30/22 4:41,19.4,2.14,,,,
1681,5/30/22 4:46,19.8,2.14,,,,
1682,5/30/22 4:51,19.8,2.14,,,,
1683,5/30/22 4:56,19.8,2.14,,,,
1684,5/30/22 5:01,19.8,2.13,,,,
1685,5/30/22 5:06,19.8,2.16,,,,
1686,5/30/22 5:11,19.4,2.16,,,,
1687,5/30/22 5:16,19.8,2.16,,,,
1688,5/30/22 5:21,19.8,2.14,,,,
1689,5/30/22 5:26,19.8,2.14,,,,
1690,5/30/22 5:31,19.8,2.16,,,,
1691,5/30/22 5:36,19.4,2.14,,,,
1692,5/30/22 5:41,19.8,2.14,,,,
1693,5/30/22 5:46,19.8,2.16,,,,
1694,5/30/22 5:51,19.4,2.14,,,,
1695,5/30/22 5:56,19.8,2.16,,,,
1696,5/30/22 6:01,19.8,2.16,,,,
1697,5/30/22 6:06,19.8,2.16,,,,
1698,5/30/22 6:11,19.8,2.16,,,,
1699,5/30/22 6:16,19.8,2.16,,,,
1700,5/30/22 6:21,19.8,2.16,,,,
1701,5/30/22 6:26,19.4,2.16,,,,
1702,5/30/22 6:31,19.8,2.16,,,,
1703,5/30/22 6:36,19.8,2.14,,,,
1704,5/30/22 6:41,19.8,2.16,,,,
1705,5/30/22 6:46,19.8,2.16,,,,
1706,5/30/22 6:51,19.8,2.14,,,,
1707,5/30/22 6:56,19.8,2.14,,,,
1708,5/30/22 7:01,19.8,2.16,,,,
1709,5/30/22 7:06,19.8,2.16,,,,
1710,5/30/22 7:11,19.8,2.16,,,,
1711,5/30/22 7:16,19.8,2.16,,,,
1712,5/30/22 7:21,19.8,2.16,,,,
1713,5/30/22 7:26,19.8,2.16,,,,
1714,5/30/22 7:31,19.8,2.16,,,,
1715,5/30/22 7:36,19.8,2.14,,,,
1716,5/30/22 7:41,19.8,2.16,,,,
1717,5/30/22 7:46,19.8,2.16,,,,
1718,5/30/22 7:51,19.8,2.16,,,,
1719,5/30/22 7:56,19.8,2.16,,,,
1720,5/30/22 8:01,19.8,2.16,,,,
1721,5/30/22 8:06,19.4,2.16,,,,
1722,5/30/22 8:11,19.4,2.16,,,,
1723,5/30/22 8:16,19.4,2.16,,,,
1724,5/30/22 8:21,19.8,2.17,,,,
1725,5/30/22 8:26,19.8,2.16,,,,
1726,5/30/22 8:31,19.8,2.16,,,,
1727,5/30/22 8:36,19.4,2.17,,,,
1728,5/30/22 8:41,19.8,2.16,,,,
1729,5/30/22 8:46,19.8,2.16,,,,
1730,5/30/22 8:51,19.8,2.16,,,,
1731,5/30/22 8:56,19.8,2.16,,,,
1732,5/30/22 9:01,19.8,2.16,,,,
1733,5/30/22 9:06,19.8,2.17,,,,
1734,5/30/22 9:11,19.4,2.17,,,,
1735,5/30/22 9:16,19.4,2.17,,,,
1736,5/30/22 9:21,19.8,2.17,,,,
1737,5/30/22 9:26,19.8,2.16,,,,
1738,5/30/22 9:31,19.4,2.17,,,,
1739,5/30/22 9:36,19.8,2.17,,,,
1740,5/30/22 9:41,19.4,2.17,,,,
1741,5/30/22 9:46,19.8,2.17,,,,
1742,5/30/22 9:51,19.8,2.16,,,,
1743,5/30/22 9:56,19.8,2.17,,,,
1744,5/30/22 10:01,19.8,2.17,,,,
1745,5/30/22 10:06,19.4,2.16,,,,
1746,5/30/22 10:11,19.8,2.17,,,,
1747,5/30/22 10:16,19.8,2.17,,,,
1748,5/30/22 10:21,19.8,2.17,,,,
1749,5/30/22 10:26,19.8,2.16,,,,
1750,5/30/22 10:31,19.8,2.17,,,,
1751,5/30/22 10:36,19.8,2.17,,,,
1752,5/30/22 10:41,19.8,2.17,,,,
1753,5/30/22 10:46,19.8,2.17,,,,
1754,5/30/22 10:51,19.8,2.17,,,,
1755,5/30/22 10:56,19.8,2.17,,,,
1756,5/30/22 11:01,19.8,2.17,,,,
1757,5/30/22 11:06,19.8,2.16,,,,
1758,5/30/22 11:11,19.8,2.17,,,,
1759,5/30/22 11:16,19.4,2.17,,,,
1760,5/30/22 11:21,19.8,2.17,,,,
1761,5/30/22 11:26,19.8,2.16,,,,
1762,5/30/22 11:31,19.8,2.17,,,,
1763,5/30/22 11:36,19.8,2.17,,,,
1764,5/30/22 11:41,19.8,2.17,,,,
1765,5/30/22 11:46,19.8,2.17,,,,
1766,5/30/22 11:51,19.8,2.17,,,,
1767,5/30/22 11:56,19.8,2.17,,,,
1768,5/30/22 12:01,19.8,2.17,,,,
1769,5/30/22 12:06,19.8,2.18,,,,
1770,5/30/22 12:11,19.8,2.18,,,,
1771,5/30/22 12:16,19.8,2.17,,,,
1772,5/30/22 12:21,19.8,2.17,,,,
1773,5/30/22 12:26,19.4,2.17,,,,
1774,5/30/22 12:31,19.4,2.17,,,,
1775,5/30/22 12:36,19.8,2.17,,,,
1776,5/30/22 12:41,19.8,2.17,,,,
1777,5/30/22 12:46,19.4,2.18,,,,
1778,5/30/22 12:51,19.8,2.17,,,,
1779,5/30/22 12:56,19.8,2.18,,,,
1780,5/30/22 13:01,19.4,2.17,,,,
1781,5/30/22 13:06,19.8,2.17,,,,
1782,5/30/22 13:11,19.4,2.17,,,,
1783,5/30/22 13:16,19.8,2.18,,,,
1784,5/30/22 13:21,19.8,2.18,,,,
1785,5/30/22 13:26,19.8,2.17,,,,
1786,5/30/22 13:31,19.8,2.18,,,,
1787,5/30/22 13:36,19.8,2.17,,,,
1788,5/30/22 13:41,19.8,2.17,,,,
1789,5/30/22 13:46,19.8,2.18,,,,
1790,5/30/22 13:51,19.8,2.18,,,,
1791,5/30/22 13:56,19.8,2.17,,,,
1792,5/30/22 14:01,19.8,2.18,,,,
1793,5/30/22 14:06,19.8,2.17,,,,
1794,5/30/22 14:11,19.4,2.18,,,,
1795,5/30/22 14:16,19.4,2.18,,,,
1796,5/30/22 14:21,19.8,2.17,,,,
1797,5/30/22 14:26,19.8,2.17,,,,
1798,5/30/22 14:31,19.8,2.17,,,,
1799,5/30/22 14:36,19.8,2.17,,,,
1800,5/30/22 14:41,19.8,2.18,,,,
1801,5/30/22 14:46,19.8,2.18,,,,
1802,5/30/22 14:51,19.8,2.17,,,,
1803,5/30/22 14:56,19.8,2.18,,,,
1804,5/30/22 15:01,19.8,2.18,,,,
1805,5/30/22 15:06,19.8,2.17,,,,
1806,5/30/22 15:11,19.8,2.18,,,,
1807,5/30/22 15:16,19.8,2.17,,,,
1808,5/30/22 15:21,19.8,2.18,,,,
1809,5/30/22 15:26,19.8,2.18,,,,
1810,5/30/22 15:31,19.8,2.18,,,,
1811,5/30/22 15:36,19.4,2.17,,,,
1812,5/30/22 15:41,19.4,2.17,,,,
1813,5/30/22 15:46,19.4,2.18,,,,
1814,5/30/22 15:51,19.8,2.17,,,,
1815,5/30/22 15:56,19.8,2.18,,,,
1816,5/30/22 16:01,19.8,2.18,,,,
1817,5/30/22 16:06,19.8,2.17,,,,
1818,5/30/22 16:11,19.8,2.18,,,,
1819,5/30/22 16:16,19.8,2.18,,,,
1820,5/30/22 16:21,19.8,2.18,,,,
1821,5/30/22 16:26,19.8,2.18,,,,
1822,5/30/22 16:31,19.4,2.18,,,,
1823,5/30/22 16:36,19.8,2.17,,,,
1824,5/30/22 16:41,19.8,2.17,,,,
1825,5/30/22 16:46,19.8,2.17,,,,
1826,5/30/22 16:51,19.4,2.18,,,,
1827,5/30/22 16:56,19.8,2.18,,,,
1828,5/30/22 17:01,19.8,2.18,,,,
1829,5/30/22 17:06,19.8,2.17,,,,
1830,5/30/22 17:11,19.8,2.18,,,,
1831,5/30/22 17:16,19.4,2.17,,,,
1832,5/30/22 17:21,19.8,2.17,,,,
1833,5/30/22 17:26,19.8,2.17,,,,
1834,5/30/22 17:31,19.8,2.18,,,,
1835,5/30/22 17:36,19.8,2.18,,,,
1836,5/30/22 17:41,19.8,2.18,,,,
1837,5/30/22 17:46,19.8,2.17,,,,
1838,5/30/22 17:51,19.8,2.18,,,,
1839,5/30/22 17:56,19.8,2.18,,,,
1840,5/30/22 18:01,19.8,2.18,,,,
1841,5/30/22 18:06,19.4,2.18,,,,
1842,5/30/22 18:11,19.8,2.17,,,,
1843,5/30/22 18:16,19.8,2.18,,,,
1844,5/30/22 18:21,19.8,2.18,,,,
1845,5/30/22 18:26,19.8,2.18,,,,
1846,5/30/22 18:31,19.8,2.18,,,,
1847,5/30/22 18:36,19.8,2.17,,,,
1848,5/30/22 18:41,19.8,2.17,,,,
1849,5/30/22 18:46,19.4,2.18,,,,
1850,5/30/22 18:51,19.8,2.17,,,,
1851,5/30/22 18:56,19.4,2.17,,,,
1852,5/30/22 19:01,19.8,2.18,,,,
1853,5/30/22 19:06,19.4,2.18,,,,
1854,5/30/22 19:11,19.8,2.18,,,,
1855,5/30/22 19:16,19.8,2.17,,,,
1856,5/30/22 19:21,19.8,2.18,,,,
1857,5/30/22 19:26,19.4,2.17,,,,
1858,5/30/22 19:31,19.8,2.18,,,,
1859,5/30/22 19:36,19.8,2.18,,,,
1860,5/30/22 19:41,19.8,2.18,,,,
1861,5/30/22 19:46,19.8,2.17,,,,
1862,5/30/22 19:51,19.8,2.18,,,,
1863,5/30/22 19:56,19.8,2.18,,,,
1864,5/30/22 20:01,19.8,2.17,,,,
1865,5/30/22 20:06,19.4,2.18,,,,
1866,5/30/22 20:11,19.8,2.17,,,,
1867,5/30/22 20:16,19.8,2.17,,,,
1868,5/30/22 20:21,19.8,2.18,,,,
1869,5/30/22 20:26,19.8,2.17,,,,
1870,5/30/22 20:31,19.8,2.18,,,,
1871,5/30/22 20:36,19.8,2.18,,,,
1872,5/30/22 20:41,19.8,2.18,,,,
1873,5/30/22 20:46,19.8,2.17,,,,
1874,5/30/22 20:51,19.8,2.18,,,,
1875,5/30/22 20:56,19.8,2.18,,,,
1876,5/30/22 21:01,19.8,2.17,,,,
1877,5/30/22 21:06,19.8,2.18,,,,
1878,5/30/22 21:11,19.4,2.18,,,,
1879,5/30/22 21:16,19.8,2.18,,,,
1880,5/30/22 21:21,19.8,2.17,,,,
1881,5/30/22 21:26,19.4,2.17,,,,
1882,5/30/22 21:31,19.8,2.17,,,,
1883,5/30/22 21:36,19.8,2.18,,,,
1884,5/30/22 21:41,19.8,2.17,,,,
1885,5/30/22 21:46,19.8,2.17,,,,
1886,5/30/22 21:51,19.8,2.18,,,,
1887,5/30/22 21:56,19.8,2.18,,,,
1888,5/30/22 22:01,19.8,2.17,,,,
1889,5/30/22 22:06,19.4,2.17,,,,
1890,5/30/22 22:11,19.8,2.18,,,,
1891,5/30/22 22:16,19.8,2.18,,,,
1892,5/30/22 22:21,19.4,2.18,,,,
1893,5/30/22 22:26,19.8,2.18,,,,
1894,5/30/22 22:31,19.8,2.17,,,,
1895,5/30/22 22:36,19.8,2.18,,,,
1896,5/30/22 22:41,19.8,2.18,,,,
1897,5/30/22 22:46,19.8,2.17,,,,
1898,5/30/22 22:51,19.4,2.18,,,,
1899,5/30/22 22:56,19.8,2.18,,,,
1900,5/30/22 23:01,19.8,2.18,,,,
1901,5/30/22 23:06,19.8,2.17,,,,
1902,5/30/22 23:11,19.8,2.17,,,,
1903,5/30/22 23:16,19.8,2.17,,,,
1904,5/30/22 23:21,19.8,2.18,,,,
1905,5/30/22 23:26,19.8,2.17,,,,
1906,5/30/22 23:31,19.8,2.18,,,,
1907,5/30/22 23:36,19.8,2.17,,,,
1908,5/30/22 23:41,19.8,2.16,,,,
1909,5/30/22 23:46,19.8,2.17,,,,
1910,5/30/22 23:51,19.8,2.18,,,,
1911,5/30/22 23:56,19.4,2.18,,,,
1912,5/31/22 0:01,19.8,2.18,,,,
1913,5/31/22 0:06,19.8,2.18,,,,
1914,5/31/22 0:11,19.8,2.18,,,,
1915,5/31/22 0:16,19.8,2.18,,,,
1916,5/31/22 0:21,19.8,2.18,,,,
1917,5/31/22 0:26,19.8,2.17,,,,
1918,5/31/22 0:31,19.8,2.18,,,,
1919,5/31/22 0:36,19.8,2.17,,,,
1920,5/31/22 0:41,19.8,2.17,,,,
1921,5/31/22 0:46,19.8,2.17,,,,
1922,5/31/22 0:51,19.8,2.17,,,,
1923,5/31/22 0:56,19.8,2.18,,,,
1924,5/31/22 1:01,19.8,2.18,,,,
1925,5/31/22 1:06,19.4,2.17,,,,
1926,5/31/22 1:11,19.4,2.17,,,,
1927,5/31/22 1:16,19.8,2.17,,,,
1928,5/31/22 1:21,19.8,2.17,,,,
1929,5/31/22 1:26,19.8,2.17,,,,
1930,5/31/22 1:31,19.8,2.18,,,,
1931,5/31/22 1:36,19.8,2.17,,,,
1932,5/31/22 1:41,19.8,2.17,,,,
1933,5/31/22 1:46,19.8,2.17,,,,
1934,5/31/22 1:51,19.4,2.18,,,,
1935,5/31/22 1:56,19.8,2.18,,,,
1936,5/31/22 2:01,19.8,2.18,,,,
1937,5/31/22 2:06,19.8,2.18,,,,
1938,5/31/22 2:11,19.4,2.18,,,,
1939,5/31/22 2:16,19.8,2.18,,,,
1940,5/31/22 2:21,19.8,2.18,,,,
1941,5/31/22 2:26,19.4,2.18,,,,
1942,5/31/22 2:31,19.8,2.18,,,,
1943,5/31/22 2:36,19.8,2.18,,,,
1944,5/31/22 2:41,19.8,2.18,,,,
1945,5/31/22 2:46,19.8,2.17,,,,
1946,5/31/22 2:51,19.8,2.18,,,,
1947,5/31/22 2:56,19.8,2.17,,,,
1948,5/31/22 3:01,19.8,2.18,,,,
1949,5/31/22 3:06,19.8,2.18,,,,
1950,5/31/22 3:11,19.8,2.18,,,,
1951,5/31/22 3:16,19.8,2.17,,,,
1952,5/31/22 3:21,19.8,2.18,,,,
1953,5/31/22 3:26,19.8,2.17,,,,
1954,5/31/22 3:31,19.8,2.17,,,,
1955,5/31/22 3:36,19.8,2.17,,,,
1956,5/31/22 3:41,19.8,2.17,,,,
1957,5/31/22 3:46,19.8,2.18,,,,
1958,5/31/22 3:51,19.8,2.17,,,,
1959,5/31/22 3:56,19.4,2.17,,,,
1960,5/31/22 4:01,19.8,2.18,,,,
1961,5/31/22 4:06,19.8,2.18,,,,
1962,5/31/22 4:11,19.8,2.18,,,,
1963,5/31/22 4:16,19.8,2.18,,,,
1964,5/31/22 4:21,19.8,2.17,,,,
1965,5/31/22 4:26,19.8,2.18,,,,
1966,5/31/22 4:31,19.8,2.18,,,,
1967,5/31/22 4:36,19.8,2.18,,,,
1968,5/31/22 4:41,19.8,2.18,,,,
1969,5/31/22 4:46,19.4,2.2,,,,
1970,5/31/22 4:51,19.8,2.18,,,,
1971,5/31/22 4:56,19.8,2.18,,,,
1972,5/31/22 5:01,19.8,2.18,,,,
1973,5/31/22 5:06,19.8,2.18,,,,
1974,5/31/22 5:11,19.8,2.18,,,,
1975,5/31/22 5:16,19.8,2.17,,,,
1976,5/31/22 5:21,19.8,2.18,,,,
1977,5/31/22 5:26,19.8,2.18,,,,
1978,5/31/22 5:31,19.8,2.18,,,,
1979,5/31/22 5:36,19.8,2.18,,,,
1980,5/31/22 5:41,19.8,2.18,,,,
1981,5/31/22 5:46,19.8,2.18,,,,
1982,5/31/22 5:51,19.8,2.18,,,,
1983,5/31/22 5:56,19.8,2.18,,,,
1984,5/31/22 6:01,19.8,2.17,,,,
1985,5/31/22 6:06,19.8,2.18,,,,
1986,5/31/22 6:11,19.8,2.18,,,,
1987,5/31/22 6:16,19.8,2.18,,,,
1988,5/31/22 6:21,19.8,2.17,,,,
1989,5/31/22 6:26,19.8,2.18,,,,
1990,5/31/22 6:31,19.8,2.17,,,,
1991,5/31/22 6:36,19.8,2.2,,,,
1992,5/31/22 6:41,19.8,2.18,,,,
1993,5/31/22 6:46,19.8,2.18,,,,
1994,5/31/22 6:51,19.8,2.18,,,,
1995,5/31/22 6:56,19.8,2.18,,,,
1996,5/31/22 7:01,19.8,2.17,,,,
1997,5/31/22 7:06,19.8,2.18,,,,
1998,5/31/22 7:11,19.8,2.2,,,,
1999,5/31/22 7:16,19.8,2.18,,,,
2000,5/31/22 7:21,19.8,2.18,,,,
2001,5/31/22 7:26,19.8,2.18,,,,
2002,5/31/22 7:31,19.8,2.18,,,,
2003,5/31/22 7:36,19.8,2.18,,,,
2004,5/31/22 7:41,19.8,2.2,,,,
2005,5/31/22 7:46,19.8,2.18,,,,
2006,5/31/22 7:51,19.8,2.18,,,,
2007,5/31/22 7:56,19.8,2.2,,,,
2008,5/31/22 8:01,19.8,2.18,,,,
2009,5/31/22 8:06,19.8,2.18,,,,
2010,5/31/22 8:11,19.8,2.18,,,,
2011,5/31/22 8:16,19.8,2.18,,,,
2012,5/31/22 8:21,19.8,2.2,,,,
2013,5/31/22 8:26,19.8,2.18,,,,
2014,5/31/22 8:31,19.8,2.2,,,,
2015,5/31/22 8:36,19.8,2.2,,,,
2016,5/31/22 8:41,19.8,2.18,,,,
2017,5/31/22 8:46,19.8,2.18,,,,
2018,5/31/22 8:51,19.8,2.18,,,,
2019,5/31/22 8:56,19.8,2.2,,,,
2020,5/31/22 9:01,19.8,2.18,,,,
2021,5/31/22 9:06,19.8,2.18,,,,
2022,5/31/22 9:11,19.8,2.17,,,,
2023,5/31/22 9:16,19.8,2.2,,,,
2024,5/31/22 9:21,19.4,2.2,,,,
2025,5/31/22 9:26,19.8,2.2,,,,
2026,5/31/22 9:31,19.8,2.18,,,,
2027,5/31/22 9:36,19.8,2.18,,,,
2028,5/31/22 9:41,19.8,2.2,,,,
2029,5/31/22 9:46,,,,Logged,,
2030,5/31/22 9:46,6.7,2.33,,,,
2031,5/31/22 9:47,,,,,Logged,Logged