Device Name:,,OM-CP-VOLT101A
Device Description:,,Voltage Data Logger
Serial Number:,,R66667
Device ID:,,MultiChannel
,,
,,Channel 1
Date,Time,Voltage (mV)
5/17/22,14:04:22,73.565
5/17/22,14:14:22,73.925
5/17/22,14:24:22,71.905
5/17/22,14:34:22,71.5
5/17/22,14:44:22,73.94
5/17/22,14:54:22,74.015
5/17/22,15:04:22,72.47
5/17/22,15:14:22,75.38
5/17/22,15:24:22,70.82
5/17/22,15:34:22,73.415
5/17/22,15:44:22,74.485
5/17/22,15:54:22,75.19
5/17/22,16:04:22,71.955
5/17/22,16:14:22,73.925
5/17/22,16:24:22,73.765
5/17/22,16:34:22,75.825
5/17/22,16:44:22,78.29
5/17/22,16:54:22,75.63
5/17/22,17:04:22,77.97
5/17/22,17:14:22,73.64
5/17/22,17:24:22,78.38
5/17/22,17:34:22,79.4
5/17/22,17:44:22,78.41
5/17/22,17:54:22,79.78
5/17/22,18:04:22,79.815
5/17/22,18:14:22,80.185
5/17/22,18:24:22,19.44
5/17/22,18:34:22,18.86
5/17/22,18:44:22,18.72
5/17/22,18:54:22,18.54
5/17/22,19:04:22,16.55
5/17/22,19:14:22,19.26
5/17/22,19:24:22,19.715
5/17/22,19:34:22,20.63
5/17/22,19:44:22,22.285
5/17/22,19:54:22,21.985
5/17/22,20:04:22,22.785
5/17/22,20:14:22,22.305
5/17/22,20:24:22,19.74
5/17/22,20:34:22,22.47
5/17/22,20:44:22,19.845
5/17/22,20:54:22,18.88
5/17/22,21:04:22,18.69
5/17/22,21:14:22,18.81
5/17/22,21:24:22,19.735
5/17/22,21:34:22,2.005
5/17/22,21:44:22,2.005
5/17/22,21:54:22,2.005
5/17/22,22:04:22,2.005
5/17/22,22:14:22,2.01
5/17/22,22:24:22,2.435
5/17/22,22:34:22,3.425
5/17/22,22:44:22,4.385
5/17/22,22:54:22,5.32
5/17/22,23:04:22,6.255
5/17/22,23:14:22,7.16
5/17/22,23:24:22,8.035
5/17/22,23:34:22,8.905
5/17/22,23:44:22,9.745
5/17/22,23:54:22,10.58
5/18/22,0:04:22,11.395
5/18/22,0:14:22,12.205
5/18/22,0:24:22,13.005
5/18/22,0:34:22,13.785
5/18/22,0:44:22,14.56
5/18/22,0:54:22,15.325
5/18/22,1:04:22,16.075
5/18/22,1:14:22,16.82
5/18/22,1:24:22,17.545
5/18/22,1:34:22,18.275
5/18/22,1:44:22,18.99
5/18/22,1:54:22,19.68
5/18/22,2:04:22,20.29
5/18/22,2:14:22,20.78
5/18/22,2:24:22,21.325
5/18/22,2:34:22,21.9
5/18/22,2:44:22,22.495
5/18/22,2:54:22,23.075
5/18/22,3:04:22,23.655
5/18/22,3:14:22,24.22
5/18/22,3:24:22,24.78
5/18/22,3:34:22,25.33
5/18/22,3:44:22,25.865
5/18/22,3:54:22,26.405
5/18/22,4:04:22,26.93
5/18/22,4:14:22,27.445
5/18/22,4:24:22,27.955
5/18/22,4:34:22,28.455
5/18/22,4:44:22,28.945
5/18/22,4:54:22,29.43
5/18/22,5:04:22,29.91
5/18/22,5:14:22,30.385
5/18/22,5:24:22,30.85
5/18/22,5:34:22,31.295
5/18/22,5:44:22,31.755
5/18/22,5:54:22,32.2
5/18/22,6:04:22,32.635
5/18/22,6:14:22,33.065
5/18/22,6:24:22,33.49
5/18/22,6:34:22,33.9
5/18/22,6:44:22,34.315
5/18/22,6:54:22,34.705
5/18/22,7:04:22,35.085
5/18/22,7:14:22,35.455
5/18/22,7:24:22,31.33
5/18/22,7:34:22,160
5/18/22,7:44:22,6.205
5/18/22,7:54:22,160
5/18/22,8:04:22,160
5/18/22,8:14:22,160
5/18/22,8:24:22,160
5/18/22,8:34:22,11.705
5/18/22,8:44:22,6.235
5/18/22,8:54:22,160
5/18/22,9:04:22,21.18
5/18/22,9:14:22,91.595
5/18/22,9:24:22,106.59
5/18/22,9:34:22,115.31
5/18/22,9:44:22,112.63
5/18/22,9:54:22,105.345
5/18/22,10:04:22,100.455
5/18/22,10:14:22,93.32
5/18/22,10:24:22,90.145
5/18/22,10:34:22,86.245
5/18/22,10:44:22,84.68
5/18/22,10:54:22,83.805
5/18/22,11:04:22,76.135
5/18/22,11:14:22,70.975
5/18/22,11:24:22,73.87
5/18/22,11:34:22,71.695
5/18/22,11:44:22,68.485
5/18/22,11:54:22,69.775
5/18/22,12:04:22,68.85
5/18/22,12:14:22,68.985
5/18/22,12:24:22,68.37
5/18/22,12:34:22,65.795
5/18/22,12:44:22,68.38
5/18/22,12:54:22,70.26
5/18/22,13:04:22,65.985
5/18/22,13:14:22,66.13
5/18/22,13:24:22,70.3
5/18/22,13:34:22,65.195
5/18/22,13:44:22,66.08
5/18/22,13:54:22,68.53
5/18/22,14:04:22,65.215
5/18/22,14:14:22,67.09
5/18/22,14:24:22,66.06
5/18/22,14:34:22,64.83
5/18/22,14:44:22,66.445
5/18/22,14:54:22,69.125
5/18/22,15:04:22,66.115
5/18/22,15:14:22,63.43
5/18/22,15:24:22,66.36
5/18/22,15:34:22,67.225
5/18/22,15:44:22,71.635
5/18/22,15:54:22,70.655
5/18/22,16:04:22,71.25
5/18/22,16:14:22,65.94
5/18/22,16:24:22,68.975
5/18/22,16:34:22,72.25
5/18/22,16:44:22,73.065
5/18/22,16:54:22,72.525
5/18/22,17:04:22,75.395
5/18/22,17:14:22,18.04
5/18/22,17:24:22,15.175
5/18/22,17:34:22,19.32
5/18/22,17:44:22,20.195
5/18/22,17:54:22,21.64
5/18/22,18:04:22,19.44
5/18/22,18:14:22,18.555
5/18/22,18:24:22,18.26
5/18/22,18:34:22,18.85
5/18/22,18:44:22,19.185
5/18/22,18:54:22,18.92
5/18/22,19:04:22,19.91
5/18/22,19:14:22,20.735
5/18/22,19:24:22,21.14
5/18/22,19:34:22,2.01
5/18/22,19:44:22,2.005
5/18/22,19:54:22,2.005
5/18/22,20:04:22,2.01
5/18/22,20:14:22,2.01
5/18/22,20:24:22,2.01
5/18/22,20:34:22,2.615
5/18/22,20:44:22,3.6
5/18/22,20:54:22,4.57
5/18/22,21:04:22,5.515
5/18/22,21:14:22,6.44
5/18/22,21:24:22,7.34
5/18/22,21:34:22,8.23
5/18/22,21:44:22,9.11
5/18/22,21:54:22,9.96
5/18/22,22:04:22,10.805
5/18/22,22:14:22,11.63
5/18/22,22:24:22,12.445
5/18/22,22:34:22,13.23
5/18/22,22:44:22,13.915
5/18/22,22:54:22,14.575
5/18/22,23:04:22,15.27
5/18/22,23:14:22,15.97
5/18/22,23:24:22,16.66
5/18/22,23:34:22,17.34
5/18/22,23:44:22,18.01
5/18/22,23:54:22,18.665
5/19/22,0:04:22,19.315
5/19/22,0:14:22,19.95
5/19/22,0:24:22,20.575
5/19/22,0:34:22,21.185
5/19/22,0:44:22,21.79
5/19/22,0:54:22,22.375
5/19/22,1:04:22,22.95
5/19/22,1:14:22,23.54
5/19/22,1:24:22,24.11
5/19/22,1:34:22,24.67
5/19/22,1:44:22,25.22
5/19/22,1:54:22,25.765
5/19/22,2:04:22,26.305
5/19/22,2:14:22,26.83
5/19/22,2:24:22,27.36
5/19/22,2:34:22,27.875
5/19/22,2:44:22,28.38
5/19/22,2:54:22,28.89
5/19/22,3:04:22,29.385
5/19/22,3:14:22,29.875
5/19/22,3:24:22,30.35
5/19/22,3:34:22,30.825
5/19/22,3:44:22,31.29
5/19/22,3:54:22,31.745
5/19/22,4:04:22,32.195
5/19/22,4:14:22,32.65
5/19/22,4:24:22,33.085
5/19/22,4:34:22,33.525
5/19/22,4:44:22,33.955
5/19/22,4:54:22,34.385
5/19/22,5:04:22,34.8
5/19/22,5:14:22,35.225
5/19/22,5:24:22,35.625
5/19/22,5:34:22,36.035
5/19/22,5:44:22,36.44
5/19/22,5:54:22,36.835
5/19/22,6:04:22,37.23
5/19/22,6:14:22,37.625
5/19/22,6:24:22,38.01
5/19/22,6:34:22,38.39
5/19/22,6:44:22,38.765
5/19/22,6:54:22,39.14
5/19/22,7:04:22,39.51
5/19/22,7:14:22,39.865
5/19/22,7:24:22,40.215
5/19/22,7:34:22,40.555
5/19/22,7:44:22,40.895
5/19/22,7:54:22,41.225
5/19/22,8:04:22,41.565
5/19/22,8:14:22,160
5/19/22,8:24:22,160
5/19/22,8:34:22,6.105
5/19/22,8:44:22,6.585
5/19/22,8:54:22,5.835
5/19/22,9:04:22,41.235
5/19/22,9:14:22,86.705
5/19/22,9:24:22,103.97
5/19/22,9:34:22,113.85
5/19/22,9:44:22,107.975
5/19/22,9:54:22,108.99
5/19/22,10:04:22,108.52
5/19/22,10:14:22,103.935
5/19/22,10:24:22,101.485
5/19/22,10:34:22,97.385
5/19/22,10:44:22,88.725
5/19/22,10:54:22,90.505
5/19/22,11:04:22,82.695
5/19/22,11:14:22,83.915
5/19/22,11:24:22,79.155
5/19/22,11:34:22,81.19
5/19/22,11:44:22,76.05
5/19/22,11:54:22,73.565
5/19/22,12:04:22,73.905
5/19/22,12:14:22,67.14
5/19/22,12:24:22,67.62
5/19/22,12:34:22,68.9
5/19/22,12:44:22,66.205
5/19/22,12:54:22,66.58
5/19/22,13:04:22,65.165
5/19/22,13:14:22,62.6
5/19/22,13:24:22,66.365
5/19/22,13:34:22,69.035
5/19/22,13:44:22,66.13
5/19/22,13:54:22,66.405
5/19/22,14:04:22,66.49
5/19/22,14:14:22,66.3
5/19/22,14:24:22,66.17
5/19/22,14:34:22,68.45
5/19/22,14:44:22,62.93
5/19/22,14:54:22,64.24
5/19/22,15:04:22,67.38
5/19/22,15:14:22,66.42
5/19/22,15:24:22,62.285
5/19/22,15:34:22,68.635
5/19/22,15:44:22,67.275
5/19/22,15:54:22,17.465
5/19/22,16:04:22,22.13
5/19/22,16:14:22,18.875
5/19/22,16:24:22,19.585
5/19/22,16:34:22,21.605
5/19/22,16:44:22,20.95
5/19/22,16:54:22,22.19
5/19/22,17:04:22,22.12
5/19/22,17:14:22,17.39
5/19/22,17:24:22,18.31
5/19/22,17:34:22,20.075
5/19/22,17:44:22,2.005
5/19/22,17:54:22,2.01
5/19/22,18:04:22,2.015
5/19/22,18:14:22,2.015
5/19/22,18:24:22,2.015
5/19/22,18:34:22,2.025
5/19/22,18:44:22,2.96
5/19/22,18:54:22,4.025
5/19/22,19:04:22,5.065
5/19/22,19:14:22,6.06
5/19/22,19:24:22,7.04
5/19/22,19:34:22,7.995
5/19/22,19:44:22,8.925
5/19/22,19:54:22,9.825
5/19/22,20:04:22,10.605
5/19/22,20:14:22,11.385
5/19/22,20:24:22,12.2
5/19/22,20:34:22,13
5/19/22,20:44:22,13.775
5/19/22,20:54:22,14.53
5/19/22,21:04:22,15.27
5/19/22,21:14:22,16.01
5/19/22,21:24:22,16.745
5/19/22,21:34:22,17.465
5/19/22,21:44:22,18.175
5/19/22,21:54:22,18.875
5/19/22,22:04:22,19.55
5/19/22,22:14:22,20.225
5/19/22,22:24:22,20.895
5/19/22,22:34:22,21.545
5/19/22,22:44:22,22.19
5/19/22,22:54:22,22.82
5/19/22,23:04:22,23.445
5/19/22,23:14:22,24.05
5/19/22,23:24:22,24.645
5/19/22,23:34:22,25.24
5/19/22,23:44:22,25.815
5/19/22,23:54:22,26.385
5/20/22,0:04:22,26.94
5/20/22,0:14:22,27.485
5/20/22,0:24:22,28.02
5/20/22,0:34:22,28.55
5/20/22,0:44:22,29.075
5/20/22,0:54:22,29.595
5/20/22,1:04:22,30.105
5/20/22,1:14:22,30.6
5/20/22,1:24:22,31.085
5/20/22,1:34:22,31.56
5/20/22,1:44:22,32.04
5/20/22,1:54:22,32.525
5/20/22,2:04:22,32.99
5/20/22,2:14:22,33.45
5/20/22,2:24:22,33.895
5/20/22,2:34:22,34.335
5/20/22,2:44:22,34.765
5/20/22,2:54:22,35.19
5/20/22,3:04:22,35.6
5/20/22,3:14:22,36.005
5/20/22,3:24:22,36.415
5/20/22,3:34:22,36.81
5/20/22,3:44:22,37.175
5/20/22,3:54:22,37.52
5/20/22,4:04:22,37.86
5/20/22,4:14:22,38.185
5/20/22,4:24:22,38.52
5/20/22,4:34:22,38.845
5/20/22,4:44:22,39.17
5/20/22,4:54:22,39.48
5/20/22,5:04:22,39.805
5/20/22,5:14:22,40.115
5/20/22,5:24:22,40.4
5/20/22,5:34:22,40.7
5/20/22,5:44:22,40.98
5/20/22,5:54:22,41.25
5/20/22,6:04:22,41.495
5/20/22,6:14:22,41.74
5/20/22,6:24:22,41.995
5/20/22,6:34:22,42.25
5/20/22,6:44:22,42.51
5/20/22,6:54:22,42.795
5/20/22,7:04:22,43.05
5/20/22,7:14:22,43.305
5/20/22,7:24:22,43.56
5/20/22,7:34:22,43.825
5/20/22,7:44:22,44.085
5/20/22,7:54:22,44.35
5/20/22,8:04:22,44.59
5/20/22,8:14:22,44.84
5/20/22,8:24:22,45.11
5/20/22,8:34:22,45.335
5/20/22,8:44:22,45.57
5/20/22,8:54:22,45.8
5/20/22,9:04:22,46.04
5/20/22,9:14:22,46.255
5/20/22,9:24:22,46.465
5/20/22,9:34:22,46.71
5/20/22,9:44:22,47.08
5/20/22,9:54:22,47.465
5/20/22,10:04:22,47.75
5/20/22,10:14:22,48.12
5/20/22,10:24:22,153.595
5/20/22,10:34:22,160
5/20/22,10:44:22,160
5/20/22,10:54:22,4.42
5/20/22,11:04:22,160
5/20/22,11:14:22,8.55
5/20/22,11:24:22,9.72
5/20/22,11:34:22,160
5/20/22,11:44:22,160
5/20/22,11:54:22,160
5/20/22,12:04:22,160
5/20/22,12:14:22,160
5/20/22,12:24:22,160
5/20/22,12:34:22,160
5/20/22,12:44:22,160
5/20/22,12:54:22,160
5/20/22,13:04:22,160
5/20/22,13:14:22,160
5/20/22,13:24:22,160
5/20/22,13:34:22,160
5/20/22,13:44:22,160
5/20/22,13:54:22,7.455
5/20/22,14:04:22,8.09
5/20/22,14:14:22,9.495
5/20/22,14:24:22,10.205
5/20/22,14:34:22,10.85
5/20/22,14:44:22,11.55
5/20/22,14:54:22,12.235
5/20/22,15:04:22,12.855
5/20/22,15:14:22,13.51
5/20/22,15:24:22,14.2
5/20/22,15:34:22,14.855
5/20/22,15:44:22,15.495
5/20/22,15:54:22,16.125
5/20/22,16:04:22,16.74
5/20/22,16:14:22,17.355
5/20/22,16:24:22,17.99
5/20/22,16:34:22,18.615
5/20/22,16:44:22,19.23
5/20/22,16:54:22,19.8
5/20/22,17:04:22,20.39
5/20/22,17:14:22,20.96
5/20/22,17:24:22,21.495
5/20/22,17:34:22,22.01
5/20/22,17:44:22,22.54
5/20/22,17:54:22,23.06
5/20/22,18:04:22,23.565
5/20/22,18:14:22,24.08
5/20/22,18:24:22,24.58
5/20/22,18:34:22,25.07
5/20/22,18:44:22,25.58
5/20/22,18:54:22,26.065
5/20/22,19:04:22,26.58
5/20/22,19:14:22,27.055
5/20/22,19:24:22,27.495
5/20/22,19:34:22,27.955
5/20/22,19:44:22,28.405
5/20/22,19:54:22,28.875
5/20/22,20:04:22,29.265
5/20/22,20:14:22,29.72
5/20/22,20:24:22,30.17
5/20/22,20:34:22,30.585
5/20/22,20:44:22,30.99
5/20/22,20:54:22,31.405
5/20/22,21:04:22,31.825
5/20/22,21:14:22,32.22
5/20/22,21:24:22,32.625
5/20/22,21:34:22,33.025
5/20/22,21:44:22,33.38
5/20/22,21:54:22,33.77
5/20/22,22:04:22,34.12
5/20/22,22:14:22,34.44
5/20/22,22:24:22,34.815
5/20/22,22:34:22,35.2
5/20/22,22:44:22,35.59
5/20/22,22:54:22,35.96
5/20/22,23:04:22,36.325
5/20/22,23:14:22,36.685
5/20/22,23:24:22,37.045
5/20/22,23:34:22,37.4
5/20/22,23:44:22,37.735
5/20/22,23:54:22,38.075
5/21/22,0:04:22,38.42
5/21/22,0:14:22,38.775
5/21/22,0:24:22,39.145
5/21/22,0:34:22,39.505
5/21/22,0:44:22,39.87
5/21/22,0:54:22,40.24
5/21/22,1:04:22,40.57
5/21/22,1:14:22,40.92
5/21/22,1:24:22,41.255
5/21/22,1:34:22,41.605
5/21/22,1:44:22,41.935
5/21/22,1:54:22,42.27
5/21/22,2:04:22,42.6
5/21/22,2:14:22,42.925
5/21/22,2:24:22,43.235
5/21/22,2:34:22,43.55
5/21/22,2:44:22,43.87
5/21/22,2:54:22,44.185
5/21/22,3:04:22,44.49
5/21/22,3:14:22,44.785
5/21/22,3:24:22,45.045
5/21/22,3:34:22,45.34
5/21/22,3:44:22,45.635
5/21/22,3:54:22,45.925
5/21/22,4:04:22,46.225
5/21/22,4:14:22,46.505
5/21/22,4:24:22,46.785
5/21/22,4:34:22,47.04
5/21/22,4:44:22,47.325
5/21/22,4:54:22,47.61
5/21/22,5:04:22,47.885
5/21/22,5:14:22,48.155
5/21/22,5:24:22,48.415
5/21/22,5:34:22,48.675
5/21/22,5:44:22,48.94
5/21/22,5:54:22,49.205
5/21/22,6:04:22,49.455
5/21/22,6:14:22,49.715
5/21/22,6:24:22,49.97
5/21/22,6:34:22,50.225
5/21/22,6:44:22,50.475
5/21/22,6:54:22,50.74
5/21/22,7:04:22,50.995
5/21/22,7:14:22,51.24
5/21/22,7:24:22,51.49
5/21/22,7:34:22,51.75
5/21/22,7:44:22,51.975
5/21/22,7:54:22,52.16
5/21/22,8:04:22,52.45
5/21/22,8:14:22,52.715
5/21/22,8:24:22,52.925
5/21/22,8:34:22,53.175
5/21/22,8:44:22,53.39
5/21/22,8:54:22,53.365
5/21/22,9:04:22,53.57
5/21/22,9:14:22,53.86
5/21/22,9:24:22,54.125
5/21/22,9:34:22,54.35
5/21/22,9:44:22,54.595
5/21/22,9:54:22,54.855
5/21/22,10:04:22,55.15
5/21/22,10:14:22,55.405
5/21/22,10:24:22,55.605
5/21/22,10:34:22,55.98
5/21/22,10:44:22,56.18
5/21/22,10:54:22,56.44
5/21/22,11:04:22,56.675
5/21/22,11:14:22,56.915
5/21/22,11:24:22,57.175
5/21/22,11:34:22,57.33
5/21/22,11:44:22,57.65
5/21/22,11:54:22,57.89
5/21/22,12:04:22,58.135
5/21/22,12:14:22,58.35
5/21/22,12:24:22,58.69
5/21/22,12:34:22,58.88
5/21/22,12:44:22,59.105
5/21/22,12:54:22,59.39
5/21/22,13:04:22,59.665
5/21/22,13:14:22,59.9
5/21/22,13:24:22,60.075
5/21/22,13:34:22,60.285
5/21/22,13:44:22,60.48
5/21/22,13:54:22,60.675
5/21/22,14:04:22,60.87
5/21/22,14:14:22,61.08
5/21/22,14:24:22,61.295
5/21/22,14:34:22,61.48
5/21/22,14:44:22,61.685
5/21/22,14:54:22,61.9
5/21/22,15:04:22,62.095
5/21/22,15:14:22,62.275
5/21/22,15:24:22,62.485
5/21/22,15:34:22,62.695
5/21/22,15:44:22,62.875
5/21/22,15:54:22,63.065
5/21/22,16:04:22,63.255
5/21/22,16:14:22,63.45
5/21/22,16:24:22,63.635
5/21/22,16:34:22,63.805
5/21/22,16:44:22,63.99
5/21/22,16:54:22,64.17
5/21/22,17:04:22,64.35
5/21/22,17:14:22,64.54
5/21/22,17:24:22,64.715
5/21/22,17:34:22,64.88
5/21/22,17:44:22,65.06
5/21/22,17:54:22,65.245
5/21/22,18:04:22,65.415
5/21/22,18:14:22,65.58
5/21/22,18:24:22,65.75
5/21/22,18:34:22,65.905
5/21/22,18:44:22,66.075
5/21/22,18:54:22,66.23
5/21/22,19:04:22,66.395
5/21/22,19:14:22,66.56
5/21/22,19:24:22,66.715
5/21/22,19:34:22,66.865
5/21/22,19:44:22,67.03
5/21/22,19:54:22,67.185
5/21/22,20:04:22,67.335
5/21/22,20:14:22,67.49
5/21/22,20:24:22,67.66
5/21/22,20:34:22,67.81
5/21/22,20:44:22,67.975
5/21/22,20:54:22,68.125
5/21/22,21:04:22,68.285
5/21/22,21:14:22,68.44
5/21/22,21:24:22,68.595
5/21/22,21:34:22,68.75
5/21/22,21:44:22,68.91
5/21/22,21:54:22,69.06
5/21/22,22:04:22,69.2
5/21/22,22:14:22,69.34
5/21/22,22:24:22,69.475
5/21/22,22:34:22,69.61
5/21/22,22:44:22,69.75
5/21/22,22:54:22,69.865
5/21/22,23:04:22,69.98
5/21/22,23:14:22,70.11
5/21/22,23:24:22,70.255
5/21/22,23:34:22,70.4
5/21/22,23:44:22,70.545
5/21/22,23:54:22,70.68
5/22/22,0:04:22,70.815
5/22/22,0:14:22,70.96
5/22/22,0:24:22,71.08
5/22/22,0:34:22,71.215
5/22/22,0:44:22,71.34
5/22/22,0:54:22,71.47
5/22/22,1:04:22,71.595
5/22/22,1:14:22,71.715
5/22/22,1:24:22,71.84
5/22/22,1:34:22,71.96
5/22/22,1:44:22,72.075
5/22/22,1:54:22,72.19
5/22/22,2:04:22,72.3
5/22/22,2:14:22,72.41
5/22/22,2:24:22,72.515
5/22/22,2:34:22,72.62
5/22/22,2:44:22,72.72
5/22/22,2:54:22,72.825
5/22/22,3:04:22,72.925
5/22/22,3:14:22,73.02
5/22/22,3:24:22,73.12
5/22/22,3:34:22,73.215
5/22/22,3:44:22,73.32
5/22/22,3:54:22,73.41
5/22/22,4:04:22,73.51
5/22/22,4:14:22,73.6
5/22/22,4:24:22,73.7
5/22/22,4:34:22,73.79
5/22/22,4:44:22,73.885
5/22/22,4:54:22,73.98
5/22/22,5:04:22,74.075
5/22/22,5:14:22,74.165
5/22/22,5:24:22,74.26
5/22/22,5:34:22,74.345
5/22/22,5:44:22,74.435
5/22/22,5:54:22,74.53
5/22/22,6:04:22,74.62
5/22/22,6:14:22,74.715
5/22/22,6:24:22,74.815
5/22/22,6:34:22,74.92
5/22/22,6:44:22,75.03
5/22/22,6:54:22,75.145
5/22/22,7:04:22,75.26
5/22/22,7:14:22,75.38
5/22/22,7:24:22,75.51
5/22/22,7:34:22,75.635
5/22/22,7:44:22,75.76
5/22/22,7:54:22,75.91
5/22/22,8:04:22,76.05
5/22/22,8:14:22,76.19
5/22/22,8:24:22,76.33
5/22/22,8:34:22,76.485
5/22/22,8:44:22,76.62
5/22/22,8:54:22,76.78
5/22/22,9:04:22,76.925
5/22/22,9:14:22,77.09
5/22/22,9:24:22,77.31
5/22/22,9:34:22,77.47
5/22/22,9:44:22,77.59
5/22/22,9:54:22,77.71
5/22/22,10:04:22,77.745
5/22/22,10:14:22,77.815
5/22/22,10:24:22,77.945
5/22/22,10:34:22,78.12
5/22/22,10:44:22,78.3
5/22/22,10:54:22,78.495
5/22/22,11:04:22,78.7
5/22/22,11:14:22,78.92
5/22/22,11:24:22,79.115
5/22/22,11:34:22,79.31
5/22/22,11:44:22,79.495
5/22/22,11:54:22,79.68
5/22/22,12:04:22,79.805
5/22/22,12:14:22,79.895
5/22/22,12:24:22,80.015
5/22/22,12:34:22,80.155
5/22/22,12:44:22,80.29
5/22/22,12:54:22,80.4
5/22/22,13:04:22,80.475
5/22/22,13:14:22,80.54
5/22/22,13:24:22,80.6
5/22/22,13:34:22,80.645
5/22/22,13:44:22,80.685
5/22/22,13:54:22,80.735
5/22/22,14:04:22,80.795
5/22/22,14:14:22,80.855
5/22/22,14:24:22,80.92
5/22/22,14:34:22,80.995
5/22/22,14:44:22,81.055
5/22/22,14:54:22,81.09
5/22/22,15:04:22,81.15
5/22/22,15:14:22,81.195
5/22/22,15:24:22,81.25
5/22/22,15:34:22,81.31
5/22/22,15:44:22,81.365
5/22/22,15:54:22,81.425
5/22/22,16:04:22,81.46
5/22/22,16:14:22,81.505
5/22/22,16:24:22,81.56
5/22/22,16:34:22,81.61
5/22/22,16:44:22,81.61
5/22/22,16:54:22,81.635
5/22/22,17:04:22,81.68
5/22/22,17:14:22,81.725
5/22/22,17:24:22,81.77
5/22/22,17:34:22,81.81
5/22/22,17:44:22,81.84
5/22/22,17:54:22,81.85
5/22/22,18:04:22,81.855
5/22/22,18:14:22,81.86
5/22/22,18:24:22,81.835
5/22/22,18:34:22,81.795
5/22/22,18:44:22,81.755
5/22/22,18:54:22,81.7
5/22/22,19:04:22,81.625
5/22/22,19:14:22,81.525
5/22/22,19:24:22,81.39
5/22/22,19:34:22,81.205
5/22/22,19:44:22,80.965
5/22/22,19:54:22,80.69
5/22/22,20:04:22,80.36
5/22/22,20:14:22,80.025
5/22/22,20:24:22,79.74
5/22/22,20:34:22,79.46
5/22/22,20:44:22,79.17
5/22/22,20:54:22,78.895
5/22/22,21:04:22,78.62
5/22/22,21:14:22,78.35
5/22/22,21:24:22,78.075
5/22/22,21:34:22,77.81
5/22/22,21:44:22,77.545
5/22/22,21:54:22,77.29
5/22/22,22:04:22,77.03
5/22/22,22:14:22,76.76
5/22/22,22:24:22,76.475
5/22/22,22:34:22,76.19
5/22/22,22:44:22,75.93
5/22/22,22:54:22,75.685
5/22/22,23:04:22,75.435
5/22/22,23:14:22,75.19
5/22/22,23:24:22,74.945
5/22/22,23:34:22,74.705
5/22/22,23:44:22,74.46
5/22/22,23:54:22,74.21
5/23/22,0:04:22,73.965
5/23/22,0:14:22,73.715
5/23/22,0:24:22,73.465
5/23/22,0:34:22,73.21
5/23/22,0:44:22,72.955
5/23/22,0:54:22,72.715
5/23/22,1:04:22,72.475
5/23/22,1:14:22,72.235
5/23/22,1:24:22,71.995
5/23/22,1:34:22,71.755
5/23/22,1:44:22,71.52
5/23/22,1:54:22,71.27
5/23/22,2:04:22,71.03
5/23/22,2:14:22,70.795
5/23/22,2:24:22,70.535
5/23/22,2:34:22,70.26
5/23/22,2:44:22,69.995
5/23/22,2:54:22,69.74
5/23/22,3:04:22,69.515
5/23/22,3:14:22,69.28
5/23/22,3:24:22,69.04
5/23/22,3:34:22,68.77
5/23/22,3:44:22,68.575
5/23/22,3:54:22,68.375
5/23/22,4:04:22,68.17
5/23/22,4:14:22,67.965
5/23/22,4:24:22,67.755
5/23/22,4:34:22,67.535
5/23/22,4:44:22,67.315
5/23/22,4:54:22,67.09
5/23/22,5:04:22,66.86
5/23/22,5:14:22,66.64
5/23/22,5:24:22,66.42
5/23/22,5:34:22,66.195
5/23/22,5:44:22,65.965
5/23/22,5:54:22,65.76
5/23/22,6:04:22,65.565
5/23/22,6:14:22,65.38
5/23/22,6:24:22,65.2
5/23/22,6:34:22,65.04
5/23/22,6:44:22,64.865
5/23/22,6:54:22,64.72
5/23/22,7:04:22,64.62
5/23/22,7:14:22,64.52
5/23/22,7:24:22,64.405
5/23/22,7:34:22,64.3
5/23/22,7:44:22,64.155
5/23/22,7:54:22,64.025
5/23/22,8:04:22,63.875
5/23/22,8:14:22,63.765
5/23/22,8:24:22,63.735
5/23/22,8:34:22,63.6
5/23/22,8:44:22,63.38
5/23/22,8:54:22,63.16
5/23/22,9:04:22,63.09
5/23/22,9:14:22,63.04
5/23/22,9:24:22,62.96
5/23/22,9:34:22,62.905
5/23/22,9:44:22,63.01
5/23/22,9:54:22,63.31
5/23/22,10:04:22,2.01
5/23/22,10:14:22,3.915
5/23/22,10:24:22,5.58
5/23/22,10:34:22,6.91
5/23/22,10:44:22,8.155
5/23/22,10:54:22,9.32
5/23/22,11:04:22,10.405
5/23/22,11:14:22,11.535
5/23/22,11:24:22,12.605
5/23/22,11:34:22,13.725
5/23/22,11:44:22,14.81
5/23/22,11:54:22,15.79
5/23/22,12:04:22,16.72
5/23/22,12:14:22,17.65
5/23/22,12:24:22,18.555
5/23/22,12:34:22,19.445
5/23/22,12:44:22,20.535
5/23/22,12:54:22,2.005
5/23/22,13:04:22,2.01
5/23/22,13:14:22,3.29
5/23/22,13:24:22,4.74
5/23/22,13:34:22,6.12
5/23/22,13:44:22,7.3
5/23/22,13:54:22,8.435
5/23/22,14:04:22,9.53
5/23/22,14:14:22,10.57
5/23/22,14:24:22,11.55
5/23/22,14:34:22,12.565
5/23/22,14:44:22,13.47
5/23/22,14:54:22,14.305
5/23/22,15:04:22,15.065
5/23/22,15:14:22,15.79
5/23/22,15:24:22,16.52
5/23/22,15:34:22,17.26
5/23/22,15:44:22,17.955
5/23/22,15:54:22,18.65
5/23/22,16:04:22,19.335
5/23/22,16:14:22,20.005
5/23/22,16:24:22,20.68
5/23/22,16:34:22,21.31
5/23/22,16:44:22,21.92
5/23/22,16:54:22,22.495
5/23/22,17:04:22,23.055
5/23/22,17:14:22,23.61
5/23/22,17:24:22,24.13
5/23/22,17:34:22,24.605
5/23/22,17:44:22,25.05
5/23/22,17:54:22,25.505
5/23/22,18:04:22,25.935
5/23/22,18:14:22,26.335
5/23/22,18:24:22,26.735
5/23/22,18:34:22,27.11
5/23/22,18:44:22,27.46
5/23/22,18:54:22,27.795
5/23/22,19:04:22,28.1
5/23/22,19:14:22,28.395
5/23/22,19:24:22,28.66
5/23/22,19:34:22,28.905
5/23/22,19:44:22,29.125
5/23/22,19:54:22,29.34
5/23/22,20:04:22,29.545
5/23/22,20:14:22,29.735
5/23/22,20:24:22,29.925
5/23/22,20:34:22,30.12
5/23/22,20:44:22,30.305
5/23/22,20:54:22,30.49
5/23/22,21:04:22,30.665
5/23/22,21:14:22,30.84
5/23/22,21:24:22,31.01
5/23/22,21:34:22,31.175
5/23/22,21:44:22,31.34
5/23/22,21:54:22,31.5
5/23/22,22:04:22,31.655
5/23/22,22:14:22,31.81
5/23/22,22:24:22,31.96
5/23/22,22:34:22,32.11
5/23/22,22:44:22,32.255
5/23/22,22:54:22,32.4
5/23/22,23:04:22,32.535
5/23/22,23:14:22,32.665
5/23/22,23:24:22,32.79
5/23/22,23:34:22,32.91
5/23/22,23:44:22,33.03
5/23/22,23:54:22,33.145
5/24/22,0:04:22,33.26
5/24/22,0:14:22,33.365
5/24/22,0:24:22,33.465
5/24/22,0:34:22,33.57
5/24/22,0:44:22,33.665
5/24/22,0:54:22,33.76
5/24/22,1:04:22,33.855
5/24/22,1:14:22,33.945
5/24/22,1:24:22,34.03
5/24/22,1:34:22,34.11
5/24/22,1:44:22,34.19
5/24/22,1:54:22,34.255
5/24/22,2:04:22,34.32
5/24/22,2:14:22,34.375
5/24/22,2:24:22,34.43
5/24/22,2:34:22,34.47
5/24/22,2:44:22,34.515
5/24/22,2:54:22,34.545
5/24/22,3:04:22,34.58
5/24/22,3:14:22,34.595
5/24/22,3:24:22,34.6
5/24/22,3:34:22,34.575
5/24/22,3:44:22,34.58
5/24/22,3:54:22,34.605
5/24/22,4:04:22,34.625
5/24/22,4:14:22,34.625
5/24/22,4:24:22,34.635
5/24/22,4:34:22,34.66
5/24/22,4:44:22,34.695
5/24/22,4:54:22,34.715
5/24/22,5:04:22,34.73
5/24/22,5:14:22,34.75
5/24/22,5:24:22,34.78
5/24/22,5:34:22,34.81
5/24/22,5:44:22,34.83
5/24/22,5:54:22,34.845
5/24/22,6:04:22,34.875
5/24/22,6:14:22,34.935
5/24/22,6:24:22,35.02
5/24/22,6:34:22,35.14
5/24/22,6:44:22,35.33
5/24/22,6:54:22,35.54
5/24/22,7:04:22,35.735
5/24/22,7:14:22,35.94
5/24/22,7:24:22,36.145
5/24/22,7:34:22,36.375
5/24/22,7:44:22,36.63
5/24/22,7:54:22,36.87
5/24/22,8:04:22,37.12
5/24/22,8:14:22,37.405
5/24/22,8:24:22,37.72
5/24/22,8:34:22,38.075
5/24/22,8:44:22,38.415
5/24/22,8:54:22,38.75
5/24/22,9:04:22,39.03
5/24/22,9:14:22,39.205
5/24/22,9:24:22,39.415
5/24/22,9:34:22,39.665
5/24/22,9:44:22,39.945
5/24/22,9:54:22,40.095
5/24/22,10:04:22,40.26
5/24/22,10:14:22,40.565
5/24/22,10:24:22,41.02
5/24/22,10:34:22,41.515
5/24/22,10:44:22,41.99
5/24/22,10:54:22,42.465
5/24/22,11:04:22,42.905
5/24/22,11:14:22,43.345
5/24/22,11:24:22,43.835
5/24/22,11:34:22,2.005
5/24/22,11:44:22,1.995
5/24/22,11:54:22,2.005
5/24/22,12:04:22,2.995
5/24/22,12:14:22,4.34
5/24/22,12:24:22,5.54
5/24/22,12:34:22,6.665
5/24/22,12:44:22,7.765
5/24/22,12:54:22,8.81
5/24/22,13:04:22,9.845
5/24/22,13:14:22,10.88
5/24/22,13:24:22,11.795
5/24/22,13:34:22,12.74
5/24/22,13:44:22,13.62
5/24/22,13:54:22,14.47
5/24/22,14:04:22,15.3
5/24/22,14:14:22,16.235
5/24/22,14:24:22,17.165
5/24/22,14:34:22,17.9
5/24/22,14:44:22,18.465
5/24/22,14:54:22,19
5/24/22,15:04:22,19.3
5/24/22,15:14:22,19.38
5/24/22,15:24:22,19.46
5/24/22,15:34:22,19.58
5/24/22,15:44:22,19.855
5/24/22,15:54:22,20.165
5/24/22,16:04:22,20.28
5/24/22,16:14:22,20.475
5/24/22,16:24:22,20.86
5/24/22,16:34:22,21.345
5/24/22,16:44:22,21.78
5/24/22,16:54:22,22.065
5/24/22,17:04:22,22.385
5/24/22,17:14:22,22.695
5/24/22,17:24:22,22.98
5/24/22,17:34:22,23.185
5/24/22,17:44:22,23.38
5/24/22,17:54:22,23.47
5/24/22,18:04:22,23.605
5/24/22,18:14:22,23.8
5/24/22,18:24:22,23.87
5/24/22,18:34:22,24.015
5/24/22,18:44:22,24.085
5/24/22,18:54:22,24.21
5/24/22,19:04:22,24.36
5/24/22,19:14:22,24.535
5/24/22,19:24:22,24.725
5/24/22,19:34:22,24.905
5/24/22,19:44:22,25.07
5/24/22,19:54:22,25.23
5/24/22,20:04:22,25.34
5/24/22,20:14:22,25.49
5/24/22,20:24:22,25.65
5/24/22,20:34:22,25.785
5/24/22,20:44:22,25.915
5/24/22,20:54:22,26.03
5/24/22,21:04:22,26.14
5/24/22,21:14:22,26.235
5/24/22,21:24:22,26.335
5/24/22,21:34:22,26.425
5/24/22,21:44:22,26.51
5/24/22,21:54:22,26.585
5/24/22,22:04:22,26.655
5/24/22,22:14:22,26.72
5/24/22,22:24:22,26.775
5/24/22,22:34:22,26.825
5/24/22,22:44:22,26.875
5/24/22,22:54:22,26.915
5/24/22,23:04:22,26.95
5/24/22,23:14:22,26.99
5/24/22,23:24:22,27.02
5/24/22,23:34:22,27.05
5/24/22,23:44:22,27.07
5/24/22,23:54:22,27.085
5/25/22,0:04:22,27.095
5/25/22,0:14:22,27.1
5/25/22,0:24:22,27.095
5/25/22,0:34:22,27.08
5/25/22,0:44:22,27.075
5/25/22,0:54:22,27.05
5/25/22,1:04:22,27.025
5/25/22,1:14:22,26.99
5/25/22,1:24:22,26.945
5/25/22,1:34:22,26.905
5/25/22,1:44:22,26.86
5/25/22,1:54:22,26.795
5/25/22,2:04:22,26.715
5/25/22,2:14:22,26.635
5/25/22,2:24:22,26.54
5/25/22,2:34:22,26.43
5/25/22,2:44:22,26.295
5/25/22,2:54:22,26.12
5/25/22,3:04:22,25.965
5/25/22,3:14:22,25.82
5/25/22,3:24:22,25.655
5/25/22,3:34:22,25.485
5/25/22,3:44:22,25.3
5/25/22,3:54:22,25.12
5/25/22,4:04:22,24.95
5/25/22,4:14:22,24.78
5/25/22,4:24:22,24.61
5/25/22,4:34:22,24.435
5/25/22,4:44:22,24.275
5/25/22,4:54:22,24.105
5/25/22,5:04:22,23.95
5/25/22,5:14:22,23.79
5/25/22,5:24:22,23.635
5/25/22,5:34:22,23.49
5/25/22,5:44:22,23.345
5/25/22,5:54:22,23.21
5/25/22,6:04:22,23.075
5/25/22,6:14:22,22.95
5/25/22,6:24:22,22.845
5/25/22,6:34:22,22.74
5/25/22,6:44:22,22.64
5/25/22,6:54:22,22.545
5/25/22,7:04:22,22.455
5/25/22,7:14:22,22.375
5/25/22,7:24:22,22.3
5/25/22,7:34:22,22.245
5/25/22,7:44:22,22.18
5/25/22,7:54:22,22.1
5/25/22,8:04:22,22.025
5/25/22,8:14:22,22.145
5/25/22,8:24:22,22.28
5/25/22,8:34:22,22.395
5/25/22,8:44:22,22.535
5/25/22,8:54:22,22.615
5/25/22,9:04:22,22.745
5/25/22,9:14:22,23.185
5/25/22,9:24:22,23.495
5/25/22,9:34:22,23.8
5/25/22,9:44:22,24.26
5/25/22,9:54:22,24.715
5/25/22,10:04:22,24.85
5/25/22,10:14:22,25.14
5/25/22,10:24:22,1.88
5/25/22,10:34:22,1.93
5/25/22,10:44:22,2.89
5/25/22,10:54:22,3.805
5/25/22,11:04:22,4.655
5/25/22,11:14:22,5.51
5/25/22,11:24:22,6.3
5/25/22,11:34:22,7.26
5/25/22,11:44:22,8.185
5/25/22,11:54:22,9.02
5/25/22,12:04:22,9.86
5/25/22,12:14:22,10.69
5/25/22,12:24:22,11.58
5/25/22,12:34:22,12.49
5/25/22,12:44:22,5.97
5/25/22,12:54:22,6.19
5/25/22,13:04:22,6.44
5/25/22,13:14:22,1.99
5/25/22,13:24:22,1.97
5/25/22,13:34:22,3
5/25/22,13:44:22,4.23
5/25/22,13:54:22,5.35
5/25/22,14:04:22,6.49
5/25/22,14:14:22,160
5/25/22,14:24:22,3.305
5/25/22,14:34:22,4.355
5/25/22,14:44:22,5.42
5/25/22,14:54:22,6.465
5/25/22,15:04:22,7.455
5/25/22,15:14:22,8.395
5/25/22,15:24:22,9.225
5/25/22,15:34:22,10
5/25/22,15:44:22,10.76
5/25/22,15:54:22,11.49
5/25/22,16:04:22,12.16
5/25/22,16:14:22,12.785
5/25/22,16:24:22,13.355
5/25/22,16:34:22,13.875
5/25/22,16:44:22,14.31
5/25/22,16:54:22,14.795
5/25/22,17:04:22,15.275
5/25/22,17:14:22,15.63
5/25/22,17:24:22,15.86
5/25/22,17:34:22,16.03
5/25/22,17:44:22,16.145
5/25/22,17:54:22,16.21
5/25/22,18:04:22,16.22
5/25/22,18:14:22,16.205
5/25/22,18:24:22,16.215
5/25/22,18:34:22,16.485
5/25/22,18:44:22,16.435
5/25/22,18:54:22,16.375
5/25/22,19:04:22,16.305
5/25/22,19:14:22,16.235
5/25/22,19:24:22,16.18
5/25/22,19:34:22,16.115
5/25/22,19:44:22,16.06
5/25/22,19:54:22,16.015
5/25/22,20:04:22,15.975
5/25/22,20:14:22,15.925
5/25/22,20:24:22,15.85
5/25/22,20:34:22,15.755
5/25/22,20:44:22,15.665
5/25/22,20:54:22,15.57
5/25/22,21:04:22,15.475
5/25/22,21:14:22,15.38
5/25/22,21:24:22,15.295
5/25/22,21:34:22,15.205
5/25/22,21:44:22,15.12
5/25/22,21:54:22,15.04
5/25/22,22:04:22,14.96
5/25/22,22:14:22,14.89
5/25/22,22:24:22,14.815
5/25/22,22:34:22,14.74
5/25/22,22:44:22,14.67
5/25/22,22:54:22,14.595
5/25/22,23:04:22,14.53
5/25/22,23:14:22,14.465
5/25/22,23:24:22,14.395
5/25/22,23:34:22,14.335
5/25/22,23:44:22,14.28
5/25/22,23:54:22,14.215
5/26/22,0:04:22,14.16
5/26/22,0:14:22,14.1
5/26/22,0:24:22,14.04
5/26/22,0:34:22,13.98
5/26/22,0:44:22,13.925
5/26/22,0:54:22,13.865
5/26/22,1:04:22,13.805
5/26/22,1:14:22,13.755
5/26/22,1:24:22,13.695
5/26/22,1:34:22,13.64
5/26/22,1:44:22,13.59
5/26/22,1:54:22,13.53
5/26/22,2:04:22,13.475
5/26/22,2:14:22,13.42
5/26/22,2:24:22,13.36
5/26/22,2:34:22,13.305
5/26/22,2:44:22,13.255
5/26/22,2:54:22,13.2
5/26/22,3:04:22,13.15
5/26/22,3:14:22,13.1
5/26/22,3:24:22,13.055
5/26/22,3:34:22,13.005
5/26/22,3:44:22,12.955
5/26/22,3:54:22,12.915
5/26/22,4:04:22,12.865
5/26/22,4:14:22,12.82
5/26/22,4:24:22,12.77
5/26/22,4:34:22,12.72
5/26/22,4:44:22,12.675
5/26/22,4:54:22,12.625
5/26/22,5:04:22,12.58
5/26/22,5:14:22,12.535
5/26/22,5:24:22,12.48
5/26/22,5:34:22,12.435
5/26/22,5:44:22,12.405
5/26/22,5:54:22,12.405
5/26/22,6:04:22,12.44
5/26/22,6:14:22,12.49
5/26/22,6:24:22,12.54
5/26/22,6:34:22,12.625
5/26/22,6:44:22,12.805
5/26/22,6:54:22,13.12
5/26/22,7:04:22,13.49
5/26/22,7:14:22,13.875
5/26/22,7:24:22,14.25
5/26/22,7:34:22,14.775
5/26/22,7:44:22,15.24
5/26/22,7:54:22,15.77
5/26/22,8:04:22,16.3
5/26/22,8:14:22,16.825
5/26/22,8:24:22,17.335
5/26/22,8:34:22,17.87
5/26/22,8:44:22,18.39
5/26/22,8:54:22,18.93
5/26/22,9:04:22,19.465
5/26/22,9:14:22,20.335
5/26/22,9:24:22,160
5/26/22,9:34:22,18.95
5/26/22,9:44:22,18.715
5/26/22,9:54:22,20.015
5/26/22,10:04:22,17.885
5/26/22,10:14:22,20.625
5/26/22,10:24:22,160
5/26/22,10:34:22,2.005
5/26/22,10:44:22,2.005
5/26/22,10:54:22,2.005
5/26/22,11:04:22,2.01
5/26/22,11:14:22,160
5/26/22,11:24:22,7.095
5/26/22,11:34:22,19.505
5/26/22,11:44:22,20.4
5/26/22,11:54:22,160
5/26/22,12:04:22,2.015
5/26/22,12:14:22,2.015
5/26/22,12:24:22,2.62
5/26/22,12:34:22,2.62
5/26/22,12:44:22,19.7
5/26/22,12:54:22,18.985
5/26/22,13:04:22,18.35
5/26/22,13:14:22,160
5/26/22,13:24:22,160
5/26/22,13:34:22,6.69
5/26/22,13:44:22,6.14
5/26/22,13:54:22,6.37
5/26/22,14:04:22,6.165
5/26/22,14:14:22,18.875
5/26/22,14:24:22,13.4
5/26/22,14:34:22,160
5/26/22,14:44:22,160
5/26/22,14:54:22,62.18
5/26/22,15:04:22,6.75
5/26/22,15:14:22,26.255
5/26/22,15:24:22,6.805
5/26/22,15:34:22,2.01
5/26/22,15:44:22,2.02
5/26/22,15:54:22,2.73
5/26/22,16:04:22,3.76
5/26/22,16:14:22,4.77
5/26/22,16:24:22,5.76
5/26/22,16:34:22,6.715
5/26/22,16:44:22,7.585
5/26/22,16:54:22,8.39
5/26/22,17:04:22,9.18
5/26/22,17:14:22,9.955
5/26/22,17:24:22,10.74
5/26/22,17:34:22,11.52
5/26/22,17:44:22,12.285
5/26/22,17:54:22,13.04
5/26/22,18:04:22,13.81
5/26/22,18:14:22,14.475
5/26/22,18:24:22,15.115
5/26/22,18:34:22,15.71
5/26/22,18:44:22,16.235
5/26/22,18:54:22,16.62
5/26/22,19:04:22,16.865
5/26/22,19:14:22,17.06
5/26/22,19:24:22,17.235
5/26/22,19:34:22,17.345
5/26/22,19:44:22,17.36
5/26/22,19:54:22,17.275
5/26/22,20:04:22,17.145
5/26/22,20:14:22,17.025
5/26/22,20:24:22,16.87
5/26/22,20:34:22,16.695
5/26/22,20:44:22,16.525
5/26/22,20:54:22,16.355
5/26/22,21:04:22,16.19
5/26/22,21:14:22,16.025
5/26/22,21:24:22,15.86
5/26/22,21:34:22,15.695
5/26/22,21:44:22,15.54
5/26/22,21:54:22,15.39
5/26/22,22:04:22,15.245
5/26/22,22:14:22,15.095
5/26/22,22:24:22,14.945
5/26/22,22:34:22,14.81
5/26/22,22:44:22,14.67
5/26/22,22:54:22,14.53
5/26/22,23:04:22,14.4
5/26/22,23:14:22,14.265
5/26/22,23:24:22,14.14
5/26/22,23:34:22,14.015
5/26/22,23:44:22,13.89
5/26/22,23:54:22,13.77
5/27/22,0:04:22,13.655
5/27/22,0:14:22,13.535
5/27/22,0:24:22,13.425
5/27/22,0:34:22,13.31
5/27/22,0:44:22,13.2
5/27/22,0:54:22,13.085
5/27/22,1:04:22,12.98
5/27/22,1:14:22,12.87
5/27/22,1:24:22,12.76
5/27/22,1:34:22,12.65
5/27/22,1:44:22,12.54
5/27/22,1:54:22,12.43
5/27/22,2:04:22,12.32
5/27/22,2:14:22,12.205
5/27/22,2:24:22,12.1
5/27/22,2:34:22,11.985
5/27/22,2:44:22,11.885
5/27/22,2:54:22,11.775
5/27/22,3:04:22,11.665
5/27/22,3:14:22,11.565
5/27/22,3:24:22,11.465
5/27/22,3:34:22,11.365
5/27/22,3:44:22,11.27
5/27/22,3:54:22,11.185
5/27/22,4:04:22,11.085
5/27/22,4:14:22,11
5/27/22,4:24:22,10.91
5/27/22,4:34:22,10.825
5/27/22,4:44:22,10.745
5/27/22,4:54:22,10.66
5/27/22,5:04:22,10.59
5/27/22,5:14:22,10.515
5/27/22,5:24:22,10.44
5/27/22,5:34:22,10.365
5/27/22,5:44:22,10.3
5/27/22,5:54:22,10.245
5/27/22,6:04:22,10.21
5/27/22,6:14:22,10.2
5/27/22,6:24:22,10.255
5/27/22,6:34:22,10.35
5/27/22,6:44:22,10.6
5/27/22,6:54:22,10.925
5/27/22,7:04:22,11.13
5/27/22,7:14:22,11.435
5/27/22,7:24:22,11.9
5/27/22,7:34:22,12.71
5/27/22,7:44:22,13.55
5/27/22,7:54:22,14.32
5/27/22,8:04:22,160
5/27/22,8:14:22,160
5/27/22,8:24:22,160
5/27/22,8:34:22,160
5/27/22,8:44:22,160
5/27/22,8:54:22,160
5/27/22,9:04:22,160
5/27/22,9:14:22,6.19
5/27/22,9:24:22,59.225
5/27/22,9:34:22,16.73
5/27/22,9:44:22,62.2
5/27/22,9:54:22,66.545
5/27/22,10:04:22,63.655
5/27/22,10:14:22,65.27
5/27/22,10:24:22,69.73
5/27/22,10:34:22,17.845
5/27/22,10:44:22,19.425
5/27/22,10:54:22,21.505
5/27/22,11:04:22,21.455
5/27/22,11:14:22,17.925
5/27/22,11:24:22,19.385
5/27/22,11:34:22,70.615
5/27/22,11:44:22,72.38
5/27/22,11:54:22,19.09
5/27/22,12:04:22,6.035
5/27/22,12:14:22,6.355
5/27/22,12:24:22,8.01
5/27/22,12:34:22,20.535
5/27/22,12:44:22,19.03
5/27/22,12:54:22,53.755
5/27/22,13:04:22,58.74
5/27/22,13:14:22,6.2
5/27/22,13:24:22,6.35
5/27/22,13:34:22,61.755
5/27/22,13:44:22,160
5/27/22,13:54:22,6.09
5/27/22,14:04:22,44.1
5/27/22,14:14:22,20.225
5/27/22,14:24:22,16.825
5/27/22,14:34:22,66.685
5/27/22,14:44:22,160
5/27/22,14:54:22,20.215
5/27/22,15:04:22,160
5/27/22,15:14:22,2
5/27/22,15:24:22,160
5/27/22,15:34:22,2.01
5/27/22,15:44:22,2.015
5/27/22,15:54:22,160
5/27/22,16:04:22,160
5/27/22,16:14:22,2.01
5/27/22,16:24:22,2.01
5/27/22,16:34:22,2.455
5/27/22,16:44:22,3.455
5/27/22,16:54:22,4.43
5/27/22,17:04:22,5.46
5/27/22,17:14:22,6.38
5/27/22,17:24:22,7.33
5/27/22,17:34:22,8.265
5/27/22,17:44:22,9.17
5/27/22,17:54:22,10.1
5/27/22,18:04:22,10.985
5/27/22,18:14:22,11.87
5/27/22,18:24:22,12.58
5/27/22,18:34:22,13.345
5/27/22,18:44:22,14.115
5/27/22,18:54:22,14.87
5/27/22,19:04:22,15.615
5/27/22,19:14:22,16.34
5/27/22,19:24:22,17.005
5/27/22,19:34:22,17.65
5/27/22,19:44:22,18.235
5/27/22,19:54:22,18.725
5/27/22,20:04:22,19.085
5/27/22,20:14:22,19.34
5/27/22,20:24:22,19.575
5/27/22,20:34:22,19.785
5/27/22,20:44:22,19.965
5/27/22,20:54:22,20.125
5/27/22,21:04:22,20.255
5/27/22,21:14:22,20.36
5/27/22,21:24:22,20.44
5/27/22,21:34:22,20.47
5/27/22,21:44:22,20.445
5/27/22,21:54:22,20.355
5/27/22,22:04:22,20.21
5/27/22,22:14:22,20.06
5/27/22,22:24:22,19.92
5/27/22,22:34:22,19.775
5/27/22,22:44:22,19.64
5/27/22,22:54:22,19.475
5/27/22,23:04:22,19.275
5/27/22,23:14:22,19.065
5/27/22,23:24:22,18.86
5/27/22,23:34:22,18.66
5/27/22,23:44:22,18.465
5/27/22,23:54:22,18.27
5/28/22,0:04:22,18.08
5/28/22,0:14:22,17.895
5/28/22,0:24:22,17.705
5/28/22,0:34:22,17.52
5/28/22,0:44:22,17.34
5/28/22,0:54:22,17.16
5/28/22,1:04:22,16.98
5/28/22,1:14:22,16.81
5/28/22,1:24:22,16.64
5/28/22,1:34:22,16.475
5/28/22,1:44:22,16.31
5/28/22,1:54:22,16.145
5/28/22,2:04:22,15.985
5/28/22,2:14:22,15.825
5/28/22,2:24:22,15.67
5/28/22,2:34:22,15.515
5/28/22,2:44:22,15.36
5/28/22,2:54:22,15.205
5/28/22,3:04:22,15.065
5/28/22,3:14:22,14.915
5/28/22,3:24:22,14.77
5/28/22,3:34:22,14.625
5/28/22,3:44:22,14.485
5/28/22,3:54:22,14.345
5/28/22,4:04:22,14.215
5/28/22,4:14:22,14.09
5/28/22,4:24:22,13.945
5/28/22,4:34:22,13.825
5/28/22,4:44:22,13.695
5/28/22,4:54:22,13.565
5/28/22,5:04:22,13.44
5/28/22,5:14:22,13.31
5/28/22,5:24:22,13.185
5/28/22,5:34:22,13.065
5/28/22,5:44:22,12.95
5/28/22,5:54:22,12.87
5/28/22,6:04:22,12.9
5/28/22,6:14:22,12.935
5/28/22,6:24:22,12.975
5/28/22,6:34:22,13.01
5/28/22,6:44:22,13.18
5/28/22,6:54:22,13.585
5/28/22,7:04:22,14.05
5/28/22,7:14:22,14.565
5/28/22,7:24:22,15.355
5/28/22,7:34:22,16.105
5/28/22,7:44:22,160
5/28/22,7:54:22,160
5/28/22,8:04:22,160
5/28/22,8:14:22,160
5/28/22,8:24:22,160
5/28/22,8:34:22,5.91
5/28/22,8:44:22,160
5/28/22,8:54:22,6
5/28/22,9:04:22,160
5/28/22,9:14:22,160
5/28/22,9:24:22,28.32
5/28/22,9:34:22,42.03
5/28/22,9:44:22,61.78
5/28/22,9:54:22,18.745
5/28/22,10:04:22,6.625
5/28/22,10:14:22,18.855
5/28/22,10:24:22,160
5/28/22,10:34:22,160
5/28/22,10:44:22,20.555
5/28/22,10:54:22,160
5/28/22,11:04:22,5.985
5/28/22,11:14:22,19.495
5/28/22,11:24:22,6.38
5/28/22,11:34:22,18.04
5/28/22,11:44:22,22.285
5/28/22,11:54:22,160
5/28/22,12:04:22,160
5/28/22,12:14:22,160
5/28/22,12:24:22,160
5/28/22,12:34:22,160
5/28/22,12:44:22,6.045
5/28/22,12:54:22,160
5/28/22,13:04:22,6.36
5/28/22,13:14:22,160
5/28/22,13:24:22,56.63
5/28/22,13:34:22,9.67
5/28/22,13:44:22,8.14
5/28/22,13:54:22,6.23
5/28/22,14:04:22,160
5/28/22,14:14:22,160
5/28/22,14:24:22,160
5/28/22,14:34:22,160
5/28/22,14:44:22,160
5/28/22,14:54:22,160
5/28/22,15:04:22,5.92
5/28/22,15:14:22,5.18
5/28/22,15:24:22,160
5/28/22,15:34:22,160
5/28/22,15:44:22,5.37
5/28/22,15:54:22,6.145
5/28/22,16:04:22,6.985
5/28/22,16:14:22,7.82
5/28/22,16:24:22,8.66
5/28/22,16:34:22,9.485
5/28/22,16:44:22,10.295
5/28/22,16:54:22,11.13
5/28/22,17:04:22,11.96
5/28/22,17:14:22,12.755
5/28/22,17:24:22,160
5/28/22,17:34:22,16.235
5/28/22,17:44:22,16.84
5/28/22,17:54:22,17.525
5/28/22,18:04:22,18.19
5/28/22,18:14:22,18.895
5/28/22,18:24:22,19.57
5/28/22,18:34:22,20.22
5/28/22,18:44:22,20.815
5/28/22,18:54:22,21.365
5/28/22,19:04:22,21.905
5/28/22,19:14:22,22.335
5/28/22,19:24:22,22.705
5/28/22,19:34:22,22.905
5/28/22,19:44:22,22.91
5/28/22,19:54:22,22.83
5/28/22,20:04:22,22.67
5/28/22,20:14:22,22.445
5/28/22,20:24:22,22.225
5/28/22,20:34:22,21.985
5/28/22,20:44:22,21.695
5/28/22,20:54:22,21.355
5/28/22,21:04:22,21.025
5/28/22,21:14:22,20.695
5/28/22,21:24:22,20.385
5/28/22,21:34:22,20.065
5/28/22,21:44:22,19.76
5/28/22,21:54:22,19.46
5/28/22,22:04:22,19.17
5/28/22,22:14:22,18.89
5/28/22,22:24:22,18.61
5/28/22,22:34:22,18.335
5/28/22,22:44:22,18.07
5/28/22,22:54:22,17.8
5/28/22,23:04:22,17.545
5/28/22,23:14:22,17.285
5/28/22,23:24:22,17.025
5/28/22,23:34:22,16.775
5/28/22,23:44:22,16.52
5/28/22,23:54:22,16.28
5/29/22,0:04:22,16.035
5/29/22,0:14:22,15.8
5/29/22,0:24:22,15.565
5/29/22,0:34:22,15.335
5/29/22,0:44:22,15.115
5/29/22,0:54:22,14.89
5/29/22,1:04:22,14.67
5/29/22,1:14:22,14.46
5/29/22,1:24:22,14.25
5/29/22,1:34:22,14.04
5/29/22,1:44:22,13.835
5/29/22,1:54:22,13.645
5/29/22,2:04:22,13.455
5/29/22,2:14:22,13.27
5/29/22,2:24:22,13.1
5/29/22,2:34:22,12.93
5/29/22,2:44:22,12.78
5/29/22,2:54:22,12.63
5/29/22,3:04:22,12.49
5/29/22,3:14:22,12.36
5/29/22,3:24:22,12.23
5/29/22,3:34:22,12.105
5/29/22,3:44:22,11.99
5/29/22,3:54:22,11.855
5/29/22,4:04:22,11.74
5/29/22,4:14:22,11.61
5/29/22,4:24:22,11.49
5/29/22,4:34:22,11.365
5/29/22,4:44:22,11.245
5/29/22,4:54:22,11.12
5/29/22,5:04:22,11
5/29/22,5:14:22,10.885
5/29/22,5:24:22,10.765
5/29/22,5:34:22,10.65
5/29/22,5:44:22,10.525
5/29/22,5:54:22,10.37
5/29/22,6:04:22,10.22
5/29/22,6:14:22,10.075
5/29/22,6:24:22,9.905
5/29/22,6:34:22,9.835
5/29/22,6:44:22,9.79
5/29/22,6:54:22,9.845
5/29/22,7:04:22,10.08
5/29/22,7:14:22,10.34
5/29/22,7:24:22,10.695
5/29/22,7:34:22,11.215
5/29/22,7:44:22,160
5/29/22,7:54:22,160
5/29/22,8:04:22,160
5/29/22,8:14:22,160
5/29/22,8:24:22,160
5/29/22,8:34:22,6.65
5/29/22,8:44:22,160
5/29/22,8:54:22,160
5/29/22,9:04:22,17.885
5/29/22,9:14:22,7.03
5/29/22,9:24:22,19.105
5/29/22,9:34:22,47.64
5/29/22,9:44:22,55.07
5/29/22,9:54:22,60.31
5/29/22,10:04:22,60.25
5/29/22,10:14:22,60.175
5/29/22,10:24:22,61.405
5/29/22,10:34:22,60.79
5/29/22,10:44:22,63.34
5/29/22,10:54:22,67.88
5/29/22,11:04:22,19.585
5/29/22,11:14:22,18.33
5/29/22,11:24:22,19.935
5/29/22,11:34:22,2.01
5/29/22,11:44:22,19.91
5/29/22,11:54:22,62.13
5/29/22,12:04:22,160
5/29/22,12:14:22,7.285
5/29/22,12:24:22,160
5/29/22,12:34:22,19.18
5/29/22,12:44:22,20.13
5/29/22,12:54:22,19.14
5/29/22,13:04:22,18.675
5/29/22,13:14:22,160
5/29/22,13:24:22,6.52
5/29/22,13:34:22,2.02
5/29/22,13:44:22,2.015
5/29/22,13:54:22,2.54
5/29/22,14:04:22,3.29
5/29/22,14:14:22,4.01
5/29/22,14:24:22,4.89
5/29/22,14:34:22,2.01
5/29/22,14:44:22,5.89
5/29/22,14:54:22,160
5/29/22,15:04:22,160
5/29/22,15:14:22,160
5/29/22,15:24:22,160
5/29/22,15:34:22,160
5/29/22,15:44:22,2.005
5/29/22,15:54:22,2.005
5/29/22,16:04:22,2.01
5/29/22,16:14:22,160
5/29/22,16:24:22,3.405
5/29/22,16:34:22,4.385
5/29/22,16:44:22,5.345
5/29/22,16:54:22,6.23
5/29/22,17:04:22,7.115
5/29/22,17:14:22,7.985
5/29/22,17:24:22,8.85
5/29/22,17:34:22,9.665
5/29/22,17:44:22,10.395
5/29/22,17:54:22,11.02
5/29/22,18:04:22,11.68
5/29/22,18:14:22,12.335
5/29/22,18:24:22,12.97
5/29/22,18:34:22,13.57
5/29/22,18:44:22,14.115
5/29/22,18:54:22,14.63
5/29/22,19:04:22,15.09
5/29/22,19:14:22,15.475
5/29/22,19:24:22,15.73
5/29/22,19:34:22,15.905
5/29/22,19:44:22,16.025
5/29/22,19:54:22,16.135
5/29/22,20:04:22,16.205
5/29/22,20:14:22,16.26
5/29/22,20:24:22,16.285
5/29/22,20:34:22,16.27
5/29/22,20:44:22,16.235
5/29/22,20:54:22,16.185
5/29/22,21:04:22,16.135
5/29/22,21:14:22,16.035
5/29/22,21:24:22,15.935
5/29/22,21:34:22,15.865
5/29/22,21:44:22,15.775
5/29/22,21:54:22,15.63
5/29/22,22:04:22,15.465
5/29/22,22:14:22,15.28
5/29/22,22:24:22,15.085
5/29/22,22:34:22,14.875
5/29/22,22:44:22,14.635
5/29/22,22:54:22,14.45
5/29/22,23:04:22,14.23
5/29/22,23:14:22,14
5/29/22,23:24:22,13.785
5/29/22,23:34:22,13.655
5/29/22,23:44:22,13.54
5/29/22,23:54:22,13.405
5/30/22,0:04:22,13.21
5/30/22,0:14:22,13.06
5/30/22,0:24:22,12.92
5/30/22,0:34:22,12.78
5/30/22,0:44:22,12.64
5/30/22,0:54:22,12.53
5/30/22,1:04:22,12.415
5/30/22,1:14:22,12.31
5/30/22,1:24:22,12.19
5/30/22,1:34:22,12.08
5/30/22,1:44:22,11.965
5/30/22,1:54:22,11.835
5/30/22,2:04:22,11.71
5/30/22,2:14:22,11.58
5/30/22,2:24:22,11.45
5/30/22,2:34:22,11.32
5/30/22,2:44:22,11.185
5/30/22,2:54:22,11.06
5/30/22,3:04:22,10.935
5/30/22,3:14:22,10.815
5/30/22,3:24:22,10.695
5/30/22,3:34:22,10.575
5/30/22,3:44:22,10.455
5/30/22,3:54:22,10.34
5/30/22,4:04:22,10.225
5/30/22,4:14:22,10.105
5/30/22,4:24:22,9.95
5/30/22,4:34:22,9.75
5/30/22,4:44:22,9.615
5/30/22,4:54:22,9.545
5/30/22,5:04:22,9.395
5/30/22,5:14:22,9.305
5/30/22,5:24:22,9.225
5/30/22,5:34:22,9.145
5/30/22,5:44:22,9.065
5/30/22,5:54:22,9.055
5/30/22,6:04:22,9.16
5/30/22,6:14:22,9.305
5/30/22,6:24:22,9.685
5/30/22,6:34:22,10.02
5/30/22,6:44:22,10.5
5/30/22,6:54:22,10.72
5/30/22,7:04:22,11.125
5/30/22,7:14:22,12.035
5/30/22,7:24:22,10.095
5/30/22,7:34:22,160
5/30/22,7:44:22,160
5/30/22,7:54:22,160
5/30/22,8:04:22,160
5/30/22,8:14:22,160
5/30/22,8:24:22,160
5/30/22,8:34:22,160
5/30/22,8:44:22,1.995
5/30/22,8:54:22,160
5/30/22,9:04:22,5.805
5/30/22,9:14:22,160
5/30/22,9:24:22,33.24
5/30/22,9:34:22,6.025
5/30/22,9:44:22,5.77
5/30/22,9:54:22,40.385
5/30/22,10:04:22,45.865
5/30/22,10:14:22,55.07
5/30/22,10:24:22,52.97
5/30/22,10:34:22,54.22
5/30/22,10:44:22,56.025
5/30/22,10:54:22,57.9
5/30/22,11:04:22,59.115
5/30/22,11:14:22,61.44
5/30/22,11:24:22,61.59
5/30/22,11:34:22,59.295
5/30/22,11:44:22,59.885
5/30/22,11:54:22,44.65
5/30/22,12:04:22,60.905
5/30/22,12:14:22,19.91
5/30/22,12:24:22,19.56
5/30/22,12:34:22,6.28
5/30/22,12:44:22,57.79
5/30/22,12:54:22,67.8
5/30/22,13:04:22,65.235
5/30/22,13:14:22,64.85
5/30/22,13:24:22,16.905
5/30/22,13:34:22,58.72
5/30/22,13:44:22,64.515
5/30/22,13:54:22,65.41
5/30/22,14:04:22,70.055
5/30/22,14:14:22,65.695
5/30/22,14:24:22,60.77
5/30/22,14:34:22,6.95
5/30/22,14:44:22,53.365
5/30/22,14:54:22,20.45
5/30/22,15:04:22,160
5/30/22,15:14:22,160
5/30/22,15:24:22,160
5/30/22,15:34:22,8.355
5/30/22,15:44:22,1.995
5/30/22,15:54:22,1.995
5/30/22,16:04:22,2.01
5/30/22,16:14:22,18.4
5/30/22,16:24:22,2.005
5/30/22,16:34:22,19.08
5/30/22,16:44:22,2.005
5/30/22,16:54:22,60.29
5/30/22,17:04:22,63.465
5/30/22,17:14:22,62.29
5/30/22,17:24:22,35.175
5/30/22,17:34:22,35.825
5/30/22,17:44:22,36.4
5/30/22,17:54:22,36.95
5/30/22,18:04:22,37.485
5/30/22,18:14:22,37.965
5/30/22,18:24:22,38.465
5/30/22,18:34:22,38.96
5/30/22,18:44:22,39.395
5/30/22,18:54:22,39.53
5/30/22,19:04:22,39.73
5/30/22,19:14:22,39.98
5/30/22,19:24:22,40.275
5/30/22,19:34:22,40.6
5/30/22,19:44:22,40.935
5/30/22,19:54:22,41.275
5/30/22,20:04:22,41.61
5/30/22,20:14:22,41.89
5/30/22,20:24:22,42.2
5/30/22,20:34:22,42.49
5/30/22,20:44:22,42.735
5/30/22,20:54:22,42.935
5/30/22,21:04:22,43.065
5/30/22,21:14:22,43.055
5/30/22,21:24:22,42.955
5/30/22,21:34:22,42.805
5/30/22,21:44:22,42.57
5/30/22,21:54:22,42.25
5/30/22,22:04:22,41.82
5/30/22,22:14:22,41.295
5/30/22,22:24:22,40.76
5/30/22,22:34:22,40.235
5/30/22,22:44:22,39.72
5/30/22,22:54:22,39.215
5/30/22,23:04:22,38.72
5/30/22,23:14:22,38.245
5/30/22,23:24:22,37.79
5/30/22,23:34:22,37.35
5/30/22,23:44:22,36.925
5/30/22,23:54:22,36.505
5/31/22,0:04:22,36.095
5/31/22,0:14:22,35.695
5/31/22,0:24:22,35.285
5/31/22,0:34:22,34.89
5/31/22,0:44:22,34.505
5/31/22,0:54:22,34.13
5/31/22,1:04:22,33.755
5/31/22,1:14:22,33.39
5/31/22,1:24:22,33.03
5/31/22,1:34:22,32.68
5/31/22,1:44:22,32.335
5/31/22,1:54:22,32
5/31/22,2:04:22,31.68
5/31/22,2:14:22,31.365
5/31/22,2:24:22,31.055
5/31/22,2:34:22,30.74
5/31/22,2:44:22,30.435
5/31/22,2:54:22,30.13
5/31/22,3:04:22,29.825
5/31/22,3:14:22,29.51
5/31/22,3:24:22,29.2
5/31/22,3:34:22,28.88
5/31/22,3:44:22,28.565
5/31/22,3:54:22,28.24
5/31/22,4:04:22,27.915
5/31/22,4:14:22,27.575
5/31/22,4:24:22,27.235
5/31/22,4:34:22,26.885
5/31/22,4:44:22,26.53
5/31/22,4:54:22,26.175
5/31/22,5:04:22,25.82
5/31/22,5:14:22,25.46
5/31/22,5:24:22,25.095
5/31/22,5:34:22,24.735
5/31/22,5:44:22,24.4
5/31/22,5:54:22,24.1
5/31/22,6:04:22,23.855
5/31/22,6:14:22,23.685
5/31/22,6:24:22,23.6
5/31/22,6:34:22,23.865
5/31/22,6:44:22,24.16
5/31/22,6:54:22,24.505
5/31/22,7:04:22,25.03
5/31/22,7:14:22,25.32
5/31/22,7:24:22,160
5/31/22,7:34:22,1.845
5/31/22,7:44:22,1.925
5/31/22,7:54:22,1.89
5/31/22,8:04:22,1.89
5/31/22,8:14:22,160
5/31/22,8:24:22,160
5/31/22,8:34:22,160
5/31/22,8:44:22,160
5/31/22,8:54:22,160
5/31/22,9:04:22,1.96
5/31/22,9:14:22,1.995
5/31/22,9:24:22,160
5/31/22,9:34:22,160
5/31/22,9:44:22,160
5/31/22,9:54:22,34.985
5/31/22,10:04:22,28.76
5/31/22,10:14:22,33.33
5/31/22,10:24:22,53.82
5/31/22,10:34:22,16.025
5/31/22,10:44:22,23.085
5/31/22,10:54:22,44.475
5/31/22,11:04:22,22.11
5/31/22,11:14:22,32.79
5/31/22,11:24:22,160
5/31/22,11:34:22,-0.02
5/31/22,11:44:22,0.005
5/31/22,11:54:22,0.025
5/31/22,12:04:22,0.005
5/31/22,12:14:22,0